city,date,alpha,iter,vt_labors,extra_time,dist,successful_iters,duration_s
149,2026-11-11,0.3,150,109,364.3,456.61,150,6.7
149,2026-11-11,0.3,350,110,338.7,436.47,250,6.7
149,2026-11-11,0.3,550,110,338.7,436.47,250,6.7
149,2026-11-11,0.3,750,110,338.7,436.47,250,6.7
149,2026-11-11,0.3,150,43,136.5,171.9,150,2.9
149,2026-11-11,0.3,350,43,136.5,171.9,250,2.9
149,2026-11-11,0.3,550,43,136.5,171.9,250,2.9
149,2026-11-11,0.3,750,43,136.5,171.9,250,2.9
149,2026-11-11,0.3,150,39,104.8,130.38,150,2.7
149,2026-11-11,0.3,350,39,104.8,130.38,250,2.7
149,2026-11-11,0.3,550,39,104.8,130.38,250,2.7
149,2026-11-11,0.3,750,39,104.8,130.38,250,2.7
149,2026-11-11,0.3,150,38,157.9,139.06,150,2.7
149,2026-11-11,0.3,350,38,191.1,138.94,250,2.7
149,2026-11-11,0.3,550,38,191.1,138.94,250,2.7
149,2026-11-11,0.3,750,38,191.1,138.94,250,2.7
149,2026-11-11,0.3,150,31,249.1,118.72,150,2.4
149,2026-11-11,0.3,350,31,185.7,112.41,250,2.4
149,2026-11-11,0.3,550,31,185.7,112.41,250,2.4
149,2026-11-11,0.3,750,31,185.7,112.41,250,2.4
149,2026-11-11,0.3,150,32,204.7,116.62,150,2.5
149,2026-11-11,0.3,350,32,204.7,116.62,250,2.5
149,2026-11-11,0.3,550,32,204.7,116.62,250,2.5
149,2026-11-11,0.3,750,32,204.7,116.62,250,2.5
149,2026-11-11,0.3,150,25,215.1,85.3,150,2.3
149,2026-11-11,0.3,350,25,247.0,83.3,250,2.3
149,2026-11-11,0.3,550,25,247.0,83.3,250,2.3
149,2026-11-11,0.3,750,25,247.0,83.3,250,2.3
149,2026-11-11,0.3,150,133,2030.5,513.07,150,5.6
149,2026-11-11,0.3,350,133,2071.6,506.39,250,5.6
149,2026-11-11,0.3,550,133,2071.6,506.39,250,5.6
149,2026-11-11,0.3,750,133,2071.6,506.39,250,5.6
149,2026-11-11,0.3,150,78,177.1,282.01,150,3.9
149,2026-11-11,0.3,350,78,177.1,282.01,250,3.9
149,2026-11-11,0.3,550,78,177.1,282.01,250,3.9
149,2026-11-11,0.3,750,78,177.1,282.01,250,3.9
149,2026-11-11,0.3,150,74,268.7,259.4,150,3.8
149,2026-11-11,0.3,350,74,268.7,259.4,250,3.8
149,2026-11-11,0.3,550,74,268.7,259.4,250,3.8
149,2026-11-11,0.3,750,74,268.7,259.4,250,3.8
149,2026-11-11,0.3,150,58,209.0,231.39,150,3.4
149,2026-11-11,0.3,350,58,209.0,231.39,250,3.4
149,2026-11-11,0.3,550,58,209.0,231.39,250,3.4
149,2026-11-11,0.3,750,58,209.0,231.39,250,3.4
149,2026-11-11,0.3,150,54,255.1,225.74,150,3.3
149,2026-11-11,0.3,350,54,255.1,225.74,250,3.3
149,2026-11-11,0.3,550,54,255.1,225.74,250,3.3
149,2026-11-11,0.3,750,54,255.1,225.74,250,3.3
149,2026-11-11,0.3,150,46,208.5,175.37,150,3.1
149,2026-11-11,0.3,350,46,208.5,175.37,250,3.1
149,2026-11-11,0.3,550,46,208.5,175.37,250,3.1
149,2026-11-11,0.3,750,46,208.5,175.37,250,3.1
149,2026-11-11,0.3,150,46,378.4,184.0,150,3.1
149,2026-11-11,0.3,350,46,378.4,184.0,250,3.1
149,2026-11-11,0.3,550,46,378.4,184.0,250,3.1
149,2026-11-11,0.3,750,46,378.4,184.0,250,3.1
149,2026-11-11,0.3,150,41,214.5,151.41,150,3.0
149,2026-11-11,0.3,350,41,214.5,151.41,250,3.0
149,2026-11-11,0.3,550,41,214.5,151.41,250,3.0
149,2026-11-11,0.3,750,41,214.5,151.41,250,3.0
149,2026-11-11,0.3,150,42,220.4,152.58,150,3.0
149,2026-11-11,0.3,350,42,220.4,152.58,250,3.0
149,2026-11-11,0.3,550,42,220.4,152.58,250,3.0
149,2026-11-11,0.3,750,42,220.4,152.58,250,3.0
149,2026-11-11,0.3,150,38,314.3,140.06,150,2.9
149,2026-11-11,0.3,350,38,314.3,140.06,250,2.9
149,2026-11-11,0.3,550,38,314.3,140.06,250,2.9
149,2026-11-11,0.3,750,38,314.3,140.06,250,2.9
149,2026-11-11,0.3,150,37,283.8,142.36,150,2.9
149,2026-11-11,0.3,350,37,283.8,142.36,250,2.9
149,2026-11-11,0.3,550,37,283.8,142.36,250,2.9
149,2026-11-11,0.3,750,37,283.8,142.36,250,2.9
149,2026-11-11,0.3,150,35,367.6,137.55,150,2.9
149,2026-11-11,0.3,350,35,367.6,137.55,250,2.9
149,2026-11-11,0.3,550,35,367.6,137.55,250,2.9
149,2026-11-11,0.3,750,35,367.6,137.55,250,2.9
149,2026-11-11,0.3,150,123,805.2,437.47,150,6.2
149,2026-11-11,0.3,350,123,805.2,437.47,250,6.2
149,2026-11-11,0.3,550,123,805.2,437.47,250,6.2
149,2026-11-11,0.3,750,123,805.2,437.47,250,6.2
149,2026-11-11,0.3,150,116,519.7,424.26,150,6.0
149,2026-11-11,0.3,350,116,519.7,424.26,250,6.0
149,2026-11-11,0.3,550,116,519.7,424.26,250,6.0
149,2026-11-11,0.3,750,116,519.7,424.26,250,6.0
149,2026-11-11,0.3,150,112,328.8,410.45,150,6.0
149,2026-11-11,0.3,350,112,328.8,410.45,250,6.0
149,2026-11-11,0.3,550,112,328.8,410.45,250,6.0
149,2026-11-11,0.3,750,112,328.8,410.45,250,6.0
149,2026-11-11,0.3,150,98,369.6,372.04,150,5.5
149,2026-11-11,0.3,350,98,338.1,369.23,250,5.5
149,2026-11-11,0.3,550,98,338.1,369.23,250,5.5
149,2026-11-11,0.3,750,98,338.1,369.23,250,5.5
149,2026-11-11,0.3,150,79,374.4,316.58,150,4.8
149,2026-11-11,0.3,350,79,374.4,316.58,250,4.8
149,2026-11-11,0.3,550,79,374.4,316.58,250,4.8
149,2026-11-11,0.3,750,79,374.4,316.58,250,4.8
149,2026-11-11,0.3,150,80,387.5,318.52,150,4.9
149,2026-11-11,0.3,350,80,387.5,318.52,250,4.9
149,2026-11-11,0.3,550,80,387.5,318.52,250,4.9
149,2026-11-11,0.3,750,80,387.5,318.52,250,4.9
149,2026-11-11,0.3,150,79,375.4,307.48,150,4.9
149,2026-11-11,0.3,350,79,375.4,307.48,250,4.9
149,2026-11-11,0.3,550,79,375.4,307.48,250,4.9
149,2026-11-11,0.3,750,79,375.4,307.48,250,4.9
149,2026-11-11,0.3,150,64,387.6,290.93,150,4.4
149,2026-11-11,0.3,350,64,291.6,290.82,250,4.4
149,2026-11-11,0.3,550,64,291.6,290.82,250,4.4
149,2026-11-11,0.3,750,64,291.6,290.82,250,4.4
149,2026-11-11,0.3,150,53,418.0,226.17,150,4.0
149,2026-11-11,0.3,350,53,422.6,221.09,250,4.0
149,2026-11-11,0.3,550,53,422.6,221.09,250,4.0
149,2026-11-11,0.3,750,53,422.6,221.09,250,4.0
149,2026-11-11,0.3,150,52,377.1,228.82,150,3.9
149,2026-11-11,0.3,350,52,377.1,228.82,250,3.9
149,2026-11-11,0.3,550,52,377.1,228.82,250,3.9
149,2026-11-11,0.3,750,52,377.1,228.82,250,3.9
149,2026-11-11,0.3,150,29,408.8,140.88,150,3.0
149,2026-11-11,0.3,350,29,411.9,140.5,250,3.0
149,2026-11-11,0.3,550,29,411.9,140.5,250,3.0
149,2026-11-11,0.3,750,29,411.9,140.5,250,3.0
149,2026-11-11,0.3,150,117,436.9,454.91,150,6.5
149,2026-11-11,0.3,350,117,436.9,454.91,250,6.5
149,2026-11-11,0.3,550,117,436.9,454.91,250,6.5
149,2026-11-11,0.3,750,117,436.9,454.91,250,6.5
149,2026-11-11,0.3,150,110,443.4,409.63,150,4.7
149,2026-11-11,0.3,350,110,443.4,409.63,250,4.7
149,2026-11-11,0.3,550,110,443.4,409.63,250,4.7
149,2026-11-11,0.3,750,110,443.4,409.63,250,4.7
149,2026-11-11,0.3,150,101,471.9,412.07,150,4.5
149,2026-11-11,0.3,350,101,492.6,411.73,250,4.5
149,2026-11-11,0.3,550,101,492.6,411.73,250,4.5
149,2026-11-11,0.3,750,101,492.6,411.73,250,4.5
149,2026-11-11,0.3,150,97,537.5,381.31,150,4.4
149,2026-11-11,0.3,350,97,537.5,381.31,250,4.4
149,2026-11-11,0.3,550,97,537.5,381.31,250,4.4
149,2026-11-11,0.3,750,97,537.5,381.31,250,4.4
149,2026-11-11,0.3,150,79,498.8,356.6,150,3.9
149,2026-11-11,0.3,350,79,568.7,354.31,250,3.9
149,2026-11-11,0.3,550,79,568.7,354.31,250,3.9
149,2026-11-11,0.3,750,79,568.7,354.31,250,3.9
149,2026-11-11,0.3,150,50,540.2,235.21,150,3.0
149,2026-11-11,0.3,350,50,536.2,229.54,250,3.0
149,2026-11-11,0.3,550,50,536.2,229.54,250,3.0
149,2026-11-11,0.3,750,50,536.2,229.54,250,3.0
149,2026-11-11,0.3,150,36,558.7,171.88,150,2.6
149,2026-11-11,0.3,350,36,558.7,171.88,250,2.6
149,2026-11-11,0.3,550,36,558.7,171.88,250,2.6
149,2026-11-11,0.3,750,36,558.7,171.88,250,2.6
149,2026-11-11,0.3,150,122,579.3,478.55,150,5.1
149,2026-11-11,0.3,350,122,615.3,462.39,250,5.1
149,2026-11-11,0.3,550,122,615.3,462.39,250,5.1
149,2026-11-11,0.3,750,122,615.3,462.39,250,5.1
149,2026-11-11,0.3,150,123,577.2,479.28,150,5.2
149,2026-11-11,0.3,350,123,577.2,479.28,250,5.2
149,2026-11-11,0.3,550,123,577.2,479.28,250,5.2
149,2026-11-11,0.3,750,123,577.2,479.28,250,5.2
149,2026-11-11,0.3,150,121,576.0,484.32,150,5.2
149,2026-11-11,0.3,350,121,576.0,484.32,250,5.2
149,2026-11-11,0.3,550,121,576.0,484.32,250,5.2
149,2026-11-11,0.3,750,121,576.0,484.32,250,5.2
149,2026-11-11,0.3,150,106,590.8,435.54,150,4.8
149,2026-11-11,0.3,350,106,590.8,435.54,250,4.8
149,2026-11-11,0.3,550,106,590.8,435.54,250,4.8
149,2026-11-11,0.3,750,106,590.8,435.54,250,4.8
149,2026-11-11,0.3,150,84,654.2,374.61,150,4.2
149,2026-11-11,0.3,350,84,654.2,374.61,250,4.2
149,2026-11-11,0.3,550,84,654.2,374.61,250,4.2
149,2026-11-11,0.3,750,84,654.2,374.61,250,4.2
149,2026-11-11,0.3,150,68,611.7,274.56,150,3.8
149,2026-11-11,0.3,350,68,583.6,273.55,250,3.8
149,2026-11-11,0.3,550,68,583.6,273.55,250,3.8
149,2026-11-11,0.3,750,68,583.6,273.55,250,3.8
149,2026-11-11,0.3,150,66,586.6,283.1,150,3.8
149,2026-11-11,0.3,350,66,586.6,283.1,250,3.8
149,2026-11-11,0.3,550,66,586.6,283.1,250,3.8
149,2026-11-11,0.3,750,66,586.6,283.1,250,3.8
149,2026-11-11,0.3,150,63,608.9,271.56,150,3.8
149,2026-11-11,0.3,350,63,608.9,271.56,250,3.8
149,2026-11-11,0.3,550,63,608.9,271.56,250,3.8
149,2026-11-11,0.3,750,63,608.9,271.56,250,3.8
149,2026-11-11,0.3,150,55,685.3,249.31,150,3.5
149,2026-11-11,0.3,350,55,685.3,249.31,250,3.5
149,2026-11-11,0.3,550,55,685.3,249.31,250,3.5
149,2026-11-11,0.3,750,55,685.3,249.31,250,3.5
149,2026-11-11,0.3,150,144,1161.7,608.78,150,6.8
149,2026-11-11,0.3,350,146,1209.7,606.61,250,6.8
149,2026-11-11,0.3,550,146,1209.7,606.61,250,6.8
149,2026-11-11,0.3,750,146,1209.7,606.61,250,6.8
149,2026-11-11,0.3,150,143,1039.1,580.83,150,6.8
149,2026-11-11,0.3,350,143,1039.1,580.83,250,6.8
149,2026-11-11,0.3,550,143,1039.1,580.83,250,6.8
149,2026-11-11,0.3,750,143,1039.1,580.83,250,6.8
149,2026-11-11,0.3,150,132,655.8,524.35,150,6.5
149,2026-11-11,0.3,350,132,655.8,524.35,250,6.5
149,2026-11-11,0.3,550,132,655.8,524.35,250,6.5
149,2026-11-11,0.3,750,132,655.8,524.35,250,6.5
149,2026-11-11,0.3,150,124,550.7,506.17,150,6.4
149,2026-11-11,0.3,350,125,610.5,497.05,250,6.4
149,2026-11-11,0.3,550,125,610.5,497.05,250,6.4
149,2026-11-11,0.3,750,125,610.5,497.05,250,6.4
149,2026-11-11,0.3,150,113,664.0,485.44,150,6.0
149,2026-11-11,0.3,350,113,664.0,485.44,250,6.0
149,2026-11-11,0.3,550,113,664.0,485.44,250,6.0
149,2026-11-11,0.3,750,113,664.0,485.44,250,6.0
149,2026-11-11,0.3,150,100,599.6,445.29,150,5.7
149,2026-11-11,0.3,350,101,623.0,440.53,250,5.7
149,2026-11-11,0.3,550,101,623.0,440.53,250,5.7
149,2026-11-11,0.3,750,101,623.0,440.53,250,5.7
149,2026-11-11,0.3,150,92,547.8,414.14,150,5.3
149,2026-11-11,0.3,350,92,576.2,411.26,250,5.3
149,2026-11-11,0.3,550,92,576.2,411.26,250,5.3
149,2026-11-11,0.3,750,92,576.2,411.26,250,5.3
149,2026-11-11,0.3,150,90,631.8,402.15,150,5.4
149,2026-11-11,0.3,350,91,599.3,380.72,250,5.4
149,2026-11-11,0.3,550,91,599.3,380.72,250,5.4
149,2026-11-11,0.3,750,91,599.3,380.72,250,5.4
149,2026-11-11,0.3,150,66,473.9,314.83,150,4.5
149,2026-11-11,0.3,350,68,566.8,312.5,250,4.5
149,2026-11-11,0.3,550,68,566.8,312.5,250,4.5
149,2026-11-11,0.3,750,68,566.8,312.5,250,4.5
149,2026-11-11,0.3,150,58,548.7,231.62,150,4.2
149,2026-11-11,0.3,350,58,548.7,231.62,250,4.2
149,2026-11-11,0.3,550,58,548.7,231.62,250,4.2
149,2026-11-11,0.3,750,58,548.7,231.62,250,4.2
149,2026-11-11,0.3,150,41,483.2,142.57,150,3.5
149,2026-11-11,0.3,350,41,540.5,142.15,250,3.5
149,2026-11-11,0.3,550,41,540.5,142.15,250,3.5
149,2026-11-11,0.3,750,41,540.5,142.15,250,3.5
149,2026-11-11,0.3,150,39,614.1,154.37,150,3.4
149,2026-11-11,0.3,350,39,574.6,141.29,250,3.4
149,2026-11-11,0.3,550,39,574.6,141.29,250,3.4
149,2026-11-11,0.3,750,39,574.6,141.29,250,3.4
149,2026-11-11,0.3,150,38,720.0,149.72,150,3.3
149,2026-11-11,0.3,350,38,706.4,147.77,250,3.3
149,2026-11-11,0.3,550,38,706.4,147.77,250,3.3
149,2026-11-11,0.3,750,38,706.4,147.77,250,3.3
149,2026-11-11,0.3,150,172,2545.6,637.22,150,8.9
149,2026-11-11,0.3,350,172,2545.6,637.22,250,8.9
149,2026-11-11,0.3,550,172,2545.6,637.22,250,8.9
149,2026-11-11,0.3,750,172,2545.6,637.22,250,8.9
149,2026-11-11,0.3,150,154,1419.3,592.02,150,8.3
149,2026-11-11,0.3,350,154,1390.6,561.52,250,8.3
149,2026-11-11,0.3,550,154,1390.6,561.52,250,8.3
149,2026-11-11,0.3,750,154,1390.6,561.52,250,8.3
149,2026-11-11,0.3,150,140,806.9,566.83,150,7.7
149,2026-11-11,0.3,350,140,806.9,566.83,250,7.7
149,2026-11-11,0.3,550,140,806.9,566.83,250,7.7
149,2026-11-11,0.3,750,140,806.9,566.83,250,7.7
149,2026-11-11,0.3,150,141,939.2,583.05,150,7.9
149,2026-11-11,0.3,350,141,868.1,582.71,250,7.9
149,2026-11-11,0.3,550,141,868.1,582.71,250,7.9
149,2026-11-11,0.3,750,141,868.1,582.71,250,7.9
149,2026-11-11,0.3,150,136,729.2,561.1,150,7.7
149,2026-11-11,0.3,350,136,729.2,561.1,250,7.7
149,2026-11-11,0.3,550,136,729.2,561.1,250,7.7
149,2026-11-11,0.3,750,136,729.2,561.1,250,7.7
149,2026-11-11,0.3,150,135,737.6,550.31,150,7.7
149,2026-11-11,0.3,350,135,737.6,550.31,250,7.7
149,2026-11-11,0.3,550,135,737.6,550.31,250,7.7
149,2026-11-11,0.3,750,135,737.6,550.31,250,7.7
149,2026-11-11,0.3,150,135,719.1,552.01,150,7.8
149,2026-11-11,0.3,350,135,719.1,552.01,250,7.8
149,2026-11-11,0.3,550,135,719.1,552.01,250,7.8
149,2026-11-11,0.3,750,135,719.1,552.01,250,7.8
149,2026-11-11,0.3,150,134,839.3,576.38,150,7.9
149,2026-11-11,0.3,350,134,839.3,576.38,250,7.9
149,2026-11-11,0.3,550,134,839.3,576.38,250,7.9
149,2026-11-11,0.3,750,134,839.3,576.38,250,7.9
149,2026-11-11,0.3,150,136,796.5,535.3,150,7.9
149,2026-11-11,0.3,350,136,796.5,535.3,250,7.9
149,2026-11-11,0.3,550,136,796.5,535.3,250,7.9
149,2026-11-11,0.3,750,136,796.5,535.3,250,7.9
149,2026-11-11,0.3,150,129,821.2,541.42,150,7.7
149,2026-11-11,0.3,350,129,821.2,541.42,250,7.7
149,2026-11-11,0.3,550,129,821.2,541.42,250,7.7
149,2026-11-11,0.3,750,129,821.2,541.42,250,7.7
149,2026-11-11,0.3,150,125,680.0,577.27,150,7.7
149,2026-11-11,0.3,350,126,720.0,575.97,250,7.7
149,2026-11-11,0.3,550,126,720.0,575.97,250,7.7
149,2026-11-11,0.3,750,126,720.0,575.97,250,7.7
149,2026-11-11,0.3,150,115,744.1,517.32,150,7.3
149,2026-11-11,0.3,350,113,589.8,508.03,250,7.3
149,2026-11-11,0.3,550,113,589.8,508.03,250,7.3
149,2026-11-11,0.3,750,113,589.8,508.03,250,7.3
149,2026-11-11,0.3,150,112,606.6,517.02,150,7.2
149,2026-11-11,0.3,350,112,606.6,517.02,250,7.2
149,2026-11-11,0.3,550,112,606.6,517.02,250,7.2
149,2026-11-11,0.3,750,112,606.6,517.02,250,7.2
149,2026-11-11,0.3,150,45,688.5,206.41,150,4.2
149,2026-11-11,0.3,350,45,662.5,196.32,250,4.2
149,2026-11-11,0.3,550,45,662.5,196.32,250,4.2
149,2026-11-11,0.3,750,45,662.5,196.32,250,4.2
149,2026-11-11,0.3,150,42,713.5,211.71,150,4.0
149,2026-11-11,0.3,350,42,704.6,208.99,250,4.0
149,2026-11-11,0.3,550,42,704.6,208.99,250,4.0
149,2026-11-11,0.3,750,42,704.6,208.99,250,4.0
149,2026-11-11,0.3,150,141,725.1,569.92,150,8.5
149,2026-11-11,0.3,350,141,725.1,569.92,250,8.5
149,2026-11-11,0.3,550,141,725.1,569.92,250,8.5
149,2026-11-11,0.3,750,141,725.1,569.92,250,8.5
149,2026-11-11,0.3,150,141,818.1,611.96,150,8.8
149,2026-11-11,0.3,350,140,877.3,606.42,250,8.8
149,2026-11-11,0.3,550,140,877.3,606.42,250,8.8
149,2026-11-11,0.3,750,140,877.3,606.42,250,8.8
149,2026-11-11,0.3,150,133,861.2,576.49,150,8.3
149,2026-11-11,0.3,350,133,861.2,576.49,250,8.3
149,2026-11-11,0.3,550,133,861.2,576.49,250,8.3
149,2026-11-11,0.3,750,133,861.2,576.49,250,8.3
149,2026-11-11,0.3,150,133,786.2,573.45,150,8.3
149,2026-11-11,0.3,350,133,786.2,573.45,250,8.3
149,2026-11-11,0.3,550,133,786.2,573.45,250,8.3
149,2026-11-11,0.3,750,133,786.2,573.45,250,8.3
149,2026-11-11,0.3,150,131,788.9,566.1,150,8.4
149,2026-11-11,0.3,350,132,844.8,559.12,250,8.4
149,2026-11-11,0.3,550,132,844.8,559.12,250,8.4
149,2026-11-11,0.3,750,132,844.8,559.12,250,8.4
149,2026-11-11,0.3,150,129,723.0,557.53,150,8.6
149,2026-11-11,0.3,350,129,723.0,557.53,250,8.6
149,2026-11-11,0.3,550,129,723.0,557.53,250,8.6
149,2026-11-11,0.3,750,129,723.0,557.53,250,8.6
149,2026-11-11,0.3,150,111,731.9,531.36,150,7.7
149,2026-11-11,0.3,350,111,755.8,516.86,250,7.7
149,2026-11-11,0.3,550,111,755.8,516.86,250,7.7
149,2026-11-11,0.3,750,111,755.8,516.86,250,7.7
149,2026-11-11,0.3,150,100,787.7,464.62,150,7.1
149,2026-11-11,0.3,350,100,787.7,464.62,250,7.1
149,2026-11-11,0.3,550,100,787.7,464.62,250,7.1
149,2026-11-11,0.3,750,100,787.7,464.62,250,7.1
149,2026-11-11,0.3,150,95,793.0,427.26,150,6.5
149,2026-11-11,0.3,350,95,759.2,416.23,250,6.5
149,2026-11-11,0.3,550,95,759.2,416.23,250,6.5
149,2026-11-11,0.3,750,95,759.2,416.23,250,6.5
149,2026-11-11,0.3,150,56,835.4,232.45,150,3.5
149,2026-11-11,0.3,350,56,835.4,232.45,250,3.5
149,2026-11-11,0.3,550,56,835.4,232.45,250,3.5
149,2026-11-11,0.3,750,56,835.4,232.45,250,3.5
149,2026-11-11,0.3,150,164,1419.1,679.88,150,6.8
149,2026-11-11,0.3,350,164,1419.1,679.88,250,6.8
149,2026-11-11,0.3,550,164,1419.1,679.88,250,6.8
149,2026-11-11,0.3,750,164,1419.1,679.88,250,6.8
149,2026-11-11,0.3,150,158,1120.2,680.55,150,6.4
149,2026-11-11,0.3,350,156,1098.0,671.74,250,6.4
149,2026-11-11,0.3,550,156,1098.0,671.74,250,6.4
149,2026-11-11,0.3,750,156,1098.0,671.74,250,6.4
149,2026-11-11,0.3,150,154,985.1,612.97,150,6.2
149,2026-11-11,0.3,350,154,985.1,612.97,250,6.2
149,2026-11-11,0.3,550,154,985.1,612.97,250,6.2
149,2026-11-11,0.3,750,154,985.1,612.97,250,6.2
149,2026-11-11,0.3,150,151,887.1,595.0,150,6.0
149,2026-11-11,0.3,350,151,887.1,595.0,250,6.0
149,2026-11-11,0.3,550,151,887.1,595.0,250,6.0
149,2026-11-11,0.3,750,151,887.1,595.0,250,6.0
149,2026-11-11,0.3,150,148,911.4,591.01,150,5.9
149,2026-11-11,0.3,350,148,911.4,591.01,250,5.9
149,2026-11-11,0.3,550,148,911.4,591.01,250,5.9
149,2026-11-11,0.3,750,148,911.4,591.01,250,5.9
149,2026-11-11,0.3,150,145,914.5,595.96,150,5.9
149,2026-11-11,0.3,350,145,914.5,595.96,250,5.9
149,2026-11-11,0.3,550,145,914.5,595.96,250,5.9
149,2026-11-11,0.3,750,145,914.5,595.96,250,5.9
149,2026-11-11,0.3,150,129,995.7,534.96,150,5.4
149,2026-11-11,0.3,350,129,995.7,534.96,250,5.4
149,2026-11-11,0.3,550,129,995.7,534.96,250,5.4
149,2026-11-11,0.3,750,129,995.7,534.96,250,5.4
149,2026-11-11,0.3,150,116,774.7,508.56,150,5.1
149,2026-11-11,0.3,350,116,774.7,508.56,250,5.1
149,2026-11-11,0.3,550,116,774.7,508.56,250,5.1
149,2026-11-11,0.3,750,116,774.7,508.56,250,5.1
149,2026-11-11,0.3,150,93,779.9,393.68,150,4.4
149,2026-11-11,0.3,350,93,779.9,393.68,250,4.4
149,2026-11-11,0.3,550,93,779.9,393.68,250,4.4
149,2026-11-11,0.3,750,93,779.9,393.68,250,4.4
149,2026-11-11,0.3,150,86,678.6,330.83,150,4.2
149,2026-11-11,0.3,350,86,678.6,330.83,250,4.2
149,2026-11-11,0.3,550,86,678.6,330.83,250,4.2
149,2026-11-11,0.3,750,86,678.6,330.83,250,4.2
149,2026-11-11,0.3,150,85,634.7,334.2,150,4.2
149,2026-11-11,0.3,350,85,634.7,334.2,250,4.2
149,2026-11-11,0.3,550,85,634.7,334.2,250,4.2
149,2026-11-11,0.3,750,85,634.7,334.2,250,4.2
149,2026-11-11,0.3,150,77,765.1,300.3,150,3.9
149,2026-11-11,0.3,350,77,783.3,294.37,250,3.9
149,2026-11-11,0.3,550,77,783.3,294.37,250,3.9
149,2026-11-11,0.3,750,77,783.3,294.37,250,3.9
149,2026-11-11,0.3,150,63,744.4,246.02,150,3.5
149,2026-11-11,0.3,350,63,693.2,243.14,250,3.5
149,2026-11-11,0.3,550,63,693.2,243.14,250,3.5
149,2026-11-11,0.3,750,63,693.2,243.14,250,3.5
149,2026-11-11,0.3,150,44,745.1,152.26,150,2.9
149,2026-11-11,0.3,350,44,797.4,151.56,250,2.9
149,2026-11-11,0.3,550,44,797.4,151.56,250,2.9
149,2026-11-11,0.3,750,44,797.4,151.56,250,2.9
149,2026-11-11,0.3,150,43,922.7,154.8,150,3.0
149,2026-11-11,0.3,350,43,922.7,154.8,250,3.0
149,2026-11-11,0.3,550,43,922.7,154.8,250,3.0
149,2026-11-11,0.3,750,43,922.7,154.8,250,3.0
149,2026-11-11,0.3,150,44,971.9,163.14,150,2.9
149,2026-11-11,0.3,350,44,972.2,161.89,250,2.9
149,2026-11-11,0.3,550,44,972.2,161.89,250,2.9
149,2026-11-11,0.3,750,44,972.2,161.89,250,2.9
149,2026-11-11,0.3,150,173,1932.5,668.56,150,6.8
149,2026-11-11,0.3,350,173,1932.5,668.56,250,6.8
149,2026-11-11,0.3,550,173,1932.5,668.56,250,6.8
149,2026-11-11,0.3,750,173,1932.5,668.56,250,6.8
149,2026-11-11,0.3,150,132,997.1,546.29,150,5.6
149,2026-11-11,0.3,350,132,997.1,546.29,250,5.6
149,2026-11-11,0.3,550,132,997.1,546.29,250,5.6
149,2026-11-11,0.3,750,132,997.1,546.29,250,5.6
149,2026-11-11,0.3,150,128,915.0,550.72,150,5.4
149,2026-11-11,0.3,350,128,898.6,529.11,250,5.4
149,2026-11-11,0.3,550,128,898.6,529.11,250,5.4
149,2026-11-11,0.3,750,128,898.6,529.11,250,5.4
149,2026-11-11,0.3,150,116,964.4,459.62,150,5.0
149,2026-11-11,0.3,350,116,964.4,459.62,250,5.0
149,2026-11-11,0.3,550,116,964.4,459.62,250,5.0
149,2026-11-11,0.3,750,116,964.4,459.62,250,5.0
149,2026-11-11,0.3,150,109,858.8,465.53,150,5.0
149,2026-11-11,0.3,350,110,860.0,461.38,250,5.0
149,2026-11-11,0.3,550,110,860.0,461.38,250,5.0
149,2026-11-11,0.3,750,110,860.0,461.38,250,5.0
149,2026-11-11,0.3,150,108,780.6,425.43,150,4.8
149,2026-11-11,0.3,350,107,759.5,416.04,250,4.8
149,2026-11-11,0.3,550,107,759.5,416.04,250,4.8
149,2026-11-11,0.3,750,107,759.5,416.04,250,4.8
149,2026-11-11,0.3,150,97,689.0,355.99,150,4.5
149,2026-11-11,0.3,350,97,810.7,354.39,250,4.5
149,2026-11-11,0.3,550,97,810.7,354.39,250,4.5
149,2026-11-11,0.3,750,97,810.7,354.39,250,4.5
149,2026-11-11,0.3,150,92,836.7,313.75,150,4.3
149,2026-11-11,0.3,350,92,836.7,313.75,250,4.3
149,2026-11-11,0.3,550,92,836.7,313.75,250,4.3
149,2026-11-11,0.3,750,92,836.7,313.75,250,4.3
149,2026-11-11,0.3,150,88,710.9,324.92,150,4.2
149,2026-11-11,0.3,350,89,805.9,317.78,250,4.2
149,2026-11-11,0.3,550,89,805.9,317.78,250,4.2
149,2026-11-11,0.3,750,89,805.9,317.78,250,4.2
149,2026-11-11,0.3,150,89,815.7,320.02,150,4.2
149,2026-11-11,0.3,350,89,815.7,320.02,250,4.2
149,2026-11-11,0.3,550,89,815.7,320.02,250,4.2
149,2026-11-11,0.3,750,89,815.7,320.02,250,4.2
149,2026-11-11,0.3,150,87,866.5,302.5,150,4.2
149,2026-11-11,0.3,350,87,866.5,302.5,250,4.2
149,2026-11-11,0.3,550,87,866.5,302.5,250,4.2
149,2026-11-11,0.3,750,87,866.5,302.5,250,4.2
149,2026-11-11,0.3,150,82,797.7,299.33,150,4.1
149,2026-11-11,0.3,350,82,845.8,291.63,250,4.1
149,2026-11-11,0.3,550,82,845.8,291.63,250,4.1
149,2026-11-11,0.3,750,82,845.8,291.63,250,4.1
149,2026-11-11,0.3,150,56,911.9,165.84,150,3.2
149,2026-11-11,0.3,350,55,851.0,159.47,250,3.2
149,2026-11-11,0.3,550,55,851.0,159.47,250,3.2
149,2026-11-11,0.3,750,55,851.0,159.47,250,3.2
149,2026-11-11,0.3,150,55,848.0,157.03,150,3.2
149,2026-11-11,0.3,350,55,848.0,157.03,250,3.2
149,2026-11-11,0.3,550,55,848.0,157.03,250,3.2
149,2026-11-11,0.3,750,55,848.0,157.03,250,3.2
149,2026-11-11,0.3,150,150,878.4,566.24,150,6.1
149,2026-11-11,0.3,350,150,891.1,556.44,250,6.1
149,2026-11-11,0.3,550,150,891.1,556.44,250,6.1
149,2026-11-11,0.3,750,150,891.1,556.44,250,6.1
149,2026-11-11,0.3,150,132,880.4,501.61,150,5.6
149,2026-11-11,0.3,350,132,880.4,501.61,250,5.6
149,2026-11-11,0.3,550,132,880.4,501.61,250,5.6
149,2026-11-11,0.3,750,132,880.4,501.61,250,5.6
149,2026-11-11,0.3,150,126,940.2,463.11,150,5.4
149,2026-11-11,0.3,350,127,832.2,455.8,250,5.4
149,2026-11-11,0.3,550,127,832.2,455.8,250,5.4
149,2026-11-11,0.3,750,127,832.2,455.8,250,5.4
149,2026-11-11,0.3,150,122,930.7,452.86,150,5.3
149,2026-11-11,0.3,350,121,932.4,449.14,250,5.3
149,2026-11-11,0.3,550,121,932.4,449.14,250,5.3
149,2026-11-11,0.3,750,121,932.4,449.14,250,5.3
149,2026-11-11,0.3,150,113,959.0,434.26,150,5.0
149,2026-11-11,0.3,350,113,968.0,434.24,250,5.0
149,2026-11-11,0.3,550,113,968.0,434.24,250,5.0
149,2026-11-11,0.3,750,113,968.0,434.24,250,5.0
149,2026-11-11,0.3,150,109,969.9,366.61,150,4.8
149,2026-11-11,0.3,350,109,969.9,366.61,250,4.8
149,2026-11-11,0.3,550,109,969.9,366.61,250,4.8
149,2026-11-11,0.3,750,109,969.9,366.61,250,4.8
149,2026-11-11,0.3,150,101,1032.3,357.97,150,4.6
149,2026-11-11,0.3,350,101,1032.3,357.97,250,4.6
149,2026-11-11,0.3,550,101,1032.3,357.97,250,4.6
149,2026-11-11,0.3,750,101,1032.3,357.97,250,4.6
149,2026-11-11,0.3,150,97,1009.7,340.24,150,4.5
149,2026-11-11,0.3,350,96,974.1,331.4,250,4.5
149,2026-11-11,0.3,550,96,974.1,331.4,250,4.5
149,2026-11-11,0.3,750,96,974.1,331.4,250,4.5
149,2026-11-11,0.3,150,96,944.9,318.51,150,4.5
149,2026-11-11,0.3,350,96,944.9,318.51,250,4.5
149,2026-11-11,0.3,550,96,944.9,318.51,250,4.5
149,2026-11-11,0.3,750,96,944.9,318.51,250,4.5
149,2026-11-11,0.3,150,97,953.0,347.1,150,4.5
149,2026-11-11,0.3,350,97,953.0,347.1,250,4.5
149,2026-11-11,0.3,550,97,953.0,347.1,250,4.5
149,2026-11-11,0.3,750,97,953.0,347.1,250,4.5
149,2026-11-11,0.3,150,90,954.3,325.45,150,4.4
149,2026-11-11,0.3,350,90,954.3,325.45,250,4.4
149,2026-11-11,0.3,550,90,954.3,325.45,250,4.4
149,2026-11-11,0.3,750,90,954.3,325.45,250,4.4
149,2026-11-11,0.3,150,173,1474.6,621.21,150,6.8
149,2026-11-11,0.3,350,173,1474.6,621.21,250,6.8
149,2026-11-11,0.3,550,173,1474.6,621.21,250,6.8
149,2026-11-11,0.3,750,173,1474.6,621.21,250,6.8
149,2026-11-11,0.3,150,170,1431.6,622.95,150,6.9
149,2026-11-11,0.3,350,170,1431.6,622.95,250,6.9
149,2026-11-11,0.3,550,170,1431.6,622.95,250,6.9
149,2026-11-11,0.3,750,170,1431.6,622.95,250,6.9
149,2026-11-11,0.3,150,160,1052.6,561.6,150,6.4
149,2026-11-11,0.3,350,160,981.4,557.76,250,6.4
149,2026-11-11,0.3,550,160,981.4,557.76,250,6.4
149,2026-11-11,0.3,750,160,981.4,557.76,250,6.4
149,2026-11-11,0.3,150,151,931.5,544.08,150,6.1
149,2026-11-11,0.3,350,151,931.5,544.08,250,6.1
149,2026-11-11,0.3,550,151,931.5,544.08,250,6.1
149,2026-11-11,0.3,750,151,931.5,544.08,250,6.1
149,2026-11-11,0.3,150,123,960.7,483.51,150,5.3
149,2026-11-11,0.3,350,123,960.7,483.51,250,5.3
149,2026-11-11,0.3,550,123,960.7,483.51,250,5.3
149,2026-11-11,0.3,750,123,960.7,483.51,250,5.3
149,2026-11-11,0.3,150,104,937.4,425.97,150,4.8
149,2026-11-11,0.3,350,104,971.9,424.02,250,4.8
149,2026-11-11,0.3,550,104,971.9,424.02,250,4.8
149,2026-11-11,0.3,750,104,971.9,424.02,250,4.8
149,2026-11-11,0.3,150,102,905.1,397.46,150,4.7
149,2026-11-11,0.3,350,102,905.1,397.46,250,4.7
149,2026-11-11,0.3,550,102,905.1,397.46,250,4.7
149,2026-11-11,0.3,750,102,905.1,397.46,250,4.7
149,2026-11-11,0.3,150,98,964.5,405.03,150,4.5
149,2026-11-11,0.3,350,98,986.6,397.58,250,4.5
149,2026-11-11,0.3,550,98,986.6,397.58,250,4.5
149,2026-11-11,0.3,750,98,986.6,397.58,250,4.5
149,2026-11-11,0.3,150,95,1025.1,367.04,150,4.4
149,2026-11-11,0.3,350,95,1025.1,367.04,250,4.4
149,2026-11-11,0.3,550,95,1025.1,367.04,250,4.4
149,2026-11-11,0.3,750,95,1025.1,367.04,250,4.4
149,2026-11-11,0.3,150,90,960.2,364.35,150,4.3
149,2026-11-11,0.3,350,90,960.2,364.35,250,4.3
149,2026-11-11,0.3,550,90,960.2,364.35,250,4.3
149,2026-11-11,0.3,750,90,960.2,364.35,250,4.3
149,2026-11-11,0.3,150,85,947.3,332.64,150,4.2
149,2026-11-11,0.3,350,85,947.3,332.64,250,4.2
149,2026-11-11,0.3,550,85,947.3,332.64,250,4.2
149,2026-11-11,0.3,750,85,947.3,332.64,250,4.2
149,2026-11-11,0.3,150,84,913.1,346.28,150,4.1
149,2026-11-11,0.3,350,86,1000.5,346.14,250,4.1
149,2026-11-11,0.3,550,86,1000.5,346.14,250,4.1
149,2026-11-11,0.3,750,86,1000.5,346.14,250,4.1
149,2026-11-11,0.3,150,85,1075.3,346.51,150,4.1
149,2026-11-11,0.3,350,85,1075.3,346.51,250,4.1
149,2026-11-11,0.3,550,85,1075.3,346.51,250,4.1
149,2026-11-11,0.3,750,85,1075.3,346.51,250,4.1
149,2026-11-11,0.3,150,68,879.2,265.78,150,3.7
149,2026-11-11,0.3,350,68,879.2,265.78,250,3.7
149,2026-11-11,0.3,550,68,879.2,265.78,250,3.7
149,2026-11-11,0.3,750,68,879.2,265.78,250,3.7
149,2026-11-11,0.3,150,62,947.6,228.94,150,3.4
149,2026-11-11,0.3,350,62,947.6,228.94,250,3.4
149,2026-11-11,0.3,550,62,947.6,228.94,250,3.4
149,2026-11-11,0.3,750,62,947.6,228.94,250,3.4
149,2026-11-11,0.3,150,60,994.2,232.64,150,3.4
149,2026-11-11,0.3,350,60,994.2,232.64,250,3.4
149,2026-11-11,0.3,550,60,994.2,232.64,250,3.4
149,2026-11-11,0.3,750,60,994.2,232.64,250,3.4
149,2026-11-11,0.3,150,173,1658.3,683.44,150,6.8
149,2026-11-11,0.3,350,174,1636.6,681.47,250,6.8
149,2026-11-11,0.3,550,174,1636.6,681.47,250,6.8
149,2026-11-11,0.3,750,174,1636.6,681.47,250,6.8
149,2026-11-11,0.3,150,173,1437.1,661.22,150,6.9
149,2026-11-11,0.3,350,173,1437.1,661.22,250,6.9
149,2026-11-11,0.3,550,173,1437.1,661.22,250,6.9
149,2026-11-11,0.3,750,173,1437.1,661.22,250,6.9
149,2026-11-11,0.3,150,171,1456.5,643.98,150,6.8
149,2026-11-11,0.3,350,169,1396.1,640.22,250,6.8
149,2026-11-11,0.3,550,169,1396.1,640.22,250,6.8
149,2026-11-11,0.3,750,169,1396.1,640.22,250,6.8
149,2026-11-11,0.3,150,158,1016.8,558.48,150,6.3
149,2026-11-11,0.3,350,158,1016.8,558.48,250,6.3
149,2026-11-11,0.3,550,158,1016.8,558.48,250,6.3
149,2026-11-11,0.3,750,158,1016.8,558.48,250,6.3
149,2026-11-11,0.3,150,154,1029.3,587.93,150,6.1
149,2026-11-11,0.3,350,154,1029.3,587.93,250,6.1
149,2026-11-11,0.3,550,154,1029.3,587.93,250,6.1
149,2026-11-11,0.3,750,154,1029.3,587.93,250,6.1
149,2026-11-11,0.3,150,150,1119.2,595.0,150,6.1
149,2026-11-11,0.3,350,148,1063.2,591.33,250,6.1
149,2026-11-11,0.3,550,148,1063.2,591.33,250,6.1
149,2026-11-11,0.3,750,148,1063.2,591.33,250,6.1
149,2026-11-11,0.3,150,134,1088.4,538.69,150,5.7
149,2026-11-11,0.3,350,135,1059.2,511.82,250,5.7
149,2026-11-11,0.3,550,135,1059.2,511.82,250,5.7
149,2026-11-11,0.3,750,135,1059.2,511.82,250,5.7
149,2026-11-11,0.3,150,136,1042.7,505.94,150,5.7
149,2026-11-11,0.3,350,136,1042.7,505.94,250,5.7
149,2026-11-11,0.3,550,136,1042.7,505.94,250,5.7
149,2026-11-11,0.3,750,136,1042.7,505.94,250,5.7
149,2026-11-11,0.3,150,106,962.5,420.12,150,4.8
149,2026-11-11,0.3,350,106,1038.5,414.81,250,4.8
149,2026-11-11,0.3,550,106,1038.5,414.81,250,4.8
149,2026-11-11,0.3,750,106,1038.5,414.81,250,4.8
149,2026-11-11,0.3,150,103,1013.9,396.19,150,4.7
149,2026-11-11,0.3,350,103,1028.0,376.68,250,4.7
149,2026-11-11,0.3,550,103,1028.0,376.68,250,4.7
149,2026-11-11,0.3,750,103,1028.0,376.68,250,4.7
149,2026-11-11,0.3,150,92,972.7,360.28,150,4.4
149,2026-11-11,0.3,350,92,972.7,360.28,250,4.4
149,2026-11-11,0.3,550,92,972.7,360.28,250,4.4
149,2026-11-11,0.3,750,92,972.7,360.28,250,4.4
149,2026-11-11,0.3,150,56,970.9,186.71,150,3.3
149,2026-11-11,0.3,350,56,970.9,186.71,250,3.3
149,2026-11-11,0.3,550,56,970.9,186.71,250,3.3
149,2026-11-11,0.3,750,56,970.9,186.71,250,3.3
149,2026-11-11,0.3,150,48,1047.4,171.57,150,3.1
149,2026-11-11,0.3,350,48,1115.2,170.25,250,3.1
149,2026-11-11,0.3,550,48,1115.2,170.25,250,3.1
149,2026-11-11,0.3,750,48,1115.2,170.25,250,3.1
149,2026-11-11,0.3,150,195,2981.6,751.79,150,7.5
149,2026-11-11,0.3,350,195,2981.6,751.79,250,7.5
149,2026-11-11,0.3,550,195,2981.6,751.79,250,7.5
149,2026-11-11,0.3,750,195,2981.6,751.79,250,7.5
149,2026-11-11,0.3,150,171,1462.8,684.76,150,6.7
149,2026-11-11,0.3,350,170,1534.2,674.03,250,6.7
149,2026-11-11,0.3,550,170,1534.2,674.03,250,6.7
149,2026-11-11,0.3,750,170,1534.2,674.03,250,6.7
149,2026-11-11,0.3,150,162,1262.7,651.95,150,6.4
149,2026-11-11,0.3,350,161,1219.4,634.9,250,6.4
149,2026-11-11,0.3,550,161,1219.4,634.9,250,6.4
149,2026-11-11,0.3,750,161,1219.4,634.9,250,6.4
149,2026-11-11,0.3,150,138,1110.5,570.3,150,5.9
149,2026-11-11,0.3,350,139,1210.5,546.0,250,5.9
149,2026-11-11,0.3,550,139,1210.5,546.0,250,5.9
149,2026-11-11,0.3,750,139,1210.5,546.0,250,5.9
149,2026-11-11,0.3,150,138,1145.8,578.21,150,5.8
149,2026-11-11,0.3,350,138,1145.8,578.21,250,5.8
149,2026-11-11,0.3,550,138,1145.8,578.21,250,5.8
149,2026-11-11,0.3,750,138,1145.8,578.21,250,5.8
149,2026-11-11,0.3,150,116,1201.1,462.06,150,5.7
149,2026-11-11,0.3,350,116,1090.2,438.02,250,5.7
149,2026-11-11,0.3,550,116,1090.2,438.02,250,5.7
149,2026-11-11,0.3,750,116,1090.2,438.02,250,5.7
149,2026-11-11,0.3,150,82,1106.1,306.54,150,4.0
149,2026-11-11,0.3,350,82,1137.9,299.55,250,4.0
149,2026-11-11,0.3,550,82,1137.9,299.55,250,4.0
149,2026-11-11,0.3,750,82,1137.9,299.55,250,4.0
149,2026-11-11,0.3,150,65,1153.1,226.04,150,3.5
149,2026-11-11,0.3,350,64,1102.1,225.68,250,3.5
149,2026-11-11,0.3,550,64,1102.1,225.68,250,3.5
149,2026-11-11,0.3,750,64,1102.1,225.68,250,3.5
149,2026-11-11,0.3,150,176,1732.0,643.7,150,6.9
149,2026-11-11,0.3,350,176,1732.0,643.7,250,6.9
149,2026-11-11,0.3,550,176,1732.0,643.7,250,6.9
149,2026-11-11,0.3,750,176,1732.0,643.7,250,6.9
149,2026-11-11,0.3,150,160,1056.3,616.09,150,6.3
149,2026-11-11,0.3,350,160,1056.3,616.09,250,6.3
149,2026-11-11,0.3,550,160,1056.3,616.09,250,6.3
149,2026-11-11,0.3,750,160,1056.3,616.09,250,6.3
149,2026-11-11,0.3,150,156,1091.3,620.85,150,6.3
149,2026-11-11,0.3,350,156,1025.7,607.87,250,6.3
149,2026-11-11,0.3,550,156,1025.7,607.87,250,6.3
149,2026-11-11,0.3,750,156,1025.7,607.87,250,6.3
149,2026-11-11,0.3,150,153,1153.9,604.65,150,6.2
149,2026-11-11,0.3,350,153,1018.0,555.39,250,6.2
149,2026-11-11,0.3,550,153,1018.0,555.39,250,6.2
149,2026-11-11,0.3,750,153,1018.0,555.39,250,6.2
149,2026-11-11,0.3,150,147,1028.2,563.78,150,5.9
149,2026-11-11,0.3,350,147,1028.2,563.78,250,5.9
149,2026-11-11,0.3,550,147,1028.2,563.78,250,5.9
149,2026-11-11,0.3,750,147,1028.2,563.78,250,5.9
149,2026-11-11,0.3,150,139,1079.1,547.05,150,5.7
149,2026-11-11,0.3,350,139,1079.1,547.05,250,5.7
149,2026-11-11,0.3,550,139,1079.1,547.05,250,5.7
149,2026-11-11,0.3,750,139,1079.1,547.05,250,5.7
149,2026-11-11,0.3,150,132,1172.7,524.87,150,5.6
149,2026-11-11,0.3,350,132,1172.7,524.87,250,5.6
149,2026-11-11,0.3,550,132,1172.7,524.87,250,5.6
149,2026-11-11,0.3,750,132,1172.7,524.87,250,5.6
149,2026-11-11,0.3,150,124,1004.5,503.01,150,5.3
149,2026-11-11,0.3,350,123,1046.5,501.77,250,5.3
149,2026-11-11,0.3,550,123,1046.5,501.77,250,5.3
149,2026-11-11,0.3,750,123,1046.5,501.77,250,5.3
149,2026-11-11,0.3,150,123,1039.1,482.13,150,5.3
149,2026-11-11,0.3,350,123,1039.1,482.13,250,5.3
149,2026-11-11,0.3,550,123,1039.1,482.13,250,5.3
149,2026-11-11,0.3,750,123,1039.1,482.13,250,5.3
149,2026-11-11,0.3,150,122,1014.8,502.02,150,5.2
149,2026-11-11,0.3,350,121,1002.0,493.0,250,5.2
149,2026-11-11,0.3,550,121,1002.0,493.0,250,5.2
149,2026-11-11,0.3,750,121,1002.0,493.0,250,5.2
149,2026-11-11,0.3,150,118,1114.2,496.2,150,5.1
149,2026-11-11,0.3,350,118,1114.2,496.2,250,5.1
149,2026-11-11,0.3,550,118,1114.2,496.2,250,5.1
149,2026-11-11,0.3,750,118,1114.2,496.2,250,5.1
149,2026-11-11,0.3,150,116,1106.3,504.08,150,5.0
149,2026-11-11,0.3,350,116,1047.9,499.1,250,5.0
149,2026-11-11,0.3,550,116,1047.9,499.1,250,5.0
149,2026-11-11,0.3,750,116,1047.9,499.1,250,5.0
149,2026-11-11,0.3,150,105,971.4,439.14,150,4.8
149,2026-11-11,0.3,350,105,971.4,439.14,250,4.8
149,2026-11-11,0.3,550,105,971.4,439.14,250,4.8
149,2026-11-11,0.3,750,105,971.4,439.14,250,4.8
149,2026-11-11,0.3,150,106,1064.9,441.73,150,4.8
149,2026-11-11,0.3,350,106,1064.9,441.73,250,4.8
149,2026-11-11,0.3,550,106,1064.9,441.73,250,4.8
149,2026-11-11,0.3,750,106,1064.9,441.73,250,4.8
149,2026-11-11,0.3,150,88,1062.1,389.85,150,4.2
149,2026-11-11,0.3,350,87,1086.6,387.35,250,4.2
149,2026-11-11,0.3,550,87,1086.6,387.35,250,4.2
149,2026-11-11,0.3,750,87,1086.6,387.35,250,4.2
149,2026-11-11,0.3,150,87,1103.2,383.07,150,4.1
149,2026-11-11,0.3,350,87,1028.2,378.01,250,4.1
149,2026-11-11,0.3,550,87,1028.2,378.01,250,4.1
149,2026-11-11,0.3,750,87,1028.2,378.01,250,4.1
149,2026-11-11,0.3,150,59,1018.8,173.07,150,3.3
149,2026-11-11,0.3,350,59,1018.8,173.07,250,3.3
149,2026-11-11,0.3,550,59,1018.8,173.07,250,3.3
149,2026-11-11,0.3,750,59,1018.8,173.07,250,3.3
149,2026-11-11,0.3,150,205,3747.1,862.22,150,7.8
149,2026-11-11,0.3,350,205,3747.1,862.22,250,7.8
149,2026-11-11,0.3,550,205,3747.1,862.22,250,7.8
149,2026-11-11,0.3,750,205,3747.1,862.22,250,7.8
149,2026-11-11,0.3,150,171,1532.0,628.62,150,6.7
149,2026-11-11,0.3,350,172,1555.8,592.17,250,6.7
149,2026-11-11,0.3,550,172,1555.8,592.17,250,6.7
149,2026-11-11,0.3,750,172,1555.8,592.17,250,6.7
149,2026-11-11,0.3,150,172,1429.1,627.42,150,6.7
149,2026-11-11,0.3,350,172,1429.1,627.42,250,6.7
149,2026-11-11,0.3,550,172,1429.1,627.42,250,6.7
149,2026-11-11,0.3,750,172,1429.1,627.42,250,6.7
149,2026-11-11,0.3,150,145,998.9,539.6,150,5.9
149,2026-11-11,0.3,350,146,859.0,533.23,250,5.9
149,2026-11-11,0.3,550,146,859.0,533.23,250,5.9
149,2026-11-11,0.3,750,146,859.0,533.23,250,5.9
149,2026-11-11,0.3,150,140,858.4,524.5,150,5.7
149,2026-11-11,0.3,350,140,1016.2,523.73,250,5.7
149,2026-11-11,0.3,550,140,1016.2,523.73,250,5.7
149,2026-11-11,0.3,750,140,1016.2,523.73,250,5.7
149,2026-11-11,0.3,150,118,946.9,450.27,150,5.2
149,2026-11-11,0.3,350,118,946.9,450.27,250,5.2
149,2026-11-11,0.3,550,118,946.9,450.27,250,5.2
149,2026-11-11,0.3,750,118,946.9,450.27,250,5.2
149,2026-11-11,0.3,150,119,1015.8,456.71,150,5.1
149,2026-11-11,0.3,350,119,1005.5,454.69,250,5.1
149,2026-11-11,0.3,550,119,1005.5,454.69,250,5.1
149,2026-11-11,0.3,750,119,1005.5,454.69,250,5.1
149,2026-11-11,0.3,150,118,1003.4,442.97,150,5.2
149,2026-11-11,0.3,350,118,1003.4,442.97,250,5.2
149,2026-11-11,0.3,550,118,1003.4,442.97,250,5.2
149,2026-11-11,0.3,750,118,1003.4,442.97,250,5.2
149,2026-11-11,0.3,150,113,1107.7,439.8,150,5.0
149,2026-11-11,0.3,350,113,1107.7,439.8,250,5.0
149,2026-11-11,0.3,550,113,1107.7,439.8,250,5.0
149,2026-11-11,0.3,750,113,1107.7,439.8,250,5.0
149,2026-11-11,0.3,150,105,1066.1,414.63,150,4.8
149,2026-11-11,0.3,350,105,1066.1,414.63,250,4.8
149,2026-11-11,0.3,550,105,1066.1,414.63,250,4.8
149,2026-11-11,0.3,750,105,1066.1,414.63,250,4.8
149,2026-11-11,0.3,150,92,1111.0,359.5,150,4.3
149,2026-11-11,0.3,350,92,1111.0,359.5,250,4.3
149,2026-11-11,0.3,550,92,1111.0,359.5,250,4.3
149,2026-11-11,0.3,750,92,1111.0,359.5,250,4.3
149,2026-11-11,0.3,150,90,1147.3,339.92,150,4.2
149,2026-11-11,0.3,350,90,1147.3,339.92,250,4.2
149,2026-11-11,0.3,550,90,1147.3,339.92,250,4.2
149,2026-11-11,0.3,750,90,1147.3,339.92,250,4.2
149,2026-11-11,0.3,150,66,1116.8,265.21,150,3.6
149,2026-11-11,0.3,350,67,1164.0,256.41,250,3.6
149,2026-11-11,0.3,550,67,1164.0,256.41,250,3.6
149,2026-11-11,0.3,750,67,1164.0,256.41,250,3.6
149,2026-11-11,0.3,150,55,1161.9,189.97,150,3.2
149,2026-11-11,0.3,350,55,1161.9,189.97,250,3.2
149,2026-11-11,0.3,550,55,1161.9,189.97,250,3.2
149,2026-11-11,0.3,750,55,1161.9,189.97,250,3.2
149,2026-11-11,0.3,150,52,1210.4,192.66,150,3.1
149,2026-11-11,0.3,350,52,1223.0,185.46,250,3.1
149,2026-11-11,0.3,550,52,1223.0,185.46,250,3.1
149,2026-11-11,0.3,750,52,1223.0,185.46,250,3.1
149,2026-11-11,0.3,150,163,1414.1,592.89,150,6.5
149,2026-11-11,0.3,350,164,1576.2,581.74,250,6.5
149,2026-11-11,0.3,550,164,1576.2,581.74,250,6.5
149,2026-11-11,0.3,750,164,1576.2,581.74,250,6.5
149,2026-11-11,0.3,150,155,1269.8,557.22,150,6.2
149,2026-11-11,0.3,350,155,1269.8,557.22,250,6.2
149,2026-11-11,0.3,550,155,1269.8,557.22,250,6.2
149,2026-11-11,0.3,750,155,1269.8,557.22,250,6.2
149,2026-11-11,0.3,150,139,1160.6,509.37,150,5.9
149,2026-11-11,0.3,350,141,1287.9,501.67,250,5.9
149,2026-11-11,0.3,550,141,1287.9,501.67,250,5.9
149,2026-11-11,0.3,750,141,1287.9,501.67,250,5.9
149,2026-11-11,0.3,150,127,1273.8,473.07,150,5.3
149,2026-11-11,0.3,350,127,1273.8,473.07,250,5.3
149,2026-11-11,0.3,550,127,1273.8,473.07,250,5.3
149,2026-11-11,0.3,750,127,1273.8,473.07,250,5.3
149,2026-11-11,0.3,150,115,1235.9,468.58,150,5.1
149,2026-11-11,0.3,350,116,1236.3,445.83,250,5.1
149,2026-11-11,0.3,550,116,1236.3,445.83,250,5.1
149,2026-11-11,0.3,750,116,1236.3,445.83,250,5.1
149,2026-11-11,0.3,150,115,1283.6,452.87,150,5.0
149,2026-11-11,0.3,350,116,1319.3,444.02,250,5.0
149,2026-11-11,0.3,550,116,1319.3,444.02,250,5.0
149,2026-11-11,0.3,750,116,1319.3,444.02,250,5.0
149,2026-11-11,0.3,150,107,1205.2,450.93,150,4.8
149,2026-11-11,0.3,350,108,1318.9,445.63,250,4.8
149,2026-11-11,0.3,550,108,1318.9,445.63,250,4.8
149,2026-11-11,0.3,750,108,1318.9,445.63,250,4.8
149,2026-11-11,0.3,150,100,1272.3,404.05,150,4.6
149,2026-11-11,0.3,350,100,1272.3,404.05,250,4.6
149,2026-11-11,0.3,550,100,1272.3,404.05,250,4.6
149,2026-11-11,0.3,750,100,1272.3,404.05,250,4.6
149,2026-11-11,0.3,150,92,1300.5,394.04,150,4.2
149,2026-11-11,0.3,350,92,1300.5,394.04,250,4.2
149,2026-11-11,0.3,550,92,1300.5,394.04,250,4.2
149,2026-11-11,0.3,750,92,1300.5,394.04,250,4.2
149,2026-11-11,0.3,150,64,1213.0,280.54,150,3.4
149,2026-11-11,0.3,350,63,1227.8,278.38,250,3.4
149,2026-11-11,0.3,550,63,1227.8,278.38,250,3.4
149,2026-11-11,0.3,750,63,1227.8,278.38,250,3.4
149,2026-11-11,0.3,150,62,1244.7,274.19,150,3.4
149,2026-11-11,0.3,350,61,1277.0,272.26,250,3.4
149,2026-11-11,0.3,550,61,1277.0,272.26,250,3.4
149,2026-11-11,0.3,750,61,1277.0,272.26,250,3.4
149,2026-11-11,0.3,150,61,1148.1,278.96,150,3.4
149,2026-11-11,0.3,350,61,1148.1,278.96,250,3.4
149,2026-11-11,0.3,550,61,1148.1,278.96,250,3.4
149,2026-11-11,0.3,750,61,1148.1,278.96,250,3.4
149,2026-11-11,0.3,150,61,1214.6,286.6,150,3.5
149,2026-11-11,0.3,350,60,1196.7,280.66,250,3.5
149,2026-11-11,0.3,550,60,1196.7,280.66,250,3.5
149,2026-11-11,0.3,750,60,1196.7,280.66,250,3.5
149,2026-11-11,0.3,150,58,1213.0,252.26,150,3.3
149,2026-11-11,0.3,350,58,1159.1,252.09,250,3.3
149,2026-11-11,0.3,550,58,1159.1,252.09,250,3.3
149,2026-11-11,0.3,750,58,1159.1,252.09,250,3.3
149,2026-11-11,0.3,150,45,1272.4,195.9,150,2.9
149,2026-11-11,0.3,350,45,1272.4,195.9,250,2.9
149,2026-11-11,0.3,550,45,1272.4,195.9,250,2.9
149,2026-11-11,0.3,750,45,1272.4,195.9,250,2.9
149,2026-11-11,0.3,150,179,2269.4,637.45,150,6.9
149,2026-11-11,0.3,350,179,2269.4,637.45,250,6.9
149,2026-11-11,0.3,550,179,2269.4,637.45,250,6.9
149,2026-11-11,0.3,750,179,2269.4,637.45,250,6.9
149,2026-11-11,0.3,150,156,1286.2,569.7,150,6.2
149,2026-11-11,0.3,350,156,1286.2,569.7,250,6.2
149,2026-11-11,0.3,550,156,1286.2,569.7,250,6.2
149,2026-11-11,0.3,750,156,1286.2,569.7,250,6.2
149,2026-11-11,0.3,150,151,1197.9,600.27,150,6.2
149,2026-11-11,0.3,350,156,1263.2,591.57,250,6.2
149,2026-11-11,0.3,550,156,1263.2,591.57,250,6.2
149,2026-11-11,0.3,750,156,1263.2,591.57,250,6.2
149,2026-11-11,0.3,150,144,1287.9,550.05,150,5.9
149,2026-11-11,0.3,350,144,1287.9,550.05,250,5.9
149,2026-11-11,0.3,550,144,1287.9,550.05,250,5.9
149,2026-11-11,0.3,750,144,1287.9,550.05,250,5.9
149,2026-11-11,0.3,150,138,1211.7,508.83,150,5.7
149,2026-11-11,0.3,350,138,1211.7,508.83,250,5.7
149,2026-11-11,0.3,550,138,1211.7,508.83,250,5.7
149,2026-11-11,0.3,750,138,1211.7,508.83,250,5.7
149,2026-11-11,0.3,150,134,1299.6,496.06,150,5.6
149,2026-11-11,0.3,350,134,1299.6,496.06,250,5.6
149,2026-11-11,0.3,550,134,1299.6,496.06,250,5.6
149,2026-11-11,0.3,750,134,1299.6,496.06,250,5.6
149,2026-11-11,0.3,150,131,1255.9,499.5,150,5.5
149,2026-11-11,0.3,350,131,1255.9,499.5,250,5.5
149,2026-11-11,0.3,550,131,1255.9,499.5,250,5.5
149,2026-11-11,0.3,750,131,1255.9,499.5,250,5.5
149,2026-11-11,0.3,150,107,1278.8,422.42,150,4.8
149,2026-11-11,0.3,350,107,1278.8,422.42,250,4.8
149,2026-11-11,0.3,550,107,1278.8,422.42,250,4.8
149,2026-11-11,0.3,750,107,1278.8,422.42,250,4.8
149,2026-11-11,0.3,150,103,1291.0,417.46,150,4.6
149,2026-11-11,0.3,350,102,1230.2,415.16,250,4.6
149,2026-11-11,0.3,550,102,1230.2,415.16,250,4.6
149,2026-11-11,0.3,750,102,1230.2,415.16,250,4.6
149,2026-11-11,0.3,150,98,1295.1,394.5,150,4.5
149,2026-11-11,0.3,350,98,1295.1,394.5,250,4.5
149,2026-11-11,0.3,550,98,1295.1,394.5,250,4.5
149,2026-11-11,0.3,750,98,1295.1,394.5,250,4.5
149,2026-11-11,0.3,150,145,1274.2,565.8,150,5.9
149,2026-11-11,0.3,350,143,1235.4,537.15,250,5.9
149,2026-11-11,0.3,550,143,1235.4,537.15,250,5.9
149,2026-11-11,0.3,750,143,1235.4,537.15,250,5.9
1,2026-11-11,0.3,60,46,261.7,135.88,60,1.6
1,2026-11-11,0.3,140,46,261.7,135.88,100,1.6
1,2026-11-11,0.3,220,46,261.7,135.88,100,1.6
1,2026-11-11,0.3,300,46,261.7,135.88,100,1.6
1,2026-11-11,0.3,60,37,101.1,94.28,60,1.3
1,2026-11-11,0.3,140,37,101.1,93.86,100,1.3
1,2026-11-11,0.3,220,37,101.1,93.86,100,1.3
1,2026-11-11,0.3,300,37,101.1,93.86,100,1.3
1,2026-11-11,0.3,60,37,85.8,96.52,60,1.3
1,2026-11-11,0.3,140,37,85.8,96.52,100,1.3
1,2026-11-11,0.3,220,37,85.8,96.52,100,1.3
1,2026-11-11,0.3,300,37,85.8,96.52,100,1.3
1,2026-11-11,0.3,60,36,101.1,86.24,60,1.3
1,2026-11-11,0.3,140,36,101.1,86.24,100,1.3
1,2026-11-11,0.3,220,36,101.1,86.24,100,1.3
1,2026-11-11,0.3,300,36,101.1,86.24,100,1.3
1,2026-11-11,0.3,60,31,154.2,72.8,60,1.2
1,2026-11-11,0.3,140,31,113.2,72.58,100,1.2
1,2026-11-11,0.3,220,31,113.2,72.58,100,1.2
1,2026-11-11,0.3,300,31,113.2,72.58,100,1.2
1,2026-11-11,0.3,60,26,160.8,53.26,60,1.2
1,2026-11-11,0.3,140,26,160.8,53.26,100,1.2
1,2026-11-11,0.3,220,26,160.8,53.26,100,1.2
1,2026-11-11,0.3,300,26,160.8,53.26,100,1.2
1,2026-11-11,0.3,60,21,165.1,38.86,60,1.2
1,2026-11-11,0.3,140,21,165.1,38.86,100,1.2
1,2026-11-11,0.3,220,21,165.1,38.86,100,1.2
1,2026-11-11,0.3,300,21,165.1,38.86,100,1.2
1,2026-11-11,0.3,60,59,927.0,145.89,60,1.5
1,2026-11-11,0.3,140,59,927.0,145.89,100,1.5
1,2026-11-11,0.3,220,59,927.0,145.89,100,1.5
1,2026-11-11,0.3,300,59,927.0,145.89,100,1.5
1,2026-11-11,0.3,60,50,311.8,107.95,60,1.4
1,2026-11-11,0.3,140,49,345.5,104.95,100,1.4
1,2026-11-11,0.3,220,49,345.5,104.95,100,1.4
1,2026-11-11,0.3,300,49,345.5,104.95,100,1.4
1,2026-11-11,0.3,60,48,277.3,109.12,60,1.4
1,2026-11-11,0.3,140,48,277.3,109.12,100,1.4
1,2026-11-11,0.3,220,48,277.3,109.12,100,1.4
1,2026-11-11,0.3,300,48,277.3,109.12,100,1.4
1,2026-11-11,0.3,60,49,320.3,93.51,60,1.4
1,2026-11-11,0.3,140,49,320.3,93.51,100,1.4
1,2026-11-11,0.3,220,49,320.3,93.51,100,1.4
1,2026-11-11,0.3,300,49,320.3,93.51,100,1.4
1,2026-11-11,0.3,60,48,277.2,99.48,60,1.4
1,2026-11-11,0.3,140,48,228.4,98.92,100,1.4
1,2026-11-11,0.3,220,48,228.4,98.92,100,1.4
1,2026-11-11,0.3,300,48,228.4,98.92,100,1.4
1,2026-11-11,0.3,60,48,257.7,116.49,60,1.5
1,2026-11-11,0.3,140,48,257.7,116.49,100,1.5
1,2026-11-11,0.3,220,48,257.7,116.49,100,1.5
1,2026-11-11,0.3,300,48,257.7,116.49,100,1.5
1,2026-11-11,0.3,60,51,373.9,108.61,60,1.5
1,2026-11-11,0.3,140,51,373.9,108.61,100,1.5
1,2026-11-11,0.3,220,51,373.9,108.61,100,1.5
1,2026-11-11,0.3,300,51,373.9,108.61,100,1.5
1,2026-11-11,0.3,60,49,286.5,113.44,60,1.4
1,2026-11-11,0.3,140,49,286.5,113.44,100,1.4
1,2026-11-11,0.3,220,49,286.5,113.44,100,1.4
1,2026-11-11,0.3,300,49,286.5,113.44,100,1.4
1,2026-11-11,0.3,60,48,238.1,101.58,60,1.4
1,2026-11-11,0.3,140,48,238.1,101.58,100,1.4
1,2026-11-11,0.3,220,48,238.1,101.58,100,1.4
1,2026-11-11,0.3,300,48,238.1,101.58,100,1.4
1,2026-11-11,0.3,60,46,205.1,115.54,60,1.5
1,2026-11-11,0.3,140,46,205.1,115.54,100,1.5
1,2026-11-11,0.3,220,46,205.1,115.54,100,1.5
1,2026-11-11,0.3,300,46,205.1,115.54,100,1.5
1,2026-11-11,0.3,60,46,223.0,102.88,60,1.4
1,2026-11-11,0.3,140,46,223.0,102.88,100,1.4
1,2026-11-11,0.3,220,46,223.0,102.88,100,1.4
1,2026-11-11,0.3,300,46,223.0,102.88,100,1.4
1,2026-11-11,0.3,60,41,149.1,92.12,60,1.3
1,2026-11-11,0.3,140,41,149.1,92.12,100,1.3
1,2026-11-11,0.3,220,41,149.1,92.12,100,1.3
1,2026-11-11,0.3,300,41,149.1,92.12,100,1.3
1,2026-11-11,0.3,60,50,270.9,114.73,60,1.5
1,2026-11-11,0.3,140,50,270.9,114.73,100,1.5
1,2026-11-11,0.3,220,50,270.9,114.73,100,1.5
1,2026-11-11,0.3,300,50,270.9,114.73,100,1.5
1,2026-11-11,0.3,60,41,185.6,82.59,60,1.4
1,2026-11-11,0.3,140,41,185.6,82.59,100,1.4
1,2026-11-11,0.3,220,41,185.6,82.59,100,1.4
1,2026-11-11,0.3,300,41,185.6,82.59,100,1.4
1,2026-11-11,0.3,60,27,143.1,78.86,60,1.2
1,2026-11-11,0.3,140,27,143.1,78.86,100,1.2
1,2026-11-11,0.3,220,27,143.1,78.86,100,1.2
1,2026-11-11,0.3,300,27,143.1,78.86,100,1.2
1,2026-11-11,0.3,60,46,156.4,104.88,60,1.4
1,2026-11-11,0.3,140,46,156.4,104.88,100,1.4
1,2026-11-11,0.3,220,46,156.4,104.88,100,1.4
1,2026-11-11,0.3,300,46,156.4,104.88,100,1.4
1,2026-11-11,0.3,60,48,270.1,106.76,60,1.5
1,2026-11-11,0.3,140,48,270.1,106.76,100,1.5
1,2026-11-11,0.3,220,48,270.1,106.76,100,1.5
1,2026-11-11,0.3,300,48,270.1,106.76,100,1.5
1,2026-11-11,0.3,60,47,202.8,109.55,60,1.5
1,2026-11-11,0.3,140,47,202.8,109.55,100,1.5
1,2026-11-11,0.3,220,47,202.8,109.55,100,1.5
1,2026-11-11,0.3,300,47,202.8,109.55,100,1.5
1,2026-11-11,0.3,60,41,174.4,88.37,60,1.3
1,2026-11-11,0.3,140,41,174.4,88.37,100,1.3
1,2026-11-11,0.3,220,41,174.4,88.37,100,1.3
1,2026-11-11,0.3,300,41,174.4,88.37,100,1.3
1,2026-11-11,0.3,60,41,178.9,87.58,60,1.4
1,2026-11-11,0.3,140,40,184.4,85.38,100,1.4
1,2026-11-11,0.3,220,40,184.4,85.38,100,1.4
1,2026-11-11,0.3,300,40,184.4,85.38,100,1.4
1,2026-11-11,0.3,60,46,173.5,111.98,60,1.4
1,2026-11-11,0.3,140,46,173.5,111.98,100,1.4
1,2026-11-11,0.3,220,46,173.5,111.98,100,1.4
1,2026-11-11,0.3,300,46,173.5,111.98,100,1.4
1,2026-11-11,0.3,60,39,192.1,91.14,60,1.4
1,2026-11-11,0.3,140,39,192.1,91.14,100,1.4
1,2026-11-11,0.3,220,39,192.1,91.14,100,1.4
1,2026-11-11,0.3,300,39,192.1,91.14,100,1.4
1,2026-11-11,0.3,60,35,211.3,102.66,60,1.7
1,2026-11-11,0.3,140,35,211.3,102.66,100,1.7
1,2026-11-11,0.3,220,35,211.3,102.66,100,1.7
1,2026-11-11,0.3,300,35,211.3,102.66,100,1.7
1,2026-11-11,0.3,60,29,163.9,93.02,60,1.2
1,2026-11-11,0.3,140,28,122.8,90.98,100,1.2
1,2026-11-11,0.3,220,28,122.8,90.98,100,1.2
1,2026-11-11,0.3,300,28,122.8,90.98,100,1.3
1,2026-11-11,0.3,60,23,100.2,64.9,60,1.1
1,2026-11-11,0.3,140,23,77.5,59.99,100,1.1
1,2026-11-11,0.3,220,23,77.5,59.99,100,1.1
1,2026-11-11,0.3,300,23,77.5,59.99,100,1.1
1,2026-11-11,0.3,60,44,141.3,130.89,60,1.4
1,2026-11-11,0.3,140,45,141.8,129.48,100,1.4
1,2026-11-11,0.3,220,45,141.8,129.48,100,1.4
1,2026-11-11,0.3,300,45,141.8,129.48,100,1.4
1,2026-11-11,0.3,60,36,140.9,98.12,60,1.3
1,2026-11-11,0.3,140,36,140.9,98.12,100,1.3
1,2026-11-11,0.3,220,36,140.9,98.12,100,1.3
1,2026-11-11,0.3,300,36,140.9,98.12,100,1.3
1,2026-11-11,0.3,60,50,261.1,133.15,60,1.4
1,2026-11-11,0.3,140,50,261.1,133.15,100,1.4
1,2026-11-11,0.3,220,50,261.1,133.15,100,1.4
1,2026-11-11,0.3,300,50,261.1,133.15,100,1.4
1,2026-11-11,0.3,60,40,115.1,104.96,60,1.4
1,2026-11-11,0.3,140,40,115.1,104.96,100,1.4
1,2026-11-11,0.3,220,40,115.1,104.96,100,1.4
1,2026-11-11,0.3,300,40,115.1,104.96,100,1.4
1,2026-11-11,0.3,60,39,98.1,103.62,60,1.3
1,2026-11-11,0.3,140,39,98.1,103.62,100,1.3
1,2026-11-11,0.3,220,39,98.1,103.62,100,1.3
1,2026-11-11,0.3,300,39,98.1,103.62,100,1.3
1,2026-11-11,0.3,60,40,122.1,117.59,60,1.3
1,2026-11-11,0.3,140,40,122.1,115.45,100,1.3
1,2026-11-11,0.3,220,40,122.1,115.45,100,1.3
1,2026-11-11,0.3,300,40,122.1,115.45,100,1.3
1,2026-11-11,0.3,60,40,169.1,91.56,60,1.3
1,2026-11-11,0.3,140,39,172.9,89.7,100,1.3
1,2026-11-11,0.3,220,39,172.9,89.7,100,1.3
1,2026-11-11,0.3,300,39,172.9,89.7,100,1.3
1,2026-11-11,0.3,60,27,136.4,65.3,60,1.3
1,2026-11-11,0.3,140,27,140.1,65.2,100,1.3
1,2026-11-11,0.3,220,27,140.1,65.2,100,1.3
1,2026-11-11,0.3,300,27,140.1,65.2,100,1.3
1,2026-11-11,0.3,60,21,130.5,52.4,60,1.2
1,2026-11-11,0.3,140,21,124.1,52.39,100,1.2
1,2026-11-11,0.3,220,21,124.1,52.39,100,1.2
1,2026-11-11,0.3,300,21,124.1,52.39,100,1.2
1,2026-11-11,0.3,60,47,202.5,121.0,60,1.5
1,2026-11-11,0.3,140,47,202.5,121.0,100,1.5
1,2026-11-11,0.3,220,47,202.5,121.0,100,1.5
1,2026-11-11,0.3,300,47,202.5,121.0,100,1.5
1,2026-11-11,0.3,60,46,143.8,125.06,60,1.5
1,2026-11-11,0.3,140,46,143.8,125.06,100,1.5
1,2026-11-11,0.3,220,46,143.8,125.06,100,1.5
1,2026-11-11,0.3,300,46,143.8,125.06,100,1.5
1,2026-11-11,0.3,60,39,114.9,104.75,60,1.4
1,2026-11-11,0.3,140,39,133.5,104.36,100,1.4
1,2026-11-11,0.3,220,39,133.5,104.36,100,1.4
1,2026-11-11,0.3,300,39,133.5,104.36,100,1.4
1,2026-11-11,0.3,60,34,140.9,82.59,60,1.4
1,2026-11-11,0.3,140,34,144.5,80.7,100,1.4
1,2026-11-11,0.3,220,34,144.5,80.7,100,1.4
1,2026-11-11,0.3,300,34,144.5,80.7,100,1.4
1,2026-11-11,0.3,60,48,222.8,135.07,60,1.6
1,2026-11-11,0.3,140,46,202.1,134.18,100,1.6
1,2026-11-11,0.3,220,46,202.1,134.18,100,1.6
1,2026-11-11,0.3,300,46,202.1,134.18,100,1.6
1,2026-11-11,0.3,60,22,165.4,43.55,60,1.3
1,2026-11-11,0.3,140,22,165.4,43.55,100,1.3
1,2026-11-11,0.3,220,22,165.4,43.55,100,1.3
1,2026-11-11,0.3,300,22,165.4,43.55,100,1.3
1,2026-11-11,0.3,60,18,151.4,41.12,60,1.2
1,2026-11-11,0.3,140,18,163.6,40.93,100,1.3
1,2026-11-11,0.3,220,18,163.6,40.93,100,1.3
1,2026-11-11,0.3,300,18,163.6,40.93,100,1.3
1,2026-11-11,0.3,60,33,164.7,110.47,60,1.4
1,2026-11-11,0.3,140,33,164.7,110.47,100,1.4
1,2026-11-11,0.3,220,33,164.7,110.47,100,1.4
1,2026-11-11,0.3,300,33,164.7,110.47,100,1.4
1,2026-11-11,0.3,60,50,305.2,143.12,60,1.7
1,2026-11-11,0.3,140,50,305.2,143.12,100,1.7
1,2026-11-11,0.3,220,50,305.2,143.12,100,1.7
1,2026-11-11,0.3,300,50,305.2,143.12,100,1.7
1,2026-11-11,0.3,60,28,170.8,86.41,60,1.4
1,2026-11-11,0.3,140,28,184.1,86.17,100,1.4
1,2026-11-11,0.3,220,28,184.1,86.17,100,1.4
1,2026-11-11,0.3,300,28,184.1,86.17,100,1.4
1,2026-11-11,0.3,60,49,294.5,144.48,60,1.7
1,2026-11-11,0.3,140,50,336.2,135.84,100,1.7
1,2026-11-11,0.3,220,50,336.2,135.84,100,1.7
1,2026-11-11,0.3,300,50,336.2,135.84,100,1.7
126,2026-11-11,0.3,12,6,34.9,41.99,12,0.8
126,2026-11-11,0.3,28,6,34.9,41.99,20,0.8
126,2026-11-11,0.3,44,6,34.9,41.99,20,0.8
126,2026-11-11,0.3,60,6,34.9,41.99,20,0.8
126,2026-11-11,0.3,12,9,0.0,54.1,12,0.8
126,2026-11-11,0.3,28,9,0.0,54.1,20,0.8
126,2026-11-11,0.3,44,9,0.0,54.1,20,0.8
126,2026-11-11,0.3,60,9,0.0,54.1,20,0.8
126,2026-11-11,0.3,12,8,9.3,44.94,12,0.8
126,2026-11-11,0.3,28,8,9.3,44.94,20,0.8
126,2026-11-11,0.3,44,8,9.3,44.94,20,0.8
126,2026-11-11,0.3,60,8,9.3,44.94,20,0.8
126,2026-11-11,0.3,12,3,26.7,6.62,12,0.8
126,2026-11-11,0.3,28,3,26.7,6.62,20,0.8
126,2026-11-11,0.3,44,3,26.7,6.62,20,0.8
126,2026-11-11,0.3,60,3,26.7,6.62,20,0.8
126,2026-11-11,0.3,12,9,17.5,38.74,12,0.8
126,2026-11-11,0.3,28,9,17.5,38.74,20,0.8
126,2026-11-11,0.3,44,9,17.5,38.74,20,0.8
126,2026-11-11,0.3,60,9,17.5,38.74,20,0.8
126,2026-11-11,0.3,12,11,28.1,70.55,12,0.8
126,2026-11-11,0.3,28,11,28.1,70.55,20,0.8
126,2026-11-11,0.3,44,11,28.1,70.55,20,0.8
126,2026-11-11,0.3,60,11,28.1,70.55,20,0.8
150,2026-11-11,0.3,12,1,0.0,4.95,12,0.8
150,2026-11-11,0.3,28,1,0.0,4.95,20,0.8
150,2026-11-11,0.3,44,1,0.0,4.95,20,0.8
150,2026-11-11,0.3,60,1,0.0,4.95,20,0.8
150,2026-11-11,0.3,12,2,0.0,4.95,12,0.8
150,2026-11-11,0.3,28,2,0.0,4.95,20,0.8
150,2026-11-11,0.3,44,2,0.0,4.95,20,0.8
150,2026-11-11,0.3,60,2,0.0,4.95,20,0.8
844,2026-11-11,0.3,12,3,38.8,7.18,12,0.8
844,2026-11-11,0.3,28,3,38.8,7.18,20,0.8
844,2026-11-11,0.3,44,3,38.8,7.18,20,0.8
844,2026-11-11,0.3,60,3,38.8,7.18,20,0.8
844,2026-11-11,0.3,12,4,38.8,20.58,12,0.8
844,2026-11-11,0.3,28,4,38.8,20.58,20,0.8
844,2026-11-11,0.3,44,4,38.8,20.58,20,0.8
844,2026-11-11,0.3,60,4,38.8,20.58,20,0.8
844,2026-11-11,0.3,12,5,38.8,20.58,12,0.8
844,2026-11-11,0.3,28,5,38.8,20.58,20,0.8
844,2026-11-11,0.3,44,5,38.8,20.58,20,0.8
844,2026-11-11,0.3,60,5,38.8,20.58,20,0.8
844,2026-11-11,0.3,12,5,36.9,27.94,12,0.8
844,2026-11-11,0.3,28,5,36.9,27.94,20,0.8
844,2026-11-11,0.3,44,5,36.9,27.94,20,0.8
844,2026-11-11,0.3,60,5,36.9,27.94,20,0.8
844,2026-11-11,0.3,12,6,36.9,34.54,12,0.8
844,2026-11-11,0.3,28,6,36.9,34.54,20,0.8
844,2026-11-11,0.3,44,6,36.9,34.54,20,0.8
844,2026-11-11,0.3,60,6,36.9,34.54,20,0.8
844,2026-11-11,0.3,12,5,36.9,27.94,12,0.8
844,2026-11-11,0.3,28,5,36.9,27.94,20,0.8
844,2026-11-11,0.3,44,5,36.9,27.94,20,0.8
844,2026-11-11,0.3,60,5,36.9,27.94,20,0.8
844,2026-11-11,0.3,12,3,36.9,16.1,12,0.8
844,2026-11-11,0.3,28,3,36.9,16.1,20,0.8
844,2026-11-11,0.3,44,3,36.9,16.1,20,0.8
844,2026-11-11,0.3,60,3,36.9,16.1,20,0.8
844,2026-11-11,0.3,12,6,36.9,34.54,12,0.8
844,2026-11-11,0.3,28,6,36.9,34.54,20,0.8
844,2026-11-11,0.3,44,6,36.9,34.54,20,0.8
844,2026-11-11,0.3,60,6,36.9,34.54,20,0.8
1004,2026-11-11,0.3,60,41,266.5,172.2,60,2.3
1004,2026-11-11,0.3,140,41,267.5,172.19,100,2.3
1004,2026-11-11,0.3,220,41,267.5,172.19,100,2.3
1004,2026-11-11,0.3,300,41,267.5,172.19,100,2.3
1004,2026-11-11,0.3,60,35,193.1,148.07,60,1.7
1004,2026-11-11,0.3,140,35,156.3,141.66,100,1.7
1004,2026-11-11,0.3,220,35,156.3,141.66,100,1.7
1004,2026-11-11,0.3,300,35,156.3,141.66,100,1.7
1004,2026-11-11,0.3,60,30,187.7,100.88,60,1.5
1004,2026-11-11,0.3,140,30,180.5,100.75,100,1.5
1004,2026-11-11,0.3,220,30,180.5,100.75,100,1.5
1004,2026-11-11,0.3,300,30,180.5,100.75,100,1.5
1004,2026-11-11,0.3,60,27,173.3,106.09,60,1.2
1004,2026-11-11,0.3,140,27,164.7,99.7,100,1.2
1004,2026-11-11,0.3,220,27,164.7,99.7,100,1.2
1004,2026-11-11,0.3,300,27,164.7,99.7,100,1.2
1004,2026-11-11,0.3,60,40,321.8,126.52,60,1.3
1004,2026-11-11,0.3,140,40,321.8,126.52,100,1.3
1004,2026-11-11,0.3,220,40,321.8,126.52,100,1.3
1004,2026-11-11,0.3,300,40,321.8,126.52,100,1.3
1004,2026-11-11,0.3,60,34,136.7,109.14,60,1.3
1004,2026-11-11,0.3,140,34,136.7,109.14,100,1.3
1004,2026-11-11,0.3,220,34,136.7,109.14,100,1.3
1004,2026-11-11,0.3,300,34,136.7,109.14,100,1.3
1004,2026-11-11,0.3,60,33,174.4,110.17,60,1.2
1004,2026-11-11,0.3,140,33,174.4,110.17,100,1.2
1004,2026-11-11,0.3,220,33,174.4,110.17,100,1.2
1004,2026-11-11,0.3,300,33,174.4,110.17,100,1.2
1004,2026-11-11,0.3,60,22,148.3,85.93,60,1.2
1004,2026-11-11,0.3,140,22,148.3,85.93,100,1.2
1004,2026-11-11,0.3,220,22,148.3,85.93,100,1.2
1004,2026-11-11,0.3,300,22,148.3,85.93,100,1.2
1004,2026-11-11,0.3,60,22,126.6,100.88,60,1.2
1004,2026-11-11,0.3,140,22,126.1,96.06,100,1.2
1004,2026-11-11,0.3,220,22,126.1,96.06,100,1.2
1004,2026-11-11,0.3,300,22,126.1,96.06,100,1.2
1004,2026-11-11,0.3,60,38,240.3,133.3,60,1.3
1004,2026-11-11,0.3,140,38,255.1,130.71,100,1.3
1004,2026-11-11,0.3,220,38,255.1,130.71,100,1.3
1004,2026-11-11,0.3,300,38,255.1,130.71,100,1.3
1004,2026-11-11,0.3,60,31,234.2,116.64,60,1.3
1004,2026-11-11,0.3,140,31,230.9,111.09,100,1.3
1004,2026-11-11,0.3,220,31,230.9,111.09,100,1.3
1004,2026-11-11,0.3,300,31,230.9,111.09,100,1.3
1004,2026-11-11,0.3,60,26,208.0,90.03,60,1.2
1004,2026-11-11,0.3,140,26,208.0,90.03,100,1.2
1004,2026-11-11,0.3,220,26,208.0,90.03,100,1.2
1004,2026-11-11,0.3,300,26,208.0,90.03,100,1.2
1004,2026-11-11,0.3,60,22,203.4,93.36,60,1.1
1004,2026-11-11,0.3,140,23,234.4,91.08,100,1.1
1004,2026-11-11,0.3,220,23,234.4,91.08,100,1.1
1004,2026-11-11,0.3,300,23,234.4,91.08,100,1.1
1004,2026-11-11,0.3,60,31,212.2,108.68,60,1.3
1004,2026-11-11,0.3,140,31,204.0,105.04,100,1.3
1004,2026-11-11,0.3,220,31,204.0,105.04,100,1.3
1004,2026-11-11,0.3,300,31,204.0,105.04,100,1.3
1004,2026-11-11,0.3,60,23,243.7,87.06,60,1.2
1004,2026-11-11,0.3,140,23,243.7,87.06,100,1.2
1004,2026-11-11,0.3,220,23,243.7,87.06,100,1.2
1004,2026-11-11,0.3,300,23,243.7,87.06,100,1.2
1004,2026-11-11,0.3,60,20,268.1,67.97,60,1.1
1004,2026-11-11,0.3,140,20,259.0,63.97,100,1.1
1004,2026-11-11,0.3,220,20,259.0,63.97,100,1.1
1004,2026-11-11,0.3,300,20,259.0,63.97,100,1.1
1004,2026-11-11,0.3,60,36,294.4,129.38,60,1.3
1004,2026-11-11,0.3,140,36,294.4,129.38,100,1.3
1004,2026-11-11,0.3,220,36,294.4,129.38,100,1.3
1004,2026-11-11,0.3,300,36,294.4,129.38,100,1.3
1004,2026-11-11,0.3,60,33,227.9,116.22,60,1.3
1004,2026-11-11,0.3,140,33,227.9,116.22,100,1.3
1004,2026-11-11,0.3,220,33,227.9,116.22,100,1.3
1004,2026-11-11,0.3,300,33,227.9,116.22,100,1.3
1004,2026-11-11,0.3,60,28,304.3,98.01,60,1.3
1004,2026-11-11,0.3,140,28,309.2,88.38,100,1.3
1004,2026-11-11,0.3,220,28,309.2,88.38,100,1.3
1004,2026-11-11,0.3,300,28,309.2,88.38,100,1.3
1004,2026-11-11,0.3,60,36,327.3,110.97,60,1.4
1004,2026-11-11,0.3,140,36,327.3,110.97,100,1.4
1004,2026-11-11,0.3,220,36,327.3,110.97,100,1.4
1004,2026-11-11,0.3,300,36,327.3,110.97,100,1.4
1004,2026-11-11,0.3,60,32,360.7,97.58,60,1.4
1004,2026-11-11,0.3,140,32,365.4,96.98,100,1.4
1004,2026-11-11,0.3,220,32,365.4,96.98,100,1.4
1004,2026-11-11,0.3,300,32,365.4,96.98,100,1.4
1004,2026-11-11,0.3,60,31,341.9,140.92,60,1.4
1004,2026-11-11,0.3,140,31,335.7,134.72,100,1.4
1004,2026-11-11,0.3,220,31,335.7,134.72,100,1.4
1004,2026-11-11,0.3,300,31,335.7,134.72,100,1.4
1004,2026-11-11,0.3,60,31,309.7,100.35,60,1.4
1004,2026-11-11,0.3,140,31,299.7,96.61,100,1.4
1004,2026-11-11,0.3,220,31,299.7,96.61,100,1.4
1004,2026-11-11,0.3,300,31,299.7,96.61,100,1.4
1004,2026-11-11,0.3,60,31,354.2,105.49,60,1.4
1004,2026-11-11,0.3,140,32,326.4,91.11,100,1.4
1004,2026-11-11,0.3,220,32,326.4,91.11,100,1.4
1004,2026-11-11,0.3,300,32,326.4,91.11,100,1.4
1004,2026-11-11,0.3,60,31,336.5,96.07,60,1.4
1004,2026-11-11,0.3,140,31,336.5,96.07,100,1.4
1004,2026-11-11,0.3,220,31,336.5,96.07,100,1.4
1004,2026-11-11,0.3,300,31,336.5,96.07,100,1.4
1004,2026-11-11,0.3,60,28,350.6,90.86,60,1.4
1004,2026-11-11,0.3,140,28,350.6,90.86,100,1.4
1004,2026-11-11,0.3,220,28,350.6,90.86,100,1.4
1004,2026-11-11,0.3,300,28,350.6,90.86,100,1.4
1004,2026-11-11,0.3,60,41,459.9,143.99,60,1.5
1004,2026-11-11,0.3,140,41,459.9,143.99,100,1.5
1004,2026-11-11,0.3,220,41,459.9,143.99,100,1.5
1004,2026-11-11,0.3,300,41,459.9,143.99,100,1.5
1004,2026-11-11,0.3,60,41,484.0,136.55,60,1.6
1004,2026-11-11,0.3,140,42,506.2,135.17,100,1.6
1004,2026-11-11,0.3,220,42,506.2,135.17,100,1.6
1004,2026-11-11,0.3,300,42,506.2,135.17,100,1.6
1004,2026-11-11,0.3,60,34,351.2,119.91,60,1.5
1004,2026-11-11,0.3,140,34,351.2,119.91,100,1.5
1004,2026-11-11,0.3,220,34,351.2,119.91,100,1.5
1004,2026-11-11,0.3,300,34,351.2,119.91,100,1.5
1004,2026-11-11,0.3,60,34,354.8,124.86,60,1.5
1004,2026-11-11,0.3,140,34,354.8,124.86,100,1.5
1004,2026-11-11,0.3,220,34,354.8,124.86,100,1.5
1004,2026-11-11,0.3,300,34,354.8,124.86,100,1.5
1004,2026-11-11,0.3,60,30,352.6,121.47,60,1.4
1004,2026-11-11,0.3,140,30,347.2,105.42,100,1.4
1004,2026-11-11,0.3,220,30,347.2,105.42,100,1.4
1004,2026-11-11,0.3,300,30,347.2,105.42,100,1.4
1004,2026-11-11,0.3,60,27,351.9,129.91,60,1.4
1004,2026-11-11,0.3,140,27,351.9,129.91,100,1.4
1004,2026-11-11,0.3,220,27,351.9,129.91,100,1.4
1004,2026-11-11,0.3,300,27,351.9,129.91,100,1.4
1004,2026-11-11,0.3,60,39,337.3,139.55,60,1.6
1004,2026-11-11,0.3,140,39,337.3,139.55,100,1.6
1004,2026-11-11,0.3,220,39,337.3,139.55,100,1.6
1004,2026-11-11,0.3,300,39,337.3,139.55,100,1.6
1004,2026-11-11,0.3,60,40,332.3,127.73,60,1.6
1004,2026-11-11,0.3,140,40,332.3,127.73,100,1.6
1004,2026-11-11,0.3,220,40,332.3,127.73,100,1.6
1004,2026-11-11,0.3,300,40,332.3,127.73,100,1.6
1004,2026-11-11,0.3,60,32,327.1,105.58,60,2.1
1004,2026-11-11,0.3,140,32,327.1,105.58,100,2.1
1004,2026-11-11,0.3,220,32,327.1,105.58,100,2.1
1004,2026-11-11,0.3,300,32,327.1,105.58,100,2.1
1004,2026-11-11,0.3,60,28,329.8,90.33,60,1.5
1004,2026-11-11,0.3,140,28,333.6,89.44,100,1.5
1004,2026-11-11,0.3,220,28,333.6,89.44,100,1.5
1004,2026-11-11,0.3,300,28,333.6,89.44,100,1.5
1004,2026-11-11,0.3,60,45,482.8,181.22,60,1.5
1004,2026-11-11,0.3,140,45,487.0,180.59,100,1.5
1004,2026-11-11,0.3,220,45,487.0,180.59,100,1.5
1004,2026-11-11,0.3,300,45,487.0,180.59,100,1.5
1004,2026-11-11,0.3,60,37,303.5,136.6,60,1.3
1004,2026-11-11,0.3,140,37,303.5,136.6,100,1.3
1004,2026-11-11,0.3,220,37,303.5,136.6,100,1.3
1004,2026-11-11,0.3,300,37,303.5,136.6,100,1.3
1004,2026-11-11,0.3,60,32,330.6,112.41,60,1.3
1004,2026-11-11,0.3,140,32,314.7,111.07,100,1.3
1004,2026-11-11,0.3,220,32,314.7,111.07,100,1.3
1004,2026-11-11,0.3,300,32,314.7,111.07,100,1.3
1004,2026-11-11,0.3,60,28,331.1,89.36,60,1.2
1004,2026-11-11,0.3,140,28,331.1,89.36,100,1.2
1004,2026-11-11,0.3,220,28,331.1,89.36,100,1.2
1004,2026-11-11,0.3,300,28,331.1,89.36,100,1.2
1004,2026-11-11,0.3,60,36,324.7,130.8,60,1.3
1004,2026-11-11,0.3,140,36,308.5,125.68,100,1.3
1004,2026-11-11,0.3,220,36,308.5,125.68,100,1.3
1004,2026-11-11,0.3,300,36,308.5,125.68,100,1.3
1004,2026-11-11,0.3,60,27,336.0,91.47,60,1.3
1004,2026-11-11,0.3,140,27,336.0,91.47,100,1.3
1004,2026-11-11,0.3,220,27,336.0,91.47,100,1.3
1004,2026-11-11,0.3,300,27,336.0,91.47,100,1.3
1004,2026-11-11,0.3,60,21,300.7,117.95,60,1.2
1004,2026-11-11,0.3,140,21,300.5,116.24,100,1.2
1004,2026-11-11,0.3,220,21,300.5,116.24,100,1.2
1004,2026-11-11,0.3,300,21,300.5,116.24,100,1.2
1004,2026-11-11,0.3,60,46,456.7,186.98,60,1.5
1004,2026-11-11,0.3,140,46,456.7,186.98,100,1.5
1004,2026-11-11,0.3,220,46,456.7,186.98,100,1.5
1004,2026-11-11,0.3,300,46,456.7,186.98,100,1.5
1004,2026-11-11,0.3,60,39,395.6,163.09,60,1.4
1004,2026-11-11,0.3,140,39,395.6,163.09,100,1.4
1004,2026-11-11,0.3,220,39,395.6,163.09,100,1.4
1004,2026-11-11,0.3,300,39,395.6,163.09,100,1.4
1004,2026-11-11,0.3,60,36,325.9,188.43,60,1.3
1004,2026-11-11,0.3,140,36,325.9,188.43,100,1.3
1004,2026-11-11,0.3,220,36,325.9,188.43,100,1.3
1004,2026-11-11,0.3,300,36,325.9,188.43,100,1.3
1004,2026-11-11,0.3,60,35,423.6,134.76,60,1.3
1004,2026-11-11,0.3,140,35,423.6,134.76,100,1.3
1004,2026-11-11,0.3,220,35,423.6,134.76,100,1.3
1004,2026-11-11,0.3,300,35,423.6,134.76,100,1.3
1004,2026-11-11,0.3,60,24,352.4,122.06,60,1.2
1004,2026-11-11,0.3,140,24,352.4,122.06,100,1.2
1004,2026-11-11,0.3,220,24,352.4,122.06,100,1.2
1004,2026-11-11,0.3,300,24,352.4,122.06,100,1.2
1004,2026-11-11,0.3,60,14,394.6,84.55,60,1.1
1004,2026-11-11,0.3,140,14,394.6,84.55,100,1.1
1004,2026-11-11,0.3,220,14,394.6,84.55,100,1.1
1004,2026-11-11,0.3,300,14,394.6,84.55,100,1.1
1004,2026-11-11,0.3,60,13,321.9,80.51,60,1.0
1004,2026-11-11,0.3,140,13,321.9,80.51,100,1.0
1004,2026-11-11,0.3,220,13,321.9,80.51,100,1.0
1004,2026-11-11,0.3,300,13,321.9,80.51,100,1.0
