service_id,labor_id,labor_type,labor_name,labor_category,labor_price,labor_created_at,labor_start_date,labor_end_date,alfred,shop,created_at,schedule_date,client_type,paying_customer,state_service,start_address_id,start_address_point,end_address_id,end_address_point,city,address_id,address_point,address_name,labor_sequence,is_static,is_dynamic,date
236703,331507,12.0,Alfred Initial Transport,VEHICLE_TRANSPORTATION,55663.0,2025-04-30 15:42:28.753000-05:00,2026-11-11 10:29:00-05:00,2026-11-11 11:23:00-05:00,2306,,2026-10-08 15:42:28.664000-05:00,2026-11-11 11:00:00-05:00,B2B,31481.0,COMPLETED,43816.0,POINT (-76.5389012 3.38733),133614.0,POINT (-76.5228812 3.3641042),1004,109102.0,POINT (-76.5710842 3.406073),Alfred,0,True,False,2026-11-11
242534,337810,6.0,General Mechanics,GENERAL_MECHANICS,1530000.0,2025-05-16 15:19:34.262000-05:00,2026-11-12 11:22:00-05:00,2026-11-18 07:00:00-05:00,,4165.0,2026-10-17 15:19:34.227000-05:00,2026-11-11 12:00:00-05:00,B2B,73739.0,COMPLETED,129213.0,POINT (-75.5719524 6.2344681),140604.0,POINT (-75.5714419 6.228943699999999),1,129213.0,POINT (-75.5719524 6.2344681),RB MULTISERVICIOS Y REPUESTOS SAS,0,True,False,2026-11-11
242534,351101,12.0,Alfred Initial Transport,VEHICLE_TRANSPORTATION,64004.0,2025-06-13 16:11:48.518000-05:00,2026-11-15 11:38:00-05:00,2026-11-15 19:28:00-05:00,2036,,2026-10-17 15:19:34.227000-05:00,2026-11-11 12:00:00-05:00,B2B,73739.0,COMPLETED,129213.0,POINT (-75.5719524 6.2344681),140604.0,POINT (-75.5714419 6.228943699999999),1,55748.0,POINT (-75.55748439999999 6.252939599999999),Apartamento,1,True,False,2026-11-11
242534,351911,12.0,Alfred Initial Transport,VEHICLE_TRANSPORTATION,64004.0,2025-06-16 09:40:48.015000-05:00,2026-11-18 07:00:00-05:00,2026-11-18 10:21:00-05:00,20111,,2026-10-17 15:19:34.227000-05:00,2026-11-11 12:00:00-05:00,B2B,73739.0,COMPLETED,129213.0,POINT (-75.5719524 6.2344681),140604.0,POINT (-75.5714419 6.228943699999999),1,25905.0,POINT (-75.594906 6.190818699999999),Apto,2,True,False,2026-11-11
244923,340397,12.0,Alfred Initial Transport,VEHICLE_TRANSPORTATION,105663.0,2025-05-22 10:17:03.616000-05:00,2026-11-11 06:54:00-05:00,2026-11-11 08:29:00-05:00,2306,,2026-10-23 10:17:03.537000-05:00,2026-11-11 07:00:00-05:00,B2B,31481.0,COMPLETED,136986.0,POINT (-76.5155643 3.2686966),43816.0,POINT (-76.5389012 3.38733),1004,109102.0,POINT (-76.5710842 3.406073),Alfred,0,True,False,2026-11-11
245397,340890,12.0,Alfred Initial Transport,VEHICLE_TRANSPORTATION,55663.0,2025-05-23 08:42:10.149000-05:00,2026-11-11 13:09:00-05:00,2026-11-11 15:18:00-05:00,2036,,2026-10-28 08:42:10.073000-05:00,2026-11-11 14:00:00-05:00,B2B,72887.0,COMPLETED,4852.0,POINT (-75.56991479999999 6.2276503),137126.0,POINT (-75.55599800000002 6.2172722),1,55748.0,POINT (-75.55748439999999 6.252939599999999),Apartamento,0,True,False,2026-11-11
247401,342971,12.0,Alfred Initial Transport,VEHICLE_TRANSPORTATION,80663.0,2025-05-27 16:15:04.475000-05:00,2026-11-11 06:59:00-05:00,2026-11-11 09:55:00-05:00,5832,,2026-11-04 16:15:04.413000-05:00,2026-11-11 07:00:00-05:00,B2B,31226.0,COMPLETED,137852.0,POINT (-74.03685569999999 4.8732013),17793.0,POINT (-74.05576889999999 4.712595600000001),149,98373.0,POINT (-74.0805306 4.755374499999999),casa,0,True,False,2026-11-11
247759,343358,12.0,Alfred Initial Transport,VEHICLE_TRANSPORTATION,55663.0,2025-05-28 10:48:49.901000-05:00,2026-11-11 07:44:00-05:00,2026-11-11 08:06:00-05:00,70431,,2026-10-26 10:48:49.833000-05:00,2026-11-11 08:00:00-05:00,B2B,31423.0,FAILED,137968.0,POINT (-74.04470839999999 4.67672),17793.0,POINT (-74.05576889999999 4.712595600000001),149,126994.0,POINT (-74.1988555 4.5810069),Casa,0,True,False,2026-11-11
248141,343773,12.0,Alfred Initial Transport,VEHICLE_TRANSPORTATION,55663.0,2025-05-29 08:27:56.503000-05:00,2026-11-11 06:31:00-05:00,2026-11-11 09:10:00-05:00,26834,,2026-11-05 08:27:56.439000-05:00,2026-11-11 07:30:00-05:00,B2B,27333.0,COMPLETED,138100.0,POINT (-76.5382575 3.449526),5486.0,POINT (-76.5210434 3.4716911),1004,71101.0,POINT (-76.4876642 3.455582),Casa,0,True,False,2026-11-11
248235,343878,12.0,Alfred Initial Transport,VEHICLE_TRANSPORTATION,49485.0,2025-05-29 11:45:54.639000-05:00,2026-11-11 08:07:00-05:00,2026-11-11 09:35:00-05:00,69861,,2026-11-06 11:45:54.571000-05:00,2026-11-11 08:00:00-05:00,B2B,66701.0,COMPLETED,49958.0,POINT (-74.107637 4.649725500000001),1460.0,POINT (-74.1127455 4.6451826),149,125737.0,POINT (-74.18022189999999 4.624224),Apartamento,0,True,False,2026-11-11
248842,344533,12.0,Alfred Initial Transport,VEHICLE_TRANSPORTATION,55663.0,2025-05-30 15:13:34.123000-05:00,2026-11-11 08:26:00-05:00,2026-11-11 10:11:29-05:00,11988,,2026-11-07 15:13:34.059000-05:00,2026-11-11 09:30:00-05:00,B2B,65643.0,FAILED,138391.0,POINT (-74.0197246 4.878361),138392.0,POINT (-74.0632984 4.8567106),149,20721.0,POINT (-74.0286017 4.9203296),casa,0,True,False,2026-11-11
249182,344886,12.0,Alfred Initial Transport,VEHICLE_TRANSPORTATION,49485.0,2025-05-31 08:51:32.586000-05:00,2026-11-11 07:02:00-05:00,2026-11-11 09:13:00-05:00,11712,,2026-11-05 08:51:32.522000-05:00,2026-11-11 07:00:00-05:00,B2B,64404.0,COMPLETED,102299.0,POINT (-74.05178 4.665342),33851.0,POINT (-74.06467649999999 4.7610987),149,67588.0,POINT (-74.1563294 4.6057898),Casa,0,True,False,2026-11-11
249224,344932,12.0,Alfred Initial Transport,VEHICLE_TRANSPORTATION,52988.0,2025-05-31 10:23:24.564000-05:00,2026-11-11 11:07:00-05:00,2026-11-11 12:33:00-05:00,5366,,2026-11-08 10:23:24.506000-05:00,2026-11-11 10:30:00-05:00,B2B,19528.0,COMPLETED,1.0,POINT (-74.045085 4.777223),127933.0,POINT (-74.06837089999999 4.7421544),149,93651.0,POINT (-74.08878779999999 4.7315578),ALFRED,0,True,False,2026-11-11
249246,344954,12.0,Alfred Initial Transport,VEHICLE_TRANSPORTATION,55663.0,2025-05-31 11:04:00.822000-05:00,2026-11-11 10:33:00-05:00,2026-11-11 11:47:00-05:00,10449,,2026-11-07 11:04:00.744000-05:00,2026-11-11 10:30:00-05:00,B2B,74158.0,COMPLETED,138494.0,POINT (-74.0746783 4.691759499999999),88962.0,POINT (-74.0664381 4.6704091),149,16682.0,POINT (-74.1691584 4.6514129),casa,0,True,False,2026-11-11
249353,345062,12.0,Alfred Initial Transport,VEHICLE_TRANSPORTATION,55663.0,2025-05-31 15:55:16.070000-05:00,2026-11-11 08:00:00-05:00,2026-11-11 09:23:00-05:00,69861,,2026-11-07 15:55:15.999000-05:00,2026-11-11 08:00:00-05:00,B2B,69934.0,COMPLETED,138530.0,POINT (-74.06945449999999 4.6195216),28798.0,POINT (-74.08720430000001 4.6760977),149,125737.0,POINT (-74.18022189999999 4.624224),Apartamento,0,True,False,2026-11-11
249798,345550,12.0,Alfred Initial Transport,VEHICLE_TRANSPORTATION,74485.0,2025-06-03 08:56:03.074000-05:00,2026-11-11 07:51:00-05:00,2026-11-11 09:42:00-05:00,10500,,2026-11-10 08:56:02.996000-05:00,2026-11-11 08:00:00-05:00,B2B,64404.0,COMPLETED,138655.0,POINT (-74.11566490000001 4.792546000000001),33856.0,POINT (-74.043407 4.744333999999999),149,16797.0,POINT (-74.118284 4.7485876),casa,0,True,False,2026-11-11
249857,345616,12.0,Alfred Initial Transport,VEHICLE_TRANSPORTATION,55663.0,2025-06-03 10:42:46.295000-05:00,2026-11-11 11:53:00-05:00,2026-11-11 13:40:00-05:00,5455,,2026-11-09 10:42:46.209000-05:00,2026-11-11 12:30:00-05:00,B2B,72887.0,COMPLETED,4852.0,POINT (-75.56991479999999 6.2276503),138701.0,POINT (-75.5572856 6.197676299999999),1,10331.0,POINT (-75.5568613 6.278588999999999),Casa,0,True,False,2026-11-11
249864,345623,12.0,Alfred Initial Transport,VEHICLE_TRANSPORTATION,57789.0,2025-06-03 10:58:03.213000-05:00,2026-11-11 08:59:00-05:00,2026-11-11 10:08:00-05:00,10451,,2026-11-10 10:58:03.151000-05:00,2026-11-11 09:00:00-05:00,B2B,61607.0,COMPLETED,138705.0,POINT (-74.0718588 4.7198441),138706.0,POINT (-74.0648223 4.760572400000001),149,16688.0,POINT (-74.0202608 4.6664181),casa,0,True,False,2026-11-11
249866,345625,12.0,Alfred Initial Transport,VEHICLE_TRANSPORTATION,77988.0,2025-06-03 11:00:22.870000-05:00,2026-11-11 06:02:00-05:00,2026-11-11 09:26:00-05:00,11988,,2026-11-08 11:00:22.806000-05:00,2026-11-11 07:30:00-05:00,B2B,17799.0,COMPLETED,138709.0,POINT (-73.9971692 4.8469086),1.0,POINT (-74.045085 4.777223),149,20721.0,POINT (-74.0286017 4.9203296),casa,0,True,False,2026-11-11
249896,345655,12.0,Alfred Initial Transport,VEHICLE_TRANSPORTATION,52440.0,2025-06-03 11:59:26.335000-05:00,2026-11-11 11:03:00-05:00,2026-11-11 13:13:00-05:00,10491,,2026-11-07 11:59:26.265000-05:00,2026-11-11 12:00:00-05:00,B2B,25807.0,COMPLETED,117281.0,POINT (-75.56979539999999 6.2198631),138735.0,POINT (-75.5904138 6.264556900000001),1,16770.0,POINT (-75.5948708 6.222133500000001),casa,0,True,False,2026-11-11
249905,345664,12.0,Alfred Initial Transport,VEHICLE_TRANSPORTATION,52440.0,2025-06-03 12:06:55.648000-05:00,2026-11-11 09:18:00-05:00,2026-11-11 11:07:00-05:00,2036,,2026-11-10 12:06:55.585000-05:00,2026-11-11 10:30:00-05:00,B2B,25807.0,COMPLETED,117281.0,POINT (-75.56979539999999 6.2198631),138412.0,POINT (-75.6146263 6.2499987),1,55748.0,POINT (-75.55748439999999 6.252939599999999),Apartamento,0,True,False,2026-11-11
249937,345702,12.0,Alfred Initial Transport,VEHICLE_TRANSPORTATION,80663.0,2025-06-03 13:20:16.823000-05:00,2026-11-11 15:59:00-05:00,2026-11-11 18:03:00-05:00,68168,,2026-11-09 13:20:16.748000-05:00,2026-11-11 16:00:00-05:00,B2B,65643.0,COMPLETED,128250.0,POINT (-74.0632984 4.8567106),271.0,POINT (-74.034289 4.882852800000001),149,120850.0,POINT (-74.0293686 4.7648946),Apartamento,0,True,False,2026-11-11
249943,345710,12.0,Alfred Initial Transport,VEHICLE_TRANSPORTATION,55663.0,2025-06-03 13:48:56.189000-05:00,2026-11-11 15:23:00-05:00,2026-11-11 18:16:00-05:00,20111,,2026-11-10 13:48:56.115000-05:00,2026-11-11 16:30:00-05:00,B2B,72887.0,COMPLETED,4852.0,POINT (-75.56991479999999 6.2276503),138761.0,POINT (-75.5711501 6.1592874),1,25905.0,POINT (-75.594906 6.190818699999999),Apto,0,True,False,2026-11-11
249964,345731,12.0,Alfred Initial Transport,VEHICLE_TRANSPORTATION,80663.0,2025-06-03 14:39:14.371000-05:00,2026-11-11 08:17:00-05:00,2026-11-11 10:19:00-05:00,68168,,2026-11-08 14:39:14.298000-05:00,2026-11-11 08:30:00-05:00,B2B,74698.0,COMPLETED,138776.0,POINT (-74.0400719 4.8454419),29156.0,POINT (-74.03727236805345 4.878226952715764),149,120850.0,POINT (-74.0293686 4.7648946),Apartamento,0,True,False,2026-11-11
249975,345743,12.0,Alfred Initial Transport,VEHICLE_TRANSPORTATION,55663.0,2025-06-03 14:57:30.153000-05:00,2026-11-11 07:59:00-05:00,2026-11-11 09:20:00-05:00,10500,,2026-11-09 14:57:30.087000-05:00,2026-11-11 08:00:00-05:00,B2B,69934.0,COMPLETED,138786.0,POINT (-74.075414 4.691726),28798.0,POINT (-74.08720430000001 4.6760977),149,16797.0,POINT (-74.118284 4.7485876),casa,0,True,False,2026-11-11
249977,345745,12.0,Alfred Initial Transport,VEHICLE_TRANSPORTATION,55663.0,2025-06-03 14:58:37.159000-05:00,2026-11-11 12:44:00-05:00,2026-11-11 13:36:00-05:00,12077,,2026-11-05 14:58:37.096000-05:00,2026-11-11 14:00:00-05:00,B2B,31482.0,COMPLETED,43815.0,POINT (-76.5062106 3.5024871),103066.0,POINT (-76.5251828 3.467346800000001),1004,19281.0,POINT (-76.5468388 3.4090961),Apartamento,0,True,False,2026-11-11
250014,345783,12.0,Alfred Initial Transport,VEHICLE_TRANSPORTATION,55663.0,2025-06-03 15:47:21.758000-05:00,2026-11-11 05:12:00-05:00,2026-11-11 08:09:00-05:00,10451,,2026-11-05 15:47:21.694000-05:00,2026-11-11 07:00:00-05:00,B2B,74158.0,COMPLETED,103822.0,POINT (-74.0580792 4.6389632),88962.0,POINT (-74.0664381 4.6704091),149,16688.0,POINT (-74.0202608 4.6664181),casa,0,True,False,2026-11-11
250076,345848,12.0,Alfred Initial Transport,VEHICLE_TRANSPORTATION,55663.0,2025-06-03 17:03:53.876000-05:00,2026-11-11 10:45:00-05:00,2026-11-11 12:05:00-05:00,719,,2026-11-09 17:03:53.795000-05:00,2026-11-11 11:00:00-05:00,B2B,31425.0,COMPLETED,138840.0,POINT (-74.0595182 4.670058899999999),17793.0,POINT (-74.05576889999999 4.712595600000001),149,9575.0,POINT (-74.1474839 4.6118768),Apartamento,0,True,False,2026-11-11
250375,346166,12.0,Alfred Initial Transport,VEHICLE_TRANSPORTATION,55663.0,2025-06-04 09:08:42.593000-05:00,2026-11-11 07:27:00-05:00,2026-11-11 08:12:00-05:00,69860,,2026-11-10 09:08:42.523000-05:00,2026-11-11 07:30:00-05:00,B2B,20263.0,COMPLETED,138889.0,POINT (-74.1125753 4.6559409),88962.0,POINT (-74.0664381 4.6704091),149,125736.0,POINT (-74.0313506 4.7138433),Apartamento,0,True,False,2026-11-11
250440,346241,12.0,Alfred Initial Transport,VEHICLE_TRANSPORTATION,55663.0,2025-06-04 11:21:54.674000-05:00,2026-11-11 11:27:00-05:00,2026-11-11 12:33:00-05:00,21405,,2026-11-05 11:21:54.602000-05:00,2026-11-11 12:00:00-05:00,B2B,72887.0,COMPLETED,4852.0,POINT (-75.56991479999999 6.2276503),139784.0,POINT (-75.57518879999999 6.227867699999999),1,28134.0,POINT (-75.6004631859725 6.254282787660095),otros,0,True,False,2026-11-11
250442,346243,12.0,Alfred Initial Transport,VEHICLE_TRANSPORTATION,55663.0,2025-06-04 11:25:20.739000-05:00,2026-11-11 08:45:00-05:00,2026-11-11 10:06:00-05:00,719,,2026-11-10 11:25:20.669000-05:00,2026-11-11 09:00:00-05:00,B2B,74157.0,COMPLETED,138937.0,POINT (-74.0872547 4.6440663),88962.0,POINT (-74.0664381 4.6704091),149,9575.0,POINT (-74.1474839 4.6118768),Apartamento,0,True,False,2026-11-11
250509,346321,12.0,Alfred Initial Transport,VEHICLE_TRANSPORTATION,55663.0,2025-06-04 14:21:32.451000-05:00,2026-11-11 09:21:00-05:00,2026-11-11 10:30:00-05:00,69860,,2026-11-10 14:21:32.379000-05:00,2026-11-11 10:00:00-05:00,B2B,30027.0,COMPLETED,138976.0,POINT (-74.04848199999999 4.657425),15.0,POINT (-74.065413 4.759951),149,125736.0,POINT (-74.0313506 4.7138433),Apartamento,0,True,False,2026-11-11
250518,346331,12.0,Alfred Initial Transport,VEHICLE_TRANSPORTATION,55663.0,2025-06-04 14:46:29.778000-05:00,2026-11-11 11:39:00-05:00,2026-11-11 12:49:00-05:00,2306,,2026-11-09 14:46:29.710000-05:00,2026-11-11 14:00:00-05:00,B2B,34788.0,COMPLETED,8147.0,POINT (-76.53832489999999 3.3896682),9814.0,POINT (-76.5105743 3.4908427),1004,109102.0,POINT (-76.5710842 3.406073),Alfred,0,True,False,2026-11-11
250519,346332,12.0,Alfred Initial Transport,VEHICLE_TRANSPORTATION,55663.0,2025-06-04 14:46:42.263000-05:00,2026-11-11 10:53:00-05:00,2026-11-11 12:37:00-05:00,2331,,2026-11-10 14:46:42.192000-05:00,2026-11-11 11:30:00-05:00,B2B,26723.0,COMPLETED,22698.0,POINT (-74.04766769999999 4.686273099999999),21923.0,POINT (-74.0678728 4.6711387),149,56572.0,POINT (-74.2240796 4.5898388),Casa,0,True,False,2026-11-11
250542,346355,12.0,Alfred Initial Transport,VEHICLE_TRANSPORTATION,55663.0,2025-06-04 15:22:53.625000-05:00,2026-11-11 15:25:00-05:00,2026-11-11 16:28:00-05:00,21405,,2026-11-05 15:22:53.518000-05:00,2026-11-11 16:00:00-05:00,B2B,72887.0,FAILED,4852.0,POINT (-75.56991479999999 6.2276503),62022.0,POINT (-75.5558762 6.190398399999999),1,28134.0,POINT (-75.6004631859725 6.254282787660095),otros,0,True,False,2026-11-11
250563,346379,12.0,Alfred Initial Transport,VEHICLE_TRANSPORTATION,49485.0,2025-06-04 15:46:43.876000-05:00,2026-11-11 08:00:00-05:00,2026-11-11 09:02:00-05:00,68168,,2026-11-04 15:46:43.809000-05:00,2026-11-11 08:00:00-05:00,B2B,45838.0,COMPLETED,138993.0,POINT (-74.06365 4.7505992),7120.0,POINT (-74.0468575 4.7218353),149,120850.0,POINT (-74.0293686 4.7648946),Apartamento,0,True,False,2026-11-11
250598,346416,12.0,Alfred Initial Transport,VEHICLE_TRANSPORTATION,55663.0,2025-06-04 16:44:41.082000-05:00,2026-11-11 13:27:00-05:00,2026-11-11 14:47:00-05:00,6229,,2026-11-10 16:44:41.023000-05:00,2026-11-11 15:00:00-05:00,B2B,26723.0,COMPLETED,21923.0,POINT (-74.0678728 4.6711387),139012.0,POINT (-74.031745 4.7220171),149,11727.0,POINT (-74.0583698 4.6510839),Casa,0,True,False,2026-11-11
250599,346417,12.0,Alfred Initial Transport,VEHICLE_TRANSPORTATION,57789.0,2025-06-04 16:44:57.480000-05:00,2026-11-11 05:59:00-05:00,2026-11-11 08:45:00-05:00,10451,,2026-11-03 16:44:57.412000-05:00,2026-11-11 07:20:00-05:00,B2B,70087.0,COMPLETED,139013.0,POINT (-74.0469717 4.6703076),139014.0,POINT (-74.1114277 4.6445788),149,16688.0,POINT (-74.0202608 4.6664181),casa,0,True,False,2026-11-11
250608,346428,12.0,Alfred Initial Transport,VEHICLE_TRANSPORTATION,55663.0,2025-06-04 16:58:11.597000-05:00,2026-11-11 07:14:00-05:00,2026-11-11 08:06:00-05:00,69860,,2026-11-06 16:58:11.528000-05:00,2026-11-11 07:30:00-05:00,B2B,31425.0,COMPLETED,139018.0,POINT (-74.0363295 4.703387600000001),17793.0,POINT (-74.05576889999999 4.712595600000001),149,125736.0,POINT (-74.0313506 4.7138433),Apartamento,0,True,False,2026-11-11
250638,346460,12.0,Alfred Initial Transport,VEHICLE_TRANSPORTATION,57789.0,2025-06-04 17:32:23.719000-05:00,2026-11-11 08:53:00-05:00,2026-11-11 11:06:00-05:00,10451,,2026-11-06 17:32:23.651000-05:00,2026-11-11 09:00:00-05:00,B2B,70075.0,COMPLETED,139026.0,POINT (-74.049981 4.676616099999999),139027.0,POINT (-74.02895649999999 4.7040977),149,16688.0,POINT (-74.0202608 4.6664181),casa,0,True,False,2026-11-11
250957,346799,12.0,Alfred Initial Transport,VEHICLE_TRANSPORTATION,57789.0,2025-06-05 09:43:59.245000-05:00,2026-11-11 12:57:00-05:00,2026-11-11 14:30:00-05:00,5455,,2026-11-10 09:43:59.171000-05:00,2026-11-11 14:00:00-05:00,B2B,70094.0,COMPLETED,139105.0,POINT (-75.5587379 6.1999885),139106.0,POINT (-75.575183 6.2384222),1,10331.0,POINT (-75.5568613 6.278588999999999),Casa,0,True,False,2026-11-11
251017,346870,12.0,Alfred Initial Transport,VEHICLE_TRANSPORTATION,55663.0,2025-06-05 11:57:06.946000-05:00,2026-11-11 07:37:00-05:00,2026-11-11 09:49:00-05:00,9526,,2026-11-07 11:57:06.876000-05:00,2026-11-11 08:00:00-05:00,B2B,31482.0,COMPLETED,112949.0,POINT (-76.55540119999999 3.4506234),43815.0,POINT (-76.5062106 3.5024871),1004,15087.0,POINT (-76.35007879999999 3.4079059),Casa,0,True,False,2026-11-11
251018,346871,12.0,Alfred Initial Transport,VEHICLE_TRANSPORTATION,49485.0,2025-06-05 12:03:44.516000-05:00,2026-11-11 08:52:00-05:00,2026-11-11 10:36:00-05:00,5455,,2026-11-10 12:03:44.446000-05:00,2026-11-11 10:00:00-05:00,B2B,68419.0,COMPLETED,139145.0,POINT (-75.6006443 6.2321757),102162.0,POINT (-75.564082 6.2082589),1,10331.0,POINT (-75.5568613 6.278588999999999),Casa,0,True,False,2026-11-11
251019,346872,12.0,Alfred Initial Transport,VEHICLE_TRANSPORTATION,35000.0,2025-06-05 12:08:20.035000-05:00,2026-11-11 08:34:37-05:00,2026-11-11 09:39:39-05:00,12077,,2026-11-04 12:08:19.980000-05:00,2026-11-11 09:00:00-05:00,B2C,69948.0,COMPLETED,126018.0,POINT (-76.5040491 3.5138402),126018.0,POINT (-76.5040491 3.5138402),1004,19281.0,POINT (-76.5468388 3.4090961),Apartamento,0,True,False,2026-11-11
251019,346873,3.0,Wash and Polish,WASH_AND_POLISH,31654.0,2025-06-05 12:08:20.104000-05:00,2026-11-11 09:39:39-05:00,2026-11-11 09:39:49-05:00,,1081.0,2026-11-04 12:08:19.980000-05:00,2026-11-11 09:00:00-05:00,B2C,69948.0,COMPLETED,126018.0,POINT (-76.5040491 3.5138402),126018.0,POINT (-76.5040491 3.5138402),1004,85107.0,POINT (-76.53012650000001 3.4665796),Pits Detailing Wash - Av Sexta Cali,1,True,False,2026-11-11
251019,346874,2.0,Alfred Transport,VEHICLE_TRANSPORTATION,35000.0,2025-06-05 12:08:20.156000-05:00,2026-11-11 09:39:49-05:00,2026-11-11 11:19:47-05:00,12077,,2026-11-04 12:08:19.980000-05:00,2026-11-11 09:00:00-05:00,B2C,69948.0,COMPLETED,126018.0,POINT (-76.5040491 3.5138402),126018.0,POINT (-76.5040491 3.5138402),1004,19281.0,POINT (-76.5468388 3.4090961),Apartamento,2,True,False,2026-11-11
251053,346912,12.0,Alfred Initial Transport,VEHICLE_TRANSPORTATION,55663.0,2025-06-05 14:12:45.471000-05:00,2026-11-11 08:31:00-05:00,2026-11-11 10:32:00-05:00,12077,,2026-11-10 14:12:45.398000-05:00,2026-11-11 10:30:00-05:00,B2B,31482.0,COMPLETED,101987.0,POINT (-76.5341876 3.46247),43815.0,POINT (-76.5062106 3.5024871),1004,19281.0,POINT (-76.5468388 3.4090961),Apartamento,0,True,False,2026-11-11
251135,346999,12.0,Alfred Initial Transport,VEHICLE_TRANSPORTATION,55663.0,2025-06-05 16:36:09.551000-05:00,2026-11-11 07:22:00-05:00,2026-11-11 10:08:00-05:00,20111,,2026-11-07 16:36:09.484000-05:00,2026-11-11 08:30:00-05:00,B2B,29476.0,COMPLETED,139216.0,POINT (-75.5684919 6.181366400000001),5038.0,POINT (-75.57009649999999 6.224776299999999),1,25905.0,POINT (-75.594906 6.190818699999999),Apto,0,True,False,2026-11-11
251160,347024,12.0,Alfred Initial Transport,VEHICLE_TRANSPORTATION,57789.0,2025-06-05 17:09:40.568000-05:00,2026-11-11 11:01:00-05:00,2026-11-11 12:21:00-05:00,719,,2026-11-10 17:09:40.476000-05:00,2026-11-11 12:00:00-05:00,B2B,70094.0,COMPLETED,132528.0,POINT (-74.08855539999999 4.616161),39388.0,POINT (-74.1055861 4.659453),149,9575.0,POINT (-74.1474839 4.6118768),Apartamento,0,True,False,2026-11-11
251485,347366,12.0,Alfred Initial Transport,VEHICLE_TRANSPORTATION,55663.0,2025-06-06 10:32:56.643000-05:00,2026-11-11 06:53:00-05:00,2026-11-11 09:03:00-05:00,2036,,2026-11-05 10:32:56.575000-05:00,2026-11-11 08:00:00-05:00,B2B,72887.0,COMPLETED,139310.0,POINT (-75.5718804 6.191983899999999),4852.0,POINT (-75.56991479999999 6.2276503),1,55748.0,POINT (-75.55748439999999 6.252939599999999),Apartamento,0,True,False,2026-11-11
251550,347437,12.0,Alfred Initial Transport,VEHICLE_TRANSPORTATION,49485.0,2025-06-06 13:38:15.463000-05:00,2026-11-11 07:06:00-05:00,2026-11-11 08:33:00-05:00,9526,,2026-11-01 13:38:15.386000-05:00,2026-11-11 07:00:00-05:00,B2B,34226.0,COMPLETED,139350.0,POINT (-76.5166663 3.37171),75827.0,POINT (-76.53965687916794 3.4516627253884913),1004,15087.0,POINT (-76.35007879999999 3.4079059),Casa,0,True,False,2026-11-11
251602,347497,12.0,Alfred Initial Transport,VEHICLE_TRANSPORTATION,55663.0,2025-06-06 16:11:06.779000-05:00,2026-11-11 10:55:00-05:00,2026-11-11 11:44:00-05:00,70431,,2026-11-10 16:11:06.714000-05:00,2026-11-11 11:30:00-05:00,B2B,20261.0,COMPLETED,88962.0,POINT (-74.0664381 4.6704091),138387.0,POINT (-74.0424776 4.6939921),149,126994.0,POINT (-74.1988555 4.5810069),Casa,0,True,False,2026-11-11
251621,347516,12.0,Alfred Initial Transport,VEHICLE_TRANSPORTATION,52988.0,2025-06-06 16:49:32.979000-05:00,2026-11-11 07:52:00-05:00,2026-11-11 10:19:00-05:00,68168,,2026-11-07 16:49:32.912000-05:00,2026-11-11 08:00:00-05:00,B2B,76994.0,COMPLETED,139389.0,POINT (-74.03050569999999 4.8116444),2.0,POINT (-74.028923 4.704466),149,120850.0,POINT (-74.0293686 4.7648946),Apartamento,0,True,False,2026-11-11
251858,347753,12.0,Alfred Initial Transport,VEHICLE_TRANSPORTATION,52988.0,2025-06-07 08:29:07.202000-05:00,2026-11-11 12:35:00-05:00,2026-11-11 13:55:00-05:00,10491,,2026-11-07 08:29:07.138000-05:00,2026-11-11 13:00:00-05:00,B2B,26430.0,COMPLETED,139425.0,POINT (-75.5619433 6.1935859),1606.0,POINT (-75.57438254356384 6.2283712162642235),1,16770.0,POINT (-75.5948708 6.222133500000001),casa,0,True,False,2026-11-11
252295,348207,12.0,Alfred Initial Transport,VEHICLE_TRANSPORTATION,35000.0,2025-06-08 10:58:24.405000-05:00,2026-11-11 10:37:00-05:00,2026-11-11 11:29:04-05:00,2036,,2026-11-09 10:58:24.355000-05:00,2026-11-11 10:40:00-05:00,B2C,63580.0,COMPLETED,106778.0,POINT (-75.5697983 6.227549600000001),106778.0,POINT (-75.5697983 6.227549600000001),1,55748.0,POINT (-75.55748439999999 6.252939599999999),Apartamento,0,True,False,2026-11-11
252295,348208,3.0,Wash and Polish,WASH_AND_POLISH,39380.0,2025-06-08 10:58:24.465000-05:00,2026-11-11 11:29:04-05:00,2026-11-11 11:41:44-05:00,,643.0,2026-11-09 10:58:24.355000-05:00,2026-11-11 10:40:00-05:00,B2C,63580.0,COMPLETED,106778.0,POINT (-75.5697983 6.227549600000001),106778.0,POINT (-75.5697983 6.227549600000001),1,33695.0,POINT (-75.56576609999999 6.2008911),Shop -,1,True,False,2026-11-11
252295,348209,2.0,Alfred Transport,VEHICLE_TRANSPORTATION,35000.0,2025-06-08 10:58:24.518000-05:00,2026-11-11 11:41:44-05:00,2026-11-11 12:40:25-05:00,2036,,2026-11-09 10:58:24.355000-05:00,2026-11-11 10:40:00-05:00,B2C,63580.0,COMPLETED,106778.0,POINT (-75.5697983 6.227549600000001),106778.0,POINT (-75.5697983 6.227549600000001),1,55748.0,POINT (-75.55748439999999 6.252939599999999),Apartamento,2,True,False,2026-11-11
252350,348268,12.0,Alfred Initial Transport,VEHICLE_TRANSPORTATION,35000.0,2025-06-08 19:35:06.174000-05:00,2026-11-11 12:00:00-05:00,2026-11-11 13:43:22-05:00,5366,,2026-11-09 19:35:06.123000-05:00,2026-11-11 12:00:00-05:00,B2C,55018.0,COMPLETED,87047.0,POINT (-74.1669587 4.613533299999999),87047.0,POINT (-74.1669587 4.613533299999999),149,93651.0,POINT (-74.08878779999999 4.7315578),ALFRED,0,True,False,2026-11-11
252350,348269,3.0,Wash and Polish,WASH_AND_POLISH,33250.0,2025-06-08 19:35:06.246000-05:00,2026-11-11 13:43:22-05:00,2026-11-11 14:38:12-05:00,,4185.0,2026-11-09 19:35:06.123000-05:00,2026-11-11 12:00:00-05:00,B2C,55018.0,COMPLETED,87047.0,POINT (-74.1669587 4.613533299999999),87047.0,POINT (-74.1669587 4.613533299999999),149,130143.0,POINT (-74.1352285 4.6188556),Quality - Centro Comercial Plaza de las Americas,1,True,False,2026-11-11
252350,348270,2.0,Alfred Transport,VEHICLE_TRANSPORTATION,35000.0,2025-06-08 19:35:06.305000-05:00,2026-11-11 14:38:12-05:00,2026-11-11 15:18:28-05:00,5366,,2026-11-09 19:35:06.123000-05:00,2026-11-11 12:00:00-05:00,B2C,55018.0,COMPLETED,87047.0,POINT (-74.1669587 4.613533299999999),87047.0,POINT (-74.1669587 4.613533299999999),149,93651.0,POINT (-74.08878779999999 4.7315578),ALFRED,2,True,False,2026-11-11
252462,348386,12.0,Alfred Initial Transport,VEHICLE_TRANSPORTATION,65004.0,2025-06-09 09:53:24.319000-05:00,2026-11-11 13:53:00-05:00,2026-11-11 13:58:00-05:00,26834,,2026-11-10 09:53:24.296000-05:00,2026-11-11 14:00:00-05:00,B2B,64782.0,COMPLETED,139591.0,POINT (-76.50690370000001 3.4729523),139591.0,POINT (-76.50690370000001 3.4729523),1004,71101.0,POINT (-76.4876642 3.455582),Casa,0,True,False,2026-11-11
252462,348387,10.0,Paint Job,PAINT_JOB,0.0,2025-06-09 09:53:24.357000-05:00,2026-11-11 13:58:00-05:00,2026-12-22 10:00:00-05:00,,854.0,2026-11-10 09:53:24.296000-05:00,2026-11-11 14:00:00-05:00,B2B,64782.0,COMPLETED,139591.0,POINT (-76.50690370000001 3.4729523),139591.0,POINT (-76.50690370000001 3.4729523),1004,58798.0,POINT (-76.5421774 3.4259662),Automotriz On line SD,1,True,False,2026-11-11
252479,348404,12.0,Alfred Initial Transport,VEHICLE_TRANSPORTATION,35000.0,2025-06-09 10:17:31.962000-05:00,2026-11-11 06:56:00-05:00,2026-11-11 08:47:00-05:00,5366,,2026-11-09 10:17:31.921000-05:00,2026-11-11 07:00:00-05:00,B2C,74168.0,COMPLETED,138310.0,POINT (-74.044093 4.708311),138310.0,POINT (-74.044093 4.708311),149,93651.0,POINT (-74.08878779999999 4.7315578),ALFRED,0,True,False,2026-11-11
252479,348405,6.0,General Mechanics,GENERAL_MECHANICS,0.0,2025-06-09 10:17:31.993000-05:00,2026-11-11 08:47:00-05:00,2026-11-11 14:33:00-05:00,,3671.0,2026-11-09 10:17:31.921000-05:00,2026-11-11 07:00:00-05:00,B2C,74168.0,COMPLETED,138310.0,POINT (-74.044093 4.708311),138310.0,POINT (-74.044093 4.708311),149,116159.0,POINT (-74.0685003 4.672187699999999),Mazfor,1,True,False,2026-11-11
252479,348406,2.0,Alfred Transport,VEHICLE_TRANSPORTATION,35000.0,2025-06-09 10:17:32.002000-05:00,2026-11-11 14:33:00-05:00,2026-11-11 15:42:00-05:00,11714,,2026-11-09 10:17:31.921000-05:00,2026-11-11 07:00:00-05:00,B2C,74168.0,COMPLETED,138310.0,POINT (-74.044093 4.708311),138310.0,POINT (-74.044093 4.708311),149,18448.0,POINT (-74.2377623 4.564346899999999),casa,2,True,False,2026-11-11
252502,348433,12.0,Alfred Initial Transport,VEHICLE_TRANSPORTATION,35000.0,2025-06-09 10:56:21.341000-05:00,2026-11-11 10:20:00-05:00,2026-11-11 11:26:28-05:00,72680,,2026-11-08 10:56:21.295000-05:00,2026-11-11 11:00:00-05:00,B2C,34019.0,COMPLETED,49974.0,POINT (-76.5041756 3.5255233),49974.0,POINT (-76.5041756 3.5255233),1004,132403.0,POINT (-76.4651154 3.4282175),Casa,0,True,False,2026-11-11
252502,348434,3.0,Wash and Polish,WASH_AND_POLISH,28002.0,2025-06-09 10:56:21.399000-05:00,2026-11-11 11:26:28-05:00,2026-11-11 12:17:33-05:00,,1081.0,2026-11-08 10:56:21.295000-05:00,2026-11-11 11:00:00-05:00,B2C,34019.0,COMPLETED,49974.0,POINT (-76.5041756 3.5255233),49974.0,POINT (-76.5041756 3.5255233),1004,85107.0,POINT (-76.53012650000001 3.4665796),Pits Detailing Wash - Av Sexta Cali,1,True,False,2026-11-11
252502,348435,2.0,Alfred Transport,VEHICLE_TRANSPORTATION,35000.0,2025-06-09 10:56:21.449000-05:00,2026-11-11 12:17:33-05:00,2026-11-11 12:52:25-05:00,72680,,2026-11-08 10:56:21.295000-05:00,2026-11-11 11:00:00-05:00,B2C,34019.0,COMPLETED,49974.0,POINT (-76.5041756 3.5255233),49974.0,POINT (-76.5041756 3.5255233),1004,132403.0,POINT (-76.4651154 3.4282175),Casa,2,True,False,2026-11-11
252538,348475,12.0,Alfred Initial Transport,VEHICLE_TRANSPORTATION,55663.0,2025-06-09 11:45:10.323000-05:00,2026-11-11 06:47:00-05:00,2026-11-11 08:28:00-05:00,719,,2026-11-08 11:45:10.256000-05:00,2026-11-11 07:00:00-05:00,B2B,68221.0,COMPLETED,139622.0,POINT (-74.0844126 4.666761699999999),10.0,POINT (-74.075015 4.69416),149,9575.0,POINT (-74.1474839 4.6118768),Apartamento,0,True,False,2026-11-11
252579,348519,12.0,Alfred Initial Transport,VEHICLE_TRANSPORTATION,35000.0,2025-06-09 12:59:46.629000-05:00,2026-11-11 14:10:15-05:00,2026-11-11 15:32:29-05:00,11712,,2026-11-10 12:59:46.569000-05:00,2026-11-11 13:00:00-05:00,B2C,62709.0,COMPLETED,109259.0,POINT (-74.0814472 4.570976),109259.0,POINT (-74.0814472 4.570976),149,67588.0,POINT (-74.1563294 4.6057898),Casa,0,True,False,2026-11-11
252579,348520,3.0,Wash and Polish,WASH_AND_POLISH,22610.0,2025-06-09 12:59:46.701000-05:00,2026-11-11 15:32:29-05:00,2026-11-11 15:45:55-05:00,,881.0,2026-11-10 12:59:46.569000-05:00,2026-11-11 13:00:00-05:00,B2C,62709.0,COMPLETED,109259.0,POINT (-74.0814472 4.570976),109259.0,POINT (-74.0814472 4.570976),149,132287.0,POINT (-74.1257024196434 4.568297647307015),Multiservicios Megamotors,1,True,False,2026-11-11
252579,348521,2.0,Alfred Transport,VEHICLE_TRANSPORTATION,35000.0,2025-06-09 12:59:46.757000-05:00,2026-11-11 15:45:55-05:00,2026-11-11 19:02:50-05:00,11712,,2026-11-10 12:59:46.569000-05:00,2026-11-11 13:00:00-05:00,B2C,62709.0,COMPLETED,109259.0,POINT (-74.0814472 4.570976),109259.0,POINT (-74.0814472 4.570976),149,67588.0,POINT (-74.1563294 4.6057898),Casa,2,True,False,2026-11-11
252630,348580,12.0,Alfred Initial Transport,VEHICLE_TRANSPORTATION,55663.0,2025-06-09 14:59:59.566000-05:00,2026-11-11 12:02:00-05:00,2026-11-11 12:14:00-05:00,68168,,2026-11-10 14:59:59.248000-05:00,2026-11-11 10:30:00-05:00,B2B,69934.0,COMPLETED,139664.0,POINT (-74.0401961 4.6786756),25578.0,POINT (-74.0871909 4.676089999999999),149,120850.0,POINT (-74.0293686 4.7648946),Apartamento,0,True,False,2026-11-11
252644,348597,12.0,Alfred Initial Transport,VEHICLE_TRANSPORTATION,55663.0,2025-06-09 15:19:11.378000-05:00,2026-11-11 08:00:00-05:00,2026-11-11 09:17:00-05:00,70934,,2026-11-09 15:19:11.298000-05:00,2026-11-11 08:00:00-05:00,B2B,71460.0,COMPLETED,139668.0,POINT (-74.0490051 4.6525028),19.0,POINT (-74.075997 4.693477),149,128219.0,POINT (-74.19197489999999 4.6331451),Casa,0,True,False,2026-11-11
252655,348608,12.0,Alfred Initial Transport,VEHICLE_TRANSPORTATION,49485.0,2025-06-09 15:29:00.423000-05:00,2026-11-11 12:15:00-05:00,2026-11-11 14:34:00-05:00,26348,,2026-11-09 15:29:00.357000-05:00,2026-11-11 12:30:00-05:00,B2B,64404.0,COMPLETED,33856.0,POINT (-74.043407 4.744333999999999),112090.0,POINT (-74.1439638 4.6360548),149,35906.0,POINT (-74.10570919999999 4.7142156),Casa,0,True,False,2026-11-11
252656,348609,12.0,Alfred Initial Transport,VEHICLE_TRANSPORTATION,49485.0,2025-06-09 15:29:19.341000-05:00,2026-11-11 09:01:00-05:00,2026-11-11 10:45:00-05:00,10491,,2026-11-10 15:29:19.275000-05:00,2026-11-11 10:00:00-05:00,B2B,45838.0,COMPLETED,139674.0,POINT (-75.56157499999999 6.2077031),102162.0,POINT (-75.564082 6.2082589),1,16770.0,POINT (-75.5948708 6.222133500000001),casa,0,True,False,2026-11-11
252760,348720,12.0,Alfred Initial Transport,VEHICLE_TRANSPORTATION,55663.0,2025-06-09 17:27:22.746000-05:00,2026-11-11 07:27:00-05:00,2026-11-11 08:54:00-05:00,5832,,2026-11-08 17:27:22.685000-05:00,2026-11-11 07:30:00-05:00,B2B,31425.0,COMPLETED,139700.0,POINT (-74.0268952 4.7178505),17793.0,POINT (-74.05576889999999 4.712595600000001),149,98373.0,POINT (-74.0805306 4.755374499999999),casa,0,True,False,2026-11-11
252777,348737,12.0,Alfred Initial Transport,VEHICLE_TRANSPORTATION,57789.0,2025-06-09 17:40:58.444000-05:00,2026-11-11 09:44:00-05:00,2026-11-11 11:35:00-05:00,70431,,2026-11-10 17:40:58.364000-05:00,2026-11-11 10:00:00-05:00,B2B,70094.0,COMPLETED,80788.0,POINT (-74.1061592 4.659741299999999),97684.0,POINT (-74.0546021 4.7135644),149,126994.0,POINT (-74.1988555 4.5810069),Casa,0,True,False,2026-11-11
253055,349043,12.0,Alfred Initial Transport,VEHICLE_TRANSPORTATION,35000.0,2025-06-10 10:26:44.033000-05:00,2026-11-11 09:23:00-05:00,2026-11-11 10:49:00-05:00,719,,2026-11-09 10:26:43.987000-05:00,2026-11-11 09:30:00-05:00,B2C,34406.0,COMPLETED,52835.0,POINT (-74.0930462 4.6044909),52835.0,POINT (-74.0930462 4.6044909),149,9575.0,POINT (-74.1474839 4.6118768),Apartamento,0,True,False,2026-11-11
253055,349044,3.0,Wash and Polish,WASH_AND_POLISH,41829.0,2025-06-10 10:26:44.094000-05:00,2026-11-11 10:49:00-05:00,2026-11-11 11:59:00-05:00,,4227.0,2026-11-09 10:26:43.987000-05:00,2026-11-11 09:30:00-05:00,B2C,34406.0,COMPLETED,52835.0,POINT (-74.0930462 4.6044909),52835.0,POINT (-74.0930462 4.6044909),149,137671.0,POINT (-74.10951 4.6329257),Detailing Vans Colombia- Puente Aranda,1,True,False,2026-11-11
253055,349045,2.0,Alfred Transport,VEHICLE_TRANSPORTATION,35000.0,2025-06-10 10:26:44.144000-05:00,2026-11-11 11:59:00-05:00,2026-11-11 13:29:01-05:00,719,,2026-11-09 10:26:43.987000-05:00,2026-11-11 09:30:00-05:00,B2C,34406.0,COMPLETED,52835.0,POINT (-74.0930462 4.6044909),52835.0,POINT (-74.0930462 4.6044909),149,9575.0,POINT (-74.1474839 4.6118768),Apartamento,2,True,False,2026-11-11
253100,349094,12.0,Alfred Initial Transport,VEHICLE_TRANSPORTATION,52440.0,2025-06-10 12:20:07.312000-05:00,2026-11-11 13:10:00-05:00,2026-11-11 14:06:00-05:00,71852,,2026-11-09 12:20:07.246000-05:00,2026-11-11 13:30:00-05:00,B2B,25807.0,COMPLETED,139799.0,POINT (-74.8298203 11.0115886),117286.0,POINT (-74.80465445403671 11.003221388928484),126,130778.0,POINT (-74.7938234 10.9313923),Casa,0,True,False,2026-11-11
253134,349128,12.0,Alfred Initial Transport,VEHICLE_TRANSPORTATION,55663.0,2025-06-10 13:27:26.146000-05:00,2026-11-11 12:38:00-05:00,2026-11-11 13:58:00-05:00,10491,,2026-11-05 13:27:26.072000-05:00,2026-11-11 13:30:00-05:00,B2B,72887.0,COMPLETED,139820.0,POINT (-75.5844746 6.2188058),4852.0,POINT (-75.56991479999999 6.2276503),1,16770.0,POINT (-75.5948708 6.222133500000001),casa,0,True,False,2026-11-11
253204,349206,12.0,Alfred Initial Transport,VEHICLE_TRANSPORTATION,55663.0,2025-06-10 15:39:38.811000-05:00,2026-11-11 07:53:00-05:00,2026-11-11 08:17:47-05:00,70431,,2026-11-03 15:39:38.749000-05:00,2026-11-11 08:00:00-05:00,B2B,74698.0,FAILED,139851.0,POINT (-74.0480508 4.6966665),28798.0,POINT (-74.08720430000001 4.6760977),149,126994.0,POINT (-74.1988555 4.5810069),Casa,0,True,False,2026-11-11
253219,349223,12.0,Alfred Initial Transport,VEHICLE_TRANSPORTATION,52988.0,2025-06-10 16:01:21.200000-05:00,2026-11-11 08:58:00-05:00,2026-11-11 09:42:00-05:00,6412,,2026-11-09 16:01:21.137000-05:00,2026-11-11 09:00:00-05:00,B2B,35163.0,COMPLETED,139854.0,POINT (-73.1062845 7.0612044),139855.0,POINT (-73.11349229999999 7.108438599999999),844,12312.0,POINT (-73.1037471 7.0910492),Apartamento,0,True,False,2026-11-11
253235,349240,12.0,Alfred Initial Transport,VEHICLE_TRANSPORTATION,80663.0,2025-06-10 16:16:37.429000-05:00,2026-11-11 15:23:00-05:00,2026-11-11 21:37:00-05:00,11714,,2026-11-09 16:16:37.356000-05:00,2026-11-11 17:00:00-05:00,B2B,31424.0,COMPLETED,17793.0,POINT (-74.05576889999999 4.712595600000001),136098.0,POINT (-74.200572 4.5772655),149,18448.0,POINT (-74.2377623 4.564346899999999),casa,0,True,False,2026-11-11
253496,349514,12.0,Alfred Initial Transport,VEHICLE_TRANSPORTATION,80663.0,2025-06-11 07:36:51.808000-05:00,2026-11-11 08:01:00-05:00,2026-11-11 09:39:00-05:00,68168,,2026-11-10 07:36:51.746000-05:00,2026-11-11 08:00:00-05:00,B2B,29150.0,COMPLETED,137639.0,POINT (-74.07066259999999 4.8008188),29156.0,POINT (-74.03727236805345 4.878226952715764),149,120850.0,POINT (-74.0293686 4.7648946),Apartamento,0,True,False,2026-11-11
253541,349566,12.0,Alfred Initial Transport,VEHICLE_TRANSPORTATION,57789.0,2025-06-11 09:13:26.346000-05:00,2026-11-11 07:47:00-05:00,2026-11-11 09:17:00-05:00,10449,,2026-11-05 09:13:26.272000-05:00,2026-11-11 08:00:00-05:00,B2B,70094.0,COMPLETED,39388.0,POINT (-74.1055861 4.659453),39388.0,POINT (-74.1055861 4.659453),149,16682.0,POINT (-74.1691584 4.6514129),casa,0,True,False,2026-11-11
253541,352564,2.0,Alfred Transport,VEHICLE_TRANSPORTATION,57789.0,2025-06-17 08:43:38.043000-05:00,2026-11-11 09:17:00-05:00,2026-11-11 09:44:00-05:00,10449,,2026-11-05 09:13:26.272000-05:00,2026-11-11 08:00:00-05:00,B2B,70094.0,COMPLETED,39388.0,POINT (-74.1055861 4.659453),39388.0,POINT (-74.1055861 4.659453),149,16682.0,POINT (-74.1691584 4.6514129),casa,1,True,False,2026-11-11
253541,352563,16.0,Tanqueo Terpel (Corriente),OTHER_LABORS,50000.0,2025-06-17 08:43:38.031000-05:00,2026-11-11 09:17:00-05:00,2026-11-11 09:17:00-05:00,,663.0,2026-11-05 09:13:26.272000-05:00,2026-11-11 08:00:00-05:00,B2B,70094.0,COMPLETED,39388.0,POINT (-74.1055861 4.659453),39388.0,POINT (-74.1055861 4.659453),149,40038.0,POINT (-74.1393413 4.6948438),TERPEL AEROPUERTO,2,True,False,2026-11-11
253541,349654,3.0,Wash and Polish,WASH_AND_POLISH,37013.0,2025-06-11 10:28:36.451000-05:00,2026-11-11 09:44:00-05:00,2026-11-11 09:44:00-05:00,,934.0,2026-11-05 09:13:26.272000-05:00,2026-11-11 08:00:00-05:00,B2B,70094.0,COMPLETED,39388.0,POINT (-74.1055861 4.659453),39388.0,POINT (-74.1055861 4.659453),149,72261.0,POINT (-74.1089748 4.6597407),Deluxe CWF,3,True,False,2026-11-11
253541,349655,2.0,Alfred Transport,VEHICLE_TRANSPORTATION,57789.0,2025-06-11 10:28:36.496000-05:00,2026-11-11 10:42:00-05:00,2026-11-11 11:03:00-05:00,10449,,2026-11-05 09:13:26.272000-05:00,2026-11-11 08:00:00-05:00,B2B,70094.0,COMPLETED,39388.0,POINT (-74.1055861 4.659453),39388.0,POINT (-74.1055861 4.659453),149,16682.0,POINT (-74.1691584 4.6514129),casa,4,True,False,2026-11-11
253543,349568,12.0,Alfred Initial Transport,VEHICLE_TRANSPORTATION,55663.0,2025-06-11 09:13:52.347000-05:00,2026-11-11 16:36:00-05:00,2026-11-11 20:13:00-05:00,5832,,2026-11-09 09:13:52.282000-05:00,2026-11-11 16:30:00-05:00,B2B,30027.0,COMPLETED,15.0,POINT (-74.065413 4.759951),67595.0,POINT (-74.0588765 4.7905312),149,98373.0,POINT (-74.0805306 4.755374499999999),casa,0,True,False,2026-11-11
253619,349678,12.0,Alfred Initial Transport,VEHICLE_TRANSPORTATION,55663.0,2025-06-11 10:58:25.560000-05:00,2026-11-11 09:56:00-05:00,2026-11-11 11:38:00-05:00,2036,,2026-11-08 10:58:25.499000-05:00,2026-11-11 10:30:00-05:00,B2B,72887.0,COMPLETED,4852.0,POINT (-75.56991479999999 6.2276503),129192.0,POINT (-75.5591045 6.182770899999999),1,55748.0,POINT (-75.55748439999999 6.252939599999999),Apartamento,0,True,False,2026-11-11
253681,349753,12.0,Alfred Initial Transport,VEHICLE_TRANSPORTATION,74485.0,2025-06-11 13:19:05.824000-05:00,2026-11-11 09:45:00-05:00,2026-11-11 10:40:00-05:00,211,,2026-11-09 13:19:05.755000-05:00,2026-11-11 10:00:00-05:00,B2B,64404.0,COMPLETED,111373.0,POINT (-74.031948 4.8419504),33850.0,POINT (-74.0389556 4.8005013),149,56465.0,POINT (-74.0877144 4.7271318),Casa,0,True,False,2026-11-11
253690,349762,12.0,Alfred Initial Transport,VEHICLE_TRANSPORTATION,80663.0,2025-06-11 13:31:10.261000-05:00,2026-11-11 12:05:00-05:00,2026-11-11 13:50:00-05:00,31857,,2026-11-10 13:31:10.199000-05:00,2026-11-11 13:00:00-05:00,B2B,72887.0,COMPLETED,135435.0,POINT (-75.43770470000001 6.1771331),4870.0,POINT (-75.56977909999999 6.2277346),1,44375.0,POINT (-75.58290559999999 6.155980599999999),Apto,0,True,False,2026-11-11
253695,349768,12.0,Alfred Initial Transport,VEHICLE_TRANSPORTATION,55663.0,2025-06-11 13:42:41.728000-05:00,2026-11-11 08:24:00-05:00,2026-11-11 09:34:00-05:00,6229,,2026-11-05 13:42:41.666000-05:00,2026-11-11 08:30:00-05:00,B2B,68221.0,COMPLETED,139995.0,POINT (-74.0506405 4.6605854),10.0,POINT (-74.075015 4.69416),149,11727.0,POINT (-74.0583698 4.6510839),Casa,0,True,False,2026-11-11
253756,349836,12.0,Alfred Initial Transport,VEHICLE_TRANSPORTATION,80663.0,2025-06-11 15:34:06.307000-05:00,2026-11-11 09:11:00-05:00,2026-11-11 11:45:00-05:00,11988,,2026-11-09 15:34:06.241000-05:00,2026-11-11 10:30:00-05:00,B2B,69934.0,COMPLETED,140026.0,POINT (-74.0651125 4.8512831),29156.0,POINT (-74.03727236805345 4.878226952715764),149,20721.0,POINT (-74.0286017 4.9203296),casa,0,True,False,2026-11-11
253867,349952,12.0,Alfred Initial Transport,VEHICLE_TRANSPORTATION,55663.0,2025-06-11 17:32:32.064000-05:00,2026-11-11 08:26:00-05:00,2026-11-11 10:57:00-05:00,69861,,2026-11-10 17:32:31.996000-05:00,2026-11-11 11:30:00-05:00,B2B,25046.0,COMPLETED,140061.0,POINT (-74.1348933 4.6477205),26611.0,POINT (-74.0852941 4.6227855),149,125737.0,POINT (-74.18022189999999 4.624224),Apartamento,0,True,False,2026-11-11
254417,350543,12.0,Alfred Initial Transport,VEHICLE_TRANSPORTATION,55663.0,2025-06-12 16:05:04.982000-05:00,2026-11-11 06:43:00-05:00,2026-11-11 08:50:00-05:00,20111,,2026-11-07 16:05:04.916000-05:00,2026-11-11 08:00:00-05:00,B2B,21634.0,COMPLETED,140214.0,POINT (-75.6319583 6.167473700000001),140215.0,POINT (-75.5856515 6.183439799999999),1,25905.0,POINT (-75.594906 6.190818699999999),Apto,0,True,False,2026-11-11
254438,350564,12.0,Alfred Initial Transport,VEHICLE_TRANSPORTATION,55663.0,2025-06-12 16:25:35.679000-05:00,2026-11-11 09:20:00-05:00,2026-11-11 11:02:00-05:00,2036,,2026-11-10 16:25:35.599000-05:00,2026-11-11 10:01:00-05:00,B2B,25091.0,COMPLETED,140220.0,POINT (-75.5856515 6.183439799999999),140221.0,POINT (-75.6075513 6.223625999999999),1,55748.0,POINT (-75.55748439999999 6.252939599999999),Apartamento,0,True,False,2026-11-11
254498,350626,12.0,Alfred Initial Transport,VEHICLE_TRANSPORTATION,55663.0,2025-06-12 17:31:16.878000-05:00,2026-11-11 09:02:00-05:00,2026-11-11 11:03:00-05:00,10491,,2026-11-04 17:31:16.813000-05:00,2026-11-11 10:00:00-05:00,B2B,72887.0,COMPLETED,140229.0,POINT (-75.5745203 6.2288388),4849.0,POINT (-75.5697983 6.227549600000001),1,16770.0,POINT (-75.5948708 6.222133500000001),casa,0,True,False,2026-11-11
254758,350900,12.0,Alfred Initial Transport,VEHICLE_TRANSPORTATION,49485.0,2025-06-13 10:07:37.179000-05:00,2026-11-11 14:44:00-05:00,2026-11-11 16:51:00-05:00,719,,2026-11-07 10:07:37.064000-05:00,2026-11-11 15:00:00-05:00,B2B,64404.0,COMPLETED,33851.0,POINT (-74.06467649999999 4.7610987),140313.0,POINT (-74.133251 4.678258999999999),149,9575.0,POINT (-74.1474839 4.6118768),Apartamento,0,True,False,2026-11-11
254778,350921,12.0,Alfred Initial Transport,VEHICLE_TRANSPORTATION,80663.0,2025-06-13 10:45:11.038000-05:00,2026-11-11 07:03:00-05:00,2026-11-11 10:15:00-05:00,10451,,2026-11-07 10:45:10.964000-05:00,2026-11-11 08:30:00-05:00,B2B,63345.0,COMPLETED,140327.0,POINT (-73.9518717 4.7456292),140328.0,POINT (-74.02895649999999 4.7040977),149,16688.0,POINT (-74.0202608 4.6664181),casa,0,True,False,2026-11-11
254791,350934,12.0,Alfred Initial Transport,VEHICLE_TRANSPORTATION,49485.0,2025-06-13 11:14:43.481000-05:00,2026-11-11 07:28:00-05:00,2026-11-11 09:40:00-05:00,20269,,2026-11-07 11:14:43.420000-05:00,2026-11-11 08:00:00-05:00,B2B,67756.0,COMPLETED,109863.0,POINT (-76.5077464 3.4117344),75827.0,POINT (-76.53965687916794 3.4516627253884913),1004,26088.0,POINT (-76.493671 3.414003),Casa,0,True,False,2026-11-11
254864,351019,12.0,Alfred Initial Transport,VEHICLE_TRANSPORTATION,55663.0,2025-06-13 14:14:58.320000-05:00,2026-11-11 13:06:00-05:00,2026-11-11 15:01:00-05:00,2036,,2026-11-08 14:14:58.258000-05:00,2026-11-11 14:00:00-05:00,B2B,20277.0,COMPLETED,140376.0,POINT (-75.5511224 6.200878500000001),3128.0,POINT (-75.5814053 6.214877200000001),1,55748.0,POINT (-75.55748439999999 6.252939599999999),Apartamento,0,True,False,2026-11-11
254888,351043,12.0,Alfred Initial Transport,VEHICLE_TRANSPORTATION,55663.0,2025-06-13 14:51:35.155000-05:00,2026-11-11 12:39:00-05:00,2026-11-11 13:37:00-05:00,20269,,2026-11-06 14:51:35.072000-05:00,2026-11-11 14:00:00-05:00,B2B,31481.0,COMPLETED,43816.0,POINT (-76.5389012 3.38733),112257.0,POINT (-76.5477394 3.340367),1004,26088.0,POINT (-76.493671 3.414003),Casa,0,True,False,2026-11-11
255213,351385,12.0,Alfred Initial Transport,VEHICLE_TRANSPORTATION,74485.0,2025-06-14 08:25:22.639000-05:00,2026-11-11 09:33:00-05:00,2026-11-11 10:40:00-05:00,5832,,2026-11-09 08:25:22.573000-05:00,2026-11-11 09:30:00-05:00,B2B,64404.0,COMPLETED,140444.0,POINT (-74.1038631 4.8071505),33856.0,POINT (-74.043407 4.744333999999999),149,98373.0,POINT (-74.0805306 4.755374499999999),casa,0,True,False,2026-11-11
255290,351470,12.0,Alfred Initial Transport,VEHICLE_TRANSPORTATION,55663.0,2025-06-14 11:21:20.628000-05:00,2026-11-11 07:49:00-05:00,2026-11-11 07:50:00-05:00,70431,,2026-11-08 11:21:20.561000-05:00,2026-11-11 08:00:00-05:00,B2B,20277.0,FAILED,45190.0,POINT (-74.0451533 4.6771341),88962.0,POINT (-74.0664381 4.6704091),149,126994.0,POINT (-74.1988555 4.5810069),Casa,0,True,False,2026-11-11
255666,351868,12.0,Alfred Initial Transport,VEHICLE_TRANSPORTATION,55663.0,2025-06-16 07:58:02.863000-05:00,2026-11-11 06:52:00-05:00,2026-11-11 07:31:00-05:00,2306,,2026-11-07 07:58:02.806000-05:00,2026-11-11 07:00:00-05:00,B2B,31481.0,COMPLETED,134968.0,POINT (-76.54304139999999 3.3470731),43816.0,POINT (-76.5389012 3.38733),1004,109102.0,POINT (-76.5710842 3.406073),Alfred,0,True,False,2026-11-11
255744,351951,12.0,Alfred Initial Transport,VEHICLE_TRANSPORTATION,55663.0,2025-06-16 10:33:39.632000-05:00,2026-11-11 06:55:00-05:00,2026-11-11 08:25:00-05:00,719,,2026-11-08 10:33:39.534000-05:00,2026-11-11 07:00:00-05:00,B2B,66600.0,COMPLETED,140621.0,POINT (-74.0840223 4.693518399999999),140622.0,POINT (-74.0664901 4.6872453),149,9575.0,POINT (-74.1474839 4.6118768),Apartamento,0,True,False,2026-11-11
255865,352079,12.0,Alfred Initial Transport,VEHICLE_TRANSPORTATION,35000.0,2025-06-16 13:50:47.746000-05:00,2026-11-11 08:50:00-05:00,2026-11-11 09:52:00-05:00,69860,,2026-11-10 13:50:47.701000-05:00,2026-11-11 10:30:00-05:00,B2C,54543.0,COMPLETED,88476.0,POINT (-74.0321269 4.841566599999999),88476.0,POINT (-74.0321269 4.841566599999999),149,125736.0,POINT (-74.0313506 4.7138433),Apartamento,0,True,False,2026-11-11
255865,352080,3.0,Wash and Polish,WASH_AND_POLISH,346450.0,2025-06-16 13:50:47.813000-05:00,2026-11-11 09:52:00-05:00,2026-11-11 13:41:00-05:00,,896.0,2026-11-10 13:50:47.701000-05:00,2026-11-11 10:30:00-05:00,B2C,54543.0,COMPLETED,88476.0,POINT (-74.0321269 4.841566599999999),88476.0,POINT (-74.0321269 4.841566599999999),149,67240.0,POINT (-74.09878239999999 4.8135524),Deluxe Detailling Car Wash Cota,1,True,False,2026-11-11
255865,352081,2.0,Alfred Transport,VEHICLE_TRANSPORTATION,35000.0,2025-06-16 13:50:47.862000-05:00,2026-11-11 13:41:00-05:00,2026-11-11 16:57:00-05:00,5366,,2026-11-10 13:50:47.701000-05:00,2026-11-11 10:30:00-05:00,B2C,54543.0,COMPLETED,88476.0,POINT (-74.0321269 4.841566599999999),88476.0,POINT (-74.0321269 4.841566599999999),149,93651.0,POINT (-74.08878779999999 4.7315578),ALFRED,2,True,False,2026-11-11
256014,352240,12.0,Alfred Initial Transport,VEHICLE_TRANSPORTATION,57789.0,2025-06-16 16:48:38.671000-05:00,2026-11-11 07:34:00-05:00,2026-11-11 09:10:00-05:00,6229,,2026-11-03 16:48:38.588000-05:00,2026-11-11 08:00:00-05:00,B2B,71684.0,COMPLETED,140725.0,POINT (-74.0540729 4.6742417),140726.0,POINT (-74.1114277 4.6445788),149,11727.0,POINT (-74.0583698 4.6510839),Casa,0,True,False,2026-11-11
256314,352546,12.0,Alfred Initial Transport,VEHICLE_TRANSPORTATION,55663.0,2025-06-17 08:08:56.182000-05:00,2026-11-11 06:42:00-05:00,2026-11-11 08:02:00-05:00,5366,,2026-11-10 08:08:56.109000-05:00,2026-11-11 07:00:00-05:00,B2B,20277.0,COMPLETED,45190.0,POINT (-74.0451533 4.6771341),88962.0,POINT (-74.0664381 4.6704091),149,93651.0,POINT (-74.08878779999999 4.7315578),ALFRED,0,True,False,2026-11-11
256360,352594,12.0,Alfred Initial Transport,VEHICLE_TRANSPORTATION,35000.0,2025-06-17 09:32:15.153000-05:00,2026-11-11 11:35:34-05:00,2026-11-11 12:45:54-05:00,2036,,2026-11-09 09:32:15.106000-05:00,2026-11-11 12:00:00-05:00,B2C,57346.0,COMPLETED,91695.0,POINT (-75.58936729999999 6.2517105),91695.0,POINT (-75.58936729999999 6.2517105),1,55748.0,POINT (-75.55748439999999 6.252939599999999),Apartamento,0,True,False,2026-11-11
256360,352595,3.0,Wash and Polish,WASH_AND_POLISH,31920.0,2025-06-17 09:32:15.214000-05:00,2026-11-11 12:45:54-05:00,2026-11-11 13:44:01-05:00,,205.0,2026-11-09 09:32:15.106000-05:00,2026-11-11 12:00:00-05:00,B2C,57346.0,COMPLETED,91695.0,POINT (-75.58936729999999 6.2517105),91695.0,POINT (-75.58936729999999 6.2517105),1,60610.0,POINT (-75.5946843 6.2121892),Lavado en seco Limpoint CC Arkadia,1,True,False,2026-11-11
256360,352596,2.0,Alfred Transport,VEHICLE_TRANSPORTATION,35000.0,2025-06-17 09:32:15.266000-05:00,2026-11-11 13:44:01-05:00,2026-11-11 14:38:09-05:00,2036,,2026-11-09 09:32:15.106000-05:00,2026-11-11 12:00:00-05:00,B2C,57346.0,COMPLETED,91695.0,POINT (-75.58936729999999 6.2517105),91695.0,POINT (-75.58936729999999 6.2517105),1,55748.0,POINT (-75.55748439999999 6.252939599999999),Apartamento,2,True,False,2026-11-11
256386,352622,12.0,Alfred Initial Transport,VEHICLE_TRANSPORTATION,55663.0,2025-06-17 10:11:51.481000-05:00,2026-11-11 07:05:00-05:00,2026-11-11 08:10:00-05:00,211,,2026-11-07 10:11:51.418000-05:00,2026-11-11 07:00:00-05:00,B2B,30027.0,COMPLETED,140789.0,POINT (-74.05051929999999 4.7098604),15.0,POINT (-74.065413 4.759951),149,56465.0,POINT (-74.0877144 4.7271318),Casa,0,True,False,2026-11-11
256388,352624,12.0,Alfred Initial Transport,VEHICLE_TRANSPORTATION,55663.0,2025-06-17 10:13:57.191000-05:00,2026-11-11 09:05:00-05:00,2026-11-11 10:19:00-05:00,2331,,2026-11-10 10:13:57.125000-05:00,2026-11-11 09:30:00-05:00,B2B,68221.0,COMPLETED,140278.0,POINT (-74.0461213 4.6942977),10.0,POINT (-74.075015 4.69416),149,56572.0,POINT (-74.2240796 4.5898388),Casa,0,True,False,2026-11-11
256393,352629,12.0,Alfred Initial Transport,VEHICLE_TRANSPORTATION,55663.0,2025-06-17 10:23:46.318000-05:00,2026-11-11 16:04:00-05:00,2026-11-11 16:28:00-05:00,70431,,2026-11-09 10:23:46.249000-05:00,2026-11-11 16:30:00-05:00,B2B,65643.0,FAILED,140792.0,POINT (-74.07476129999999 4.6939351),140805.0,POINT (-74.05228939999999 4.683417299999999),149,126994.0,POINT (-74.1988555 4.5810069),Casa,0,True,False,2026-11-11
256430,352669,12.0,Alfred Initial Transport,VEHICLE_TRANSPORTATION,55663.0,2025-06-17 11:11:55.605000-05:00,2026-11-11 07:27:00-05:00,2026-11-11 08:30:00-05:00,69860,,2026-11-03 11:11:55.537000-05:00,2026-11-11 08:00:00-05:00,B2B,30027.0,COMPLETED,140807.0,POINT (-74.0228973 4.7260323),15.0,POINT (-74.065413 4.759951),149,125736.0,POINT (-74.0313506 4.7138433),Apartamento,0,True,False,2026-11-11
256620,352882,12.0,Alfred Initial Transport,VEHICLE_TRANSPORTATION,35000.0,2025-06-17 15:54:15.060000-05:00,2026-11-11 11:54:20-05:00,2026-11-11 13:37:59-05:00,10500,,2026-11-10 15:54:15.014000-05:00,2026-11-11 12:00:00-05:00,B2C,33504.0,COMPLETED,49017.0,POINT (-74.1204824 4.6149485),49017.0,POINT (-74.1204824 4.6149485),149,16797.0,POINT (-74.118284 4.7485876),casa,0,True,False,2026-11-11
256620,352883,3.0,Wash and Polish,WASH_AND_POLISH,21850.0,2025-06-17 15:54:15.122000-05:00,2026-11-11 13:37:59-05:00,2026-11-11 13:38:03-05:00,,887.0,2026-11-10 15:54:15.014000-05:00,2026-11-11 12:00:00-05:00,B2C,33504.0,COMPLETED,49017.0,POINT (-74.1204824 4.6149485),49017.0,POINT (-74.1204824 4.6149485),149,64066.0,POINT (-74.1378628 4.6258655),Autolavado DLuxe Cars,1,True,False,2026-11-11
256620,352884,2.0,Alfred Transport,VEHICLE_TRANSPORTATION,35000.0,2025-06-17 15:54:15.175000-05:00,2026-11-11 13:38:03-05:00,2026-11-11 14:07:37-05:00,10500,,2026-11-10 15:54:15.014000-05:00,2026-11-11 12:00:00-05:00,B2C,33504.0,COMPLETED,49017.0,POINT (-74.1204824 4.6149485),49017.0,POINT (-74.1204824 4.6149485),149,16797.0,POINT (-74.118284 4.7485876),casa,2,True,False,2026-11-11
256719,352989,12.0,Alfred Initial Transport,VEHICLE_TRANSPORTATION,57789.0,2025-06-17 18:10:29.079000-05:00,2026-11-11 08:46:00-05:00,2026-11-11 10:17:00-05:00,5366,,2026-11-09 18:10:29.006000-05:00,2026-11-11 09:00:00-05:00,B2B,71684.0,COMPLETED,140930.0,POINT (-74.0621682 4.7248199),140931.0,POINT (-74.04490249999999 4.777037),149,93651.0,POINT (-74.08878779999999 4.7315578),ALFRED,0,True,False,2026-11-11
256726,352996,12.0,Alfred Initial Transport,VEHICLE_TRANSPORTATION,55663.0,2025-06-17 18:22:12.210000-05:00,2026-11-11 09:25:00-05:00,2026-11-11 10:57:00-05:00,69860,,2026-11-10 18:22:12.145000-05:00,2026-11-11 09:30:00-05:00,B2B,27317.0,COMPLETED,18702.0,POINT (-74.1103095 4.6459248),6814.0,POINT (-74.1098914 4.629117399999999),149,125736.0,POINT (-74.0313506 4.7138433),Apartamento,0,True,False,2026-11-11
256900,353180,12.0,Alfred Initial Transport,VEHICLE_TRANSPORTATION,35000.0,2025-06-18 08:45:43.189000-05:00,2026-11-11 09:07:00-05:00,2026-11-11 09:50:00-05:00,12077,,2026-11-10 08:45:43.135000-05:00,2026-11-11 09:00:00-05:00,B2C,76316.0,COMPLETED,139261.0,POINT (-76.522736 3.483155),139261.0,POINT (-76.522736 3.483155),1004,19281.0,POINT (-76.5468388 3.4090961),Apartamento,0,True,False,2026-11-11
256900,353181,3.0,Wash and Polish,WASH_AND_POLISH,28002.0,2025-06-18 08:45:43.252000-05:00,2026-11-11 09:50:00-05:00,2026-11-11 09:51:00-05:00,,1081.0,2026-11-10 08:45:43.135000-05:00,2026-11-11 09:00:00-05:00,B2C,76316.0,COMPLETED,139261.0,POINT (-76.522736 3.483155),139261.0,POINT (-76.522736 3.483155),1004,85107.0,POINT (-76.53012650000001 3.4665796),Pits Detailing Wash - Av Sexta Cali,1,True,False,2026-11-11
256900,353182,2.0,Alfred Transport,VEHICLE_TRANSPORTATION,35000.0,2025-06-18 08:45:43.307000-05:00,2026-11-11 09:51:00-05:00,2026-11-11 11:54:59-05:00,12077,,2026-11-10 08:45:43.135000-05:00,2026-11-11 09:00:00-05:00,B2C,76316.0,COMPLETED,139261.0,POINT (-76.522736 3.483155),139261.0,POINT (-76.522736 3.483155),1004,19281.0,POINT (-76.5468388 3.4090961),Apartamento,2,True,False,2026-11-11
257029,353324,12.0,Alfred Initial Transport,VEHICLE_TRANSPORTATION,55663.0,2025-06-18 12:34:01.249000-05:00,2026-11-11 11:53:00-05:00,2026-11-11 13:29:00-05:00,20111,,2026-11-05 12:34:01.176000-05:00,2026-11-11 13:00:00-05:00,B2B,71157.0,COMPLETED,4852.0,POINT (-75.56991479999999 6.2276503),141040.0,POINT (-75.5684936 6.221242699999999),1,25905.0,POINT (-75.594906 6.190818699999999),Apto,0,True,False,2026-11-11
257048,353343,2.0,Alfred Transport,VEHICLE_TRANSPORTATION,49485.0,2025-06-18 13:24:19.604000-05:00,2026-11-11 11:41:00-05:00,2026-11-11 12:48:00-05:00,11712,,2026-11-10 13:24:19.563000-05:00,2026-11-11 11:00:00-05:00,B2B,50217.0,COMPLETED,141048.0,POINT (-74.055921 4.669514),6811.0,POINT (-74.07450039999999 4.6948373),149,67588.0,POINT (-74.1563294 4.6057898),Casa,0,True,False,2026-11-11
257119,353423,12.0,Alfred Initial Transport,VEHICLE_TRANSPORTATION,52440.0,2025-06-18 15:28:16.021000-05:00,2026-11-11 11:28:00-05:00,2026-11-11 13:01:00-05:00,14946,,2026-11-10 15:28:15.940000-05:00,2026-11-11 12:00:00-05:00,B2B,25807.0,COMPLETED,141088.0,POINT (-74.82377699999999 11.0064859),117286.0,POINT (-74.80465445403671 11.003221388928484),126,56474.0,POINT (-74.79419462825471 10.906019892143393),Casa,0,True,False,2026-11-11
257186,353496,12.0,Alfred Initial Transport,VEHICLE_TRANSPORTATION,90004.0,2025-06-18 16:29:27.407000-05:00,2026-11-11 10:24:00-05:00,2026-11-11 11:52:00-05:00,9526,,2026-11-10 16:29:27.381000-05:00,2026-11-11 10:30:00-05:00,B2B,45184.0,COMPLETED,91522.0,POINT (-76.38704109999999 3.5356493),91522.0,POINT (-76.38704109999999 3.5356493),1004,15087.0,POINT (-76.35007879999999 3.4079059),Casa,0,True,False,2026-11-11
257186,353497,6.0,General Mechanics,GENERAL_MECHANICS,0.0,2025-06-18 16:29:27.446000-05:00,2026-11-11 11:52:00-05:00,2026-11-30 16:00:00-05:00,,4219.0,2026-11-10 16:29:27.381000-05:00,2026-11-11 10:30:00-05:00,B2B,45184.0,COMPLETED,91522.0,POINT (-76.38704109999999 3.5356493),91522.0,POINT (-76.38704109999999 3.5356493),1004,134188.0,POINT (-76.5199366 3.4448901),Autodealer  - Cali,1,True,False,2026-11-11
257193,353504,12.0,Alfred Initial Transport,VEHICLE_TRANSPORTATION,52988.0,2025-06-18 16:39:37.756000-05:00,2026-11-11 10:55:00-05:00,2026-11-11 11:52:00-05:00,11714,,2026-11-10 16:39:37.667000-05:00,2026-11-11 12:00:00-05:00,B2B,17799.0,FAILED,107104.0,POINT (-74.0709148 4.7408435),1.0,POINT (-74.045085 4.777223),149,18448.0,POINT (-74.2377623 4.564346899999999),casa,0,True,False,2026-11-11
257516,353837,12.0,Alfred Initial Transport,VEHICLE_TRANSPORTATION,55663.0,2025-06-19 10:12:39.977000-05:00,2026-11-11 06:37:00-05:00,2026-11-11 08:31:00-05:00,9526,,2026-11-06 10:12:39.900000-05:00,2026-11-11 07:00:00-05:00,B2B,31482.0,COMPLETED,137944.0,POINT (-76.5444971 3.3514804),43815.0,POINT (-76.5062106 3.5024871),1004,15087.0,POINT (-76.35007879999999 3.4079059),Casa,0,True,False,2026-11-11
257552,353877,12.0,Alfred Initial Transport,VEHICLE_TRANSPORTATION,55663.0,2025-06-19 11:03:33.717000-05:00,2026-11-11 06:42:00-05:00,2026-11-11 07:31:00-05:00,12077,,2026-11-04 11:03:33.661000-05:00,2026-11-11 07:00:00-05:00,B2B,31482.0,COMPLETED,104410.0,POINT (-76.4947404 3.5362664),43815.0,POINT (-76.5062106 3.5024871),1004,19281.0,POINT (-76.5468388 3.4090961),Apartamento,0,True,False,2026-11-11
257584,353916,12.0,Alfred Initial Transport,VEHICLE_TRANSPORTATION,55663.0,2025-06-19 12:00:22.469000-05:00,2026-11-11 14:38:00-05:00,2026-11-11 16:58:00-05:00,20111,,2026-11-10 12:00:22.403000-05:00,2026-11-11 15:30:00-05:00,B2B,21450.0,COMPLETED,28709.0,POINT (-75.5717425 6.2393756),141225.0,POINT (-75.6371748 6.090641599999999),1,25905.0,POINT (-75.594906 6.190818699999999),Apto,0,True,False,2026-11-11
257637,353974,12.0,Alfred Initial Transport,VEHICLE_TRANSPORTATION,55663.0,2025-06-19 14:14:07.900000-05:00,2026-11-11 10:57:00-05:00,2026-11-11 12:12:00-05:00,5366,,2026-11-10 14:14:07.833000-05:00,2026-11-11 11:00:00-05:00,B2B,66600.0,COMPLETED,88351.0,POINT (-74.05138149999999 4.6772333),88352.0,POINT (-74.0664901 4.6872453),149,93651.0,POINT (-74.08878779999999 4.7315578),ALFRED,0,True,False,2026-11-11
257785,354130,12.0,Alfred Initial Transport,VEHICLE_TRANSPORTATION,52440.0,2025-06-19 17:45:53.603000-05:00,2026-11-11 07:25:00-05:00,2026-11-11 09:47:00-05:00,719,,2026-11-06 17:45:53.530000-05:00,2026-11-11 07:30:00-05:00,B2B,25806.0,COMPLETED,141294.0,POINT (-74.14811190000002 4.6150176),120432.0,POINT (-74.02471419999999 4.7281137),149,9575.0,POINT (-74.1474839 4.6118768),Apartamento,0,True,False,2026-11-11
257950,354302,12.0,Alfred Initial Transport,VEHICLE_TRANSPORTATION,82790.0,2025-06-20 09:05:17.501000-05:00,2026-11-11 09:16:00-05:00,2026-11-11 10:04:00-05:00,9526,,2026-11-07 09:05:17.435000-05:00,2026-11-11 09:30:00-05:00,B2B,70096.0,COMPLETED,94945.0,POINT (-76.50510380000001 3.5137269),141338.0,POINT (-76.522241 3.4719572),1004,15087.0,POINT (-76.35007879999999 3.4079059),Casa,0,True,False,2026-11-11
258026,354388,12.0,Alfred Initial Transport,VEHICLE_TRANSPORTATION,52440.0,2025-06-20 11:26:04.356000-05:00,2026-11-11 07:24:00-05:00,2026-11-11 09:00:00-05:00,10491,,2026-11-10 11:26:04.288000-05:00,2026-11-11 08:00:00-05:00,B2B,25806.0,COMPLETED,117288.0,POINT (-75.570449 6.2322998),140617.0,POINT (-75.55793059999999 6.1453045),1,16770.0,POINT (-75.5948708 6.222133500000001),casa,0,True,False,2026-11-11
258172,354545,12.0,Alfred Initial Transport,VEHICLE_TRANSPORTATION,55663.0,2025-06-20 15:55:01.486000-05:00,2026-11-11 08:10:00-05:00,2026-11-11 09:48:00-05:00,12077,,2026-11-04 15:55:01.417000-05:00,2026-11-11 09:00:00-05:00,B2B,70662.0,COMPLETED,132269.0,POINT (-76.5573486 3.384987),132270.0,POINT (-76.5216836 3.4699336),1004,19281.0,POINT (-76.5468388 3.4090961),Apartamento,0,True,False,2026-11-11
258251,354629,12.0,Alfred Initial Transport,VEHICLE_TRANSPORTATION,55663.0,2025-06-20 17:36:02.981000-05:00,2026-11-11 08:06:00-05:00,2026-11-11 11:16:00-05:00,26348,,2026-11-10 17:36:02.876000-05:00,2026-11-11 08:00:00-05:00,B2B,66373.0,COMPLETED,141428.0,POINT (-74.114076 4.682824999999998),141429.0,POINT (-74.05228939999999 4.683417299999999),149,35906.0,POINT (-74.10570919999999 4.7142156),Casa,0,True,False,2026-11-11
258489,354871,12.0,Alfred Initial Transport,VEHICLE_TRANSPORTATION,35000.0,2025-06-21 10:06:09.910000-05:00,2026-11-11 11:56:00-05:00,2026-11-11 12:44:00-05:00,70934,,2026-11-07 10:06:09.861000-05:00,2026-11-11 12:00:00-05:00,B2C,7398.0,COMPLETED,73052.0,POINT (-74.03414339999999 4.6935736),73052.0,POINT (-74.03414339999999 4.6935736),149,128219.0,POINT (-74.19197489999999 4.6331451),Casa,0,True,False,2026-11-11
258489,354872,3.0,Wash and Polish,WASH_AND_POLISH,33250.0,2025-06-21 10:06:09.972000-05:00,2026-11-11 12:44:00-05:00,2026-11-11 13:08:07-05:00,,4143.0,2026-11-07 10:06:09.861000-05:00,2026-11-11 12:00:00-05:00,B2C,7398.0,COMPLETED,73052.0,POINT (-74.03414339999999 4.6935736),73052.0,POINT (-74.03414339999999 4.6935736),149,127427.0,POINT (-74.0453385 4.6910411),Autolavado & Spa,1,True,False,2026-11-11
258489,354873,2.0,Alfred Transport,VEHICLE_TRANSPORTATION,35000.0,2025-06-21 10:06:10.022000-05:00,2026-11-11 13:08:07-05:00,2026-11-11 13:08:09-05:00,70934,,2026-11-07 10:06:09.861000-05:00,2026-11-11 12:00:00-05:00,B2C,7398.0,COMPLETED,73052.0,POINT (-74.03414339999999 4.6935736),73052.0,POINT (-74.03414339999999 4.6935736),149,128219.0,POINT (-74.19197489999999 4.6331451),Casa,2,True,False,2026-11-11
258525,354909,12.0,Alfred Initial Transport,VEHICLE_TRANSPORTATION,80663.0,2025-06-21 11:12:01.619000-05:00,2026-11-11 14:19:00-05:00,2026-11-11 15:21:00-05:00,2306,,2026-11-06 11:12:01.551000-05:00,2026-11-11 14:30:00-05:00,B2B,31481.0,COMPLETED,43816.0,POINT (-76.5389012 3.38733),141493.0,POINT (-76.5020369 3.2726397),1004,109102.0,POINT (-76.5710842 3.406073),Alfred,0,True,False,2026-11-11
258533,354917,12.0,Alfred Initial Transport,VEHICLE_TRANSPORTATION,55663.0,2025-06-21 11:25:28.131000-05:00,2026-11-11 08:35:00-05:00,2026-11-11 10:36:00-05:00,10491,,2026-11-07 11:25:28.051000-05:00,2026-11-11 09:30:00-05:00,B2B,29476.0,COMPLETED,141495.0,POINT (-75.5734879 6.1572977),5038.0,POINT (-75.57009649999999 6.224776299999999),1,16770.0,POINT (-75.5948708 6.222133500000001),casa,0,True,False,2026-11-11
258937,355333,12.0,Alfred Initial Transport,VEHICLE_TRANSPORTATION,55663.0,2025-06-23 14:49:45.804000-05:00,2026-11-11 07:55:00-05:00,2026-11-11 09:18:00-05:00,70934,,2026-11-10 14:49:45.722000-05:00,2026-11-11 08:00:00-05:00,B2B,38209.0,COMPLETED,141611.0,POINT (-74.056584 4.6943287),141612.0,POINT (-74.0755614 4.620840199999999),149,128219.0,POINT (-74.19197489999999 4.6331451),Casa,0,True,False,2026-11-11
258945,355343,12.0,Alfred Initial Transport,VEHICLE_TRANSPORTATION,35000.0,2025-06-23 15:10:07.598000-05:00,2026-11-11 11:57:53-05:00,2026-11-11 12:44:18-05:00,6229,,2026-11-07 15:10:07.514000-05:00,2026-11-11 12:00:00-05:00,B2C,70828.0,COMPLETED,128257.0,POINT (-74.0575732 4.7455322),128257.0,POINT (-74.0575732 4.7455322),149,11727.0,POINT (-74.0583698 4.6510839),Casa,0,True,False,2026-11-11
258945,355344,3.0,Wash and Polish,WASH_AND_POLISH,34314.0,2025-06-23 15:10:07.715000-05:00,2026-11-11 12:44:18-05:00,2026-11-11 13:25:32-05:00,,480.0,2026-11-07 15:10:07.514000-05:00,2026-11-11 12:00:00-05:00,B2C,70828.0,COMPLETED,128257.0,POINT (-74.0575732 4.7455322),128257.0,POINT (-74.0575732 4.7455322),149,22238.0,POINT (-74.0425822 4.7500697),CAR WASH 24 HS,1,True,False,2026-11-11
258945,355345,2.0,Alfred Transport,VEHICLE_TRANSPORTATION,35000.0,2025-06-23 15:10:07.813000-05:00,2026-11-11 13:25:32-05:00,2026-11-11 13:57:15-05:00,6229,,2026-11-07 15:10:07.514000-05:00,2026-11-11 12:00:00-05:00,B2C,70828.0,COMPLETED,128257.0,POINT (-74.0575732 4.7455322),128257.0,POINT (-74.0575732 4.7455322),149,11727.0,POINT (-74.0583698 4.6510839),Casa,2,True,False,2026-11-11
258985,355391,12.0,Alfred Initial Transport,VEHICLE_TRANSPORTATION,35000.0,2025-06-24 04:25:45.973000-05:00,2026-11-11 08:00:06-05:00,2026-11-11 09:22:01-05:00,5366,,2026-11-07 04:25:45.906000-05:00,2026-11-11 08:00:00-05:00,B2C,64643.0,COMPLETED,131454.0,POINT (-74.03079389999999 4.7146716),131454.0,POINT (-74.03079389999999 4.7146716),149,93651.0,POINT (-74.08878779999999 4.7315578),ALFRED,0,True,False,2026-11-11
258985,355392,3.0,Wash and Polish,WASH_AND_POLISH,34109.0,2025-06-24 04:25:46.059000-05:00,2026-11-11 09:22:01-05:00,2026-11-11 10:15:21-05:00,,160.0,2026-11-07 04:25:45.906000-05:00,2026-11-11 08:00:00-05:00,B2C,64643.0,COMPLETED,131454.0,POINT (-74.03079389999999 4.7146716),131454.0,POINT (-74.03079389999999 4.7146716),149,30374.0,POINT (-74.04894322156906 4.706807227452007),SPV 127 Car Wash,1,True,False,2026-11-11
258985,355393,2.0,Alfred Transport,VEHICLE_TRANSPORTATION,35000.0,2025-06-24 04:25:46.129000-05:00,2026-11-11 10:15:21-05:00,2026-11-11 10:56:16-05:00,5366,,2026-11-07 04:25:45.906000-05:00,2026-11-11 08:00:00-05:00,B2C,64643.0,COMPLETED,131454.0,POINT (-74.03079389999999 4.7146716),131454.0,POINT (-74.03079389999999 4.7146716),149,93651.0,POINT (-74.08878779999999 4.7315578),ALFRED,2,True,False,2026-11-11
259077,355498,12.0,Alfred Initial Transport,VEHICLE_TRANSPORTATION,49485.0,2025-06-24 08:57:24.570000-05:00,2026-11-11 08:00:00-05:00,2026-11-11 09:16:00-05:00,26348,,2026-11-10 08:57:24.478000-05:00,2026-11-11 08:00:00-05:00,B2B,72801.0,COMPLETED,141653.0,POINT (-74.0239409 4.723796999999999),31708.0,POINT (-74.04436799999999 4.682166),149,35906.0,POINT (-74.10570919999999 4.7142156),Casa,0,True,False,2026-11-11
259092,355516,12.0,Alfred Initial Transport,VEHICLE_TRANSPORTATION,52988.0,2025-06-24 09:24:43.462000-05:00,2026-11-11 06:02:00-05:00,2026-11-11 08:47:00-05:00,10451,,2026-11-07 09:24:43.355000-05:00,2026-11-11 07:30:00-05:00,B2B,17799.0,COMPLETED,141656.0,POINT (-74.0664549 4.6207348),2.0,POINT (-74.028923 4.704466),149,16688.0,POINT (-74.0202608 4.6664181),casa,0,True,False,2026-11-11
259199,355630,12.0,Alfred Initial Transport,VEHICLE_TRANSPORTATION,35000.0,2025-06-24 12:38:54.237000-05:00,2026-11-11 10:13:16-05:00,2026-11-11 10:54:55-05:00,12077,,2026-11-08 12:38:54.163000-05:00,2026-11-11 10:30:00-05:00,B2C,70305.0,COMPLETED,126738.0,POINT (-76.5549192 3.447638),126738.0,POINT (-76.5549192 3.447638),1004,19281.0,POINT (-76.5468388 3.4090961),Apartamento,0,True,False,2026-11-11
259199,355631,3.0,Wash and Polish,WASH_AND_POLISH,39568.0,2025-06-24 12:38:54.326000-05:00,2026-11-11 10:54:55-05:00,2026-11-11 11:57:14-05:00,,1081.0,2026-11-08 12:38:54.163000-05:00,2026-11-11 10:30:00-05:00,B2C,70305.0,COMPLETED,126738.0,POINT (-76.5549192 3.447638),126738.0,POINT (-76.5549192 3.447638),1004,85107.0,POINT (-76.53012650000001 3.4665796),Pits Detailing Wash - Av Sexta Cali,1,True,False,2026-11-11
259199,355632,2.0,Alfred Transport,VEHICLE_TRANSPORTATION,35000.0,2025-06-24 12:38:54.400000-05:00,2026-11-11 11:57:14-05:00,2026-11-11 12:57:01-05:00,12077,,2026-11-08 12:38:54.163000-05:00,2026-11-11 10:30:00-05:00,B2C,70305.0,COMPLETED,126738.0,POINT (-76.5549192 3.447638),126738.0,POINT (-76.5549192 3.447638),1004,19281.0,POINT (-76.5468388 3.4090961),Apartamento,2,True,False,2026-11-11
259202,355635,12.0,Alfred Initial Transport,VEHICLE_TRANSPORTATION,65004.0,2025-06-24 12:51:37.036000-05:00,2026-11-11 06:36:00-05:00,2026-11-11 08:08:00-05:00,20269,,2026-11-10 12:51:36.960000-05:00,2026-11-11 07:00:00-05:00,B2B,77112.0,COMPLETED,141686.0,POINT (-76.5559825 3.3502574),141688.0,POINT (-76.5314878 3.3632375),1004,26088.0,POINT (-76.493671 3.414003),Casa,0,True,False,2026-11-11
259282,355720,12.0,Alfred Initial Transport,VEHICLE_TRANSPORTATION,82789.0,2025-06-24 15:33:33.714000-05:00,2026-11-11 08:12:00-05:00,2026-11-11 09:53:00-05:00,72680,,2026-11-09 15:33:33.644000-05:00,2026-11-11 09:00:00-05:00,B2B,70096.0,COMPLETED,141722.0,POINT (-76.5033566 3.513700499999999),141723.0,POINT (-76.5388064 3.4185119),1004,132403.0,POINT (-76.4651154 3.4282175),Casa,0,True,False,2026-11-11
259334,355773,12.0,Alfred Initial Transport,VEHICLE_TRANSPORTATION,74485.0,2025-06-24 16:36:00.351000-05:00,2026-11-11 07:05:00-05:00,2026-11-11 08:09:00-05:00,12077,,2026-11-08 16:36:00.282000-05:00,2026-11-11 07:30:00-05:00,B2B,34226.0,COMPLETED,141741.0,POINT (-76.51284799999999 3.51116),75827.0,POINT (-76.53965687916794 3.4516627253884913),1004,19281.0,POINT (-76.5468388 3.4090961),Apartamento,0,True,False,2026-11-11
259346,355785,12.0,Alfred Initial Transport,VEHICLE_TRANSPORTATION,80663.0,2025-06-24 17:02:45.629000-05:00,2026-11-11 10:40:00-05:00,2026-11-11 13:41:00-05:00,14671,,2026-11-10 17:02:45.559000-05:00,2026-11-11 11:00:00-05:00,B2B,46829.0,COMPLETED,674.0,POINT (-74.1145559 4.6716483),136013.0,POINT (-74.20825719999999 4.5797041),149,23068.0,POINT (-74.1122312 4.7384985),Casa,0,True,False,2026-11-11
259378,355820,12.0,Alfred Initial Transport,VEHICLE_TRANSPORTATION,55663.0,2025-06-24 17:51:16.614000-05:00,2026-11-11 10:27:00-05:00,2026-11-11 12:52:00-05:00,11988,,2026-11-10 17:51:16.519000-05:00,2026-11-11 11:30:00-05:00,B2B,46829.0,COMPLETED,674.0,POINT (-74.1145559 4.6716483),141760.0,POINT (-74.0820739 4.6236625),149,20721.0,POINT (-74.0286017 4.9203296),casa,0,True,False,2026-11-11
259574,356023,12.0,Alfred Initial Transport,VEHICLE_TRANSPORTATION,55663.0,2025-06-25 08:11:20.670000-05:00,2026-11-11 07:32:00-05:00,2026-11-11 08:08:00-05:00,12077,,2026-11-10 08:11:20.595000-05:00,2026-11-11 08:30:00-05:00,B2B,31482.0,COMPLETED,121427.0,POINT (-76.5080598 3.494737900000001),43815.0,POINT (-76.5062106 3.5024871),1004,19281.0,POINT (-76.5468388 3.4090961),Apartamento,0,True,False,2026-11-11
259649,356108,12.0,Alfred Initial Transport,VEHICLE_TRANSPORTATION,55663.0,2025-06-25 10:05:03.965000-05:00,2026-11-11 08:33:00-05:00,2026-11-11 09:43:00-05:00,10491,,2026-11-09 10:05:03.899000-05:00,2026-11-11 09:00:00-05:00,B2B,66477.0,COMPLETED,141814.0,POINT (-75.572763 6.2048926),141815.0,POINT (-75.5859795 6.183369099999999),1,16770.0,POINT (-75.5948708 6.222133500000001),casa,0,True,False,2026-11-11
259715,356185,12.0,Alfred Initial Transport,VEHICLE_TRANSPORTATION,35000.0,2025-06-25 11:28:26.678000-05:00,2026-11-11 08:37:35-05:00,2026-11-11 09:22:01-05:00,72680,,2026-11-08 11:28:26.631000-05:00,2026-11-11 09:30:00-05:00,B2C,73869.0,COMPLETED,134508.0,POINT (-76.519122 3.476273),134508.0,POINT (-76.519122 3.476273),1004,132403.0,POINT (-76.4651154 3.4282175),Casa,0,True,False,2026-11-11
259715,356186,3.0,Wash and Polish,WASH_AND_POLISH,31654.0,2025-06-25 11:28:26.739000-05:00,2026-11-11 09:22:01-05:00,2026-11-11 10:54:44-05:00,,1081.0,2026-11-08 11:28:26.631000-05:00,2026-11-11 09:30:00-05:00,B2C,73869.0,COMPLETED,134508.0,POINT (-76.519122 3.476273),134508.0,POINT (-76.519122 3.476273),1004,85107.0,POINT (-76.53012650000001 3.4665796),Pits Detailing Wash - Av Sexta Cali,1,True,False,2026-11-11
259715,356187,2.0,Alfred Transport,VEHICLE_TRANSPORTATION,35000.0,2025-06-25 11:28:26.792000-05:00,2026-11-11 10:54:44-05:00,2026-11-11 11:35:27-05:00,72680,,2026-11-08 11:28:26.631000-05:00,2026-11-11 09:30:00-05:00,B2C,73869.0,COMPLETED,134508.0,POINT (-76.519122 3.476273),134508.0,POINT (-76.519122 3.476273),1004,132403.0,POINT (-76.4651154 3.4282175),Casa,2,True,False,2026-11-11
259739,356211,12.0,Alfred Initial Transport,VEHICLE_TRANSPORTATION,57789.0,2025-06-25 11:59:20.926000-05:00,2026-11-11 10:08:00-05:00,2026-11-11 11:03:00-05:00,72680,,2026-11-10 11:59:20.860000-05:00,2026-11-11 11:00:00-05:00,B2B,69713.0,FAILED,141855.0,POINT (-76.52726129999999 3.3940658),141856.0,POINT (-76.51696559999999 3.5037252),1004,132403.0,POINT (-76.4651154 3.4282175),Casa,0,True,False,2026-11-11
259831,356314,12.0,Alfred Initial Transport,VEHICLE_TRANSPORTATION,55663.0,2025-06-25 14:24:15.413000-05:00,2026-11-11 07:05:00-05:00,2026-11-11 08:11:00-05:00,5832,,2026-11-10 14:24:15.331000-05:00,2026-11-11 07:00:00-05:00,B2B,30027.0,COMPLETED,52627.0,POINT (-74.0608329 4.7252648),15.0,POINT (-74.065413 4.759951),149,98373.0,POINT (-74.0805306 4.755374499999999),casa,0,True,False,2026-11-11
259869,356352,12.0,Alfred Initial Transport,VEHICLE_TRANSPORTATION,49485.0,2025-06-25 15:02:08.318000-05:00,2026-11-11 07:11:00-05:00,2026-11-11 08:40:00-05:00,2036,,2026-11-09 15:02:08.215000-05:00,2026-11-11 08:00:00-05:00,B2B,62067.0,COMPLETED,141913.0,POINT (-75.5712447 6.203633399999999),141914.0,POINT (-75.5758147 6.215559700000001),1,55748.0,POINT (-75.55748439999999 6.252939599999999),Apartamento,0,True,False,2026-11-11
259949,356434,12.0,Alfred Initial Transport,VEHICLE_TRANSPORTATION,55663.0,2025-06-25 16:20:58.122000-05:00,2026-11-11 09:43:00-05:00,2026-11-11 11:21:00-05:00,69861,,2026-11-10 16:20:58.011000-05:00,2026-11-11 10:00:00-05:00,B2B,47594.0,COMPLETED,122269.0,POINT (-74.113151 4.671939),122268.0,POINT (-74.0566947 4.740616),149,125737.0,POINT (-74.18022189999999 4.624224),Apartamento,0,True,False,2026-11-11
260373,356882,12.0,Alfred Initial Transport,VEHICLE_TRANSPORTATION,35000.0,2025-06-26 10:46:02.989000-05:00,2026-11-11 06:58:16-05:00,2026-11-11 08:34:48-05:00,72680,,2026-11-09 10:46:02.908000-05:00,2026-11-11 08:00:00-05:00,B2C,69949.0,COMPLETED,138570.0,POINT (-76.5426041 3.4549262),138570.0,POINT (-76.5426041 3.4549262),1004,132403.0,POINT (-76.4651154 3.4282175),Casa,0,True,False,2026-11-11
260373,356883,3.0,Wash and Polish,WASH_AND_POLISH,39568.0,2025-06-26 10:46:03.090000-05:00,2026-11-11 08:34:48-05:00,2026-11-11 09:53:56-05:00,,1081.0,2026-11-09 10:46:02.908000-05:00,2026-11-11 08:00:00-05:00,B2C,69949.0,COMPLETED,138570.0,POINT (-76.5426041 3.4549262),138570.0,POINT (-76.5426041 3.4549262),1004,85107.0,POINT (-76.53012650000001 3.4665796),Pits Detailing Wash - Av Sexta Cali,1,True,False,2026-11-11
260373,356884,2.0,Alfred Transport,VEHICLE_TRANSPORTATION,35000.0,2025-06-26 10:46:03.174000-05:00,2026-11-11 09:53:56-05:00,2026-11-11 10:33:48-05:00,72680,,2026-11-09 10:46:02.908000-05:00,2026-11-11 08:00:00-05:00,B2C,69949.0,COMPLETED,138570.0,POINT (-76.5426041 3.4549262),138570.0,POINT (-76.5426041 3.4549262),1004,132403.0,POINT (-76.4651154 3.4282175),Casa,2,True,False,2026-11-11
260479,356999,12.0,Alfred Initial Transport,VEHICLE_TRANSPORTATION,57789.0,2025-06-26 13:43:28.637000-05:00,2026-11-11 09:08:00-05:00,2026-11-11 11:01:00-05:00,11988,,2026-11-09 13:43:28.558000-05:00,2026-11-11 10:00:00-05:00,B2B,70094.0,COMPLETED,142114.0,POINT (-74.02394079999999 4.728333399999999),86444.0,POINT (-74.0524569 4.671895699999999),149,20721.0,POINT (-74.0286017 4.9203296),casa,0,True,False,2026-11-11
260898,357442,12.0,Alfred Initial Transport,VEHICLE_TRANSPORTATION,55663.0,2025-06-27 09:26:13.300000-05:00,2026-11-11 06:24:00-05:00,2026-11-11 09:07:00-05:00,11988,,2026-11-10 09:26:13.224000-05:00,2026-11-11 08:00:00-05:00,B2B,30027.0,COMPLETED,15.0,POINT (-74.065413 4.759951),142224.0,POINT (-74.0556697 4.740460299999999),149,20721.0,POINT (-74.0286017 4.9203296),casa,0,True,False,2026-11-11
260912,357456,12.0,Alfred Initial Transport,VEHICLE_TRANSPORTATION,55663.0,2025-06-27 09:39:31.532000-05:00,2026-11-11 08:34:00-05:00,2026-11-11 09:35:00-05:00,12077,,2026-11-10 09:39:31.447000-05:00,2026-11-11 09:30:00-05:00,B2B,31482.0,FAILED,142234.0,POINT (-76.51571109999999 3.490938799999999),43815.0,POINT (-76.5062106 3.5024871),1004,19281.0,POINT (-76.5468388 3.4090961),Apartamento,0,True,False,2026-11-11
260957,357503,12.0,Alfred Initial Transport,VEHICLE_TRANSPORTATION,49485.0,2025-06-27 11:08:53.024000-05:00,2026-11-11 08:52:00-05:00,2026-11-11 10:25:00-05:00,69861,,2026-11-10 11:08:52.926000-05:00,2026-11-11 10:30:00-05:00,B2B,64404.0,COMPLETED,141932.0,POINT (-74.1099777 4.6463301),47330.0,POINT (-74.04086769999999 4.6981172),149,125737.0,POINT (-74.18022189999999 4.624224),Apartamento,0,True,False,2026-11-11
261107,357670,12.0,Alfred Initial Transport,VEHICLE_TRANSPORTATION,55663.0,2025-06-27 15:50:23.210000-05:00,2026-11-11 08:01:00-05:00,2026-11-11 09:12:00-05:00,6412,,2026-11-10 15:50:23.149000-05:00,2026-11-11 08:00:00-05:00,B2B,27406.0,COMPLETED,28578.0,POINT (-73.11345413684005 7.107574257887976),142308.0,POINT (-73.10992499999999 7.0670544),844,12312.0,POINT (-73.1037471 7.0910492),Apartamento,0,True,False,2026-11-11
261108,357671,12.0,Alfred Initial Transport,VEHICLE_TRANSPORTATION,55663.0,2025-06-27 15:51:28.246000-05:00,2026-11-11 08:04:00-05:00,2026-11-11 12:27:00-05:00,69147,,2026-11-10 15:51:28.223000-05:00,2026-11-11 08:30:00-05:00,B2B,35786.0,COMPLETED,142307.0,POINT (-75.4485626 10.3888702),142309.0,POINT (-75.5200127 10.4018997),150,123522.0,POINT (-75.5051041 10.392139),Apartamento,0,True,False,2026-11-11
261117,357680,12.0,Alfred Initial Transport,VEHICLE_TRANSPORTATION,52440.0,2025-06-27 15:59:59.667000-05:00,2026-11-11 09:56:00-05:00,2026-11-11 10:30:00-05:00,71852,,2026-11-10 15:59:59.600000-05:00,2026-11-11 10:00:00-05:00,B2B,72792.0,COMPLETED,68237.0,POINT (-74.7997145 11.0215868),142175.0,POINT (-74.8105472 11.0076796),126,130778.0,POINT (-74.7938234 10.9313923),Casa,0,True,False,2026-11-11
261147,357710,12.0,Alfred Initial Transport,VEHICLE_TRANSPORTATION,57789.0,2025-06-27 16:32:00.697000-05:00,2026-11-11 09:00:00-05:00,2026-11-11 10:15:00-05:00,5832,,2026-11-10 16:32:00.637000-05:00,2026-11-11 09:00:00-05:00,B2B,71684.0,COMPLETED,131173.0,POINT (-74.06066489999999 4.7390021),142027.0,POINT (-74.1442953 4.6725531),149,98373.0,POINT (-74.0805306 4.755374499999999),casa,0,True,False,2026-11-11
