city,date,batch_id,seed,num_inserted,vt_labors,extra_time,dist,valid
149,2026-11-11,5,3,1,64,2063.3,309.57,True
149,2026-11-11,5,5,1,64,2063.3,318.89,True
149,2026-11-11,5,2,1,64,2063.3,315.67,True
149,2026-11-11,5,4,1,64,2063.3,313.79,True
149,2026-11-11,5,1,1,64,2063.3,307.44,True
149,2026-11-11,5,7,1,64,2094.9,306.41,True
149,2026-11-11,5,9,1,64,2063.3,309.45,True
149,2026-11-11,5,8,1,64,2063.3,307.03,True
149,2026-11-11,5,6,1,64,2063.3,314.98,True
149,2026-11-11,5,10,1,64,2063.3,312.82,True
149,2026-11-11,5,12,1,64,2063.3,309.57,True
149,2026-11-11,5,13,1,64,2063.3,309.45,True
149,2026-11-11,5,11,1,64,2063.3,307.03,True
149,2026-11-11,5,14,1,64,2063.3,307.03,True
149,2026-11-11,5,18,1,64,2094.9,306.41,True
149,2026-11-11,5,15,1,64,2063.3,305.56,True
149,2026-11-11,5,16,1,64,2063.3,318.89,True
149,2026-11-11,5,17,1,64,2063.3,315.92,True
149,2026-11-11,5,19,1,64,2063.3,315.67,True
149,2026-11-11,5,21,1,64,2063.3,309.45,True
149,2026-11-11,5,23,1,64,2063.3,309.57,True
149,2026-11-11,5,25,1,64,2063.3,309.07,True
149,2026-11-11,5,22,1,64,2063.3,305.56,True
149,2026-11-11,5,24,1,64,2094.9,306.41,True
149,2026-11-11,5,26,1,64,2063.3,309.57,True
149,2026-11-11,5,27,1,64,2063.3,309.57,True
149,2026-11-11,5,20,1,64,2063.3,305.56,True
149,2026-11-11,5,28,1,64,2063.3,312.82,True
149,2026-11-11,5,30,1,64,2063.3,318.59,True
149,2026-11-11,5,31,1,64,2063.3,312.82,True
149,2026-11-11,5,29,1,64,2063.3,306.06,True
149,2026-11-11,5,32,1,64,2063.3,318.89,True
149,2026-11-11,5,35,1,64,2063.3,301.66,True
149,2026-11-11,5,33,1,64,2063.3,318.89,True
149,2026-11-11,5,36,1,64,2094.9,306.41,True
149,2026-11-11,5,34,1,64,2063.3,317.36,True
149,2026-11-11,5,37,1,64,2063.3,317.36,True
149,2026-11-11,5,39,1,64,2063.3,312.82,True
149,2026-11-11,5,40,1,64,2063.3,307.03,True
149,2026-11-11,5,38,1,64,2063.3,312.82,True
149,2026-11-11,5,41,1,64,2063.3,315.92,True
149,2026-11-11,5,43,1,64,2063.3,307.44,True
149,2026-11-11,5,44,1,64,2063.3,313.71,True
149,2026-11-11,5,42,1,64,2063.3,309.45,True
149,2026-11-11,5,45,1,64,2063.3,315.67,True
149,2026-11-11,5,46,1,64,2063.3,309.45,True
149,2026-11-11,5,47,1,64,2063.3,315.67,True
149,2026-11-11,5,48,1,64,2063.3,314.98,True
149,2026-11-11,5,49,1,64,2063.3,318.59,True
149,2026-11-11,5,50,1,64,2063.3,301.66,True
149,2026-11-11,5,51,1,64,2063.3,309.57,True
149,2026-11-11,5,55,1,64,2063.3,315.92,True
149,2026-11-11,5,53,1,64,2063.3,309.45,True
149,2026-11-11,5,52,1,64,2063.3,305.56,True
149,2026-11-11,5,54,1,64,2063.3,313.71,True
149,2026-11-11,5,56,1,64,2063.3,307.44,True
149,2026-11-11,5,58,1,64,2063.3,309.07,True
149,2026-11-11,5,57,1,64,2063.3,307.44,True
149,2026-11-11,5,60,1,64,2063.3,307.44,True
149,2026-11-11,5,61,1,64,2063.3,306.06,True
149,2026-11-11,5,59,1,64,2063.3,315.67,True
149,2026-11-11,5,64,1,64,2094.9,306.41,True
149,2026-11-11,5,62,1,64,2063.3,317.36,True
149,2026-11-11,5,63,1,64,2063.3,301.66,True
149,2026-11-11,5,65,1,64,2063.3,312.82,True
149,2026-11-11,5,66,1,64,2063.3,313.71,True
149,2026-11-11,5,69,1,64,2063.3,307.44,True
149,2026-11-11,5,67,1,64,2063.3,313.79,True
149,2026-11-11,5,68,1,64,2063.3,309.07,True
149,2026-11-11,5,70,1,64,2063.3,305.56,True
149,2026-11-11,5,71,1,64,2063.3,317.36,True
149,2026-11-11,5,73,1,64,2063.3,318.59,True
149,2026-11-11,5,72,1,64,2063.3,317.36,True
149,2026-11-11,5,74,1,64,2063.3,318.59,True
149,2026-11-11,5,75,1,64,2063.3,305.56,True
149,2026-11-11,5,76,1,64,2063.3,305.56,True
149,2026-11-11,5,77,1,64,2063.3,312.82,True
149,2026-11-11,5,78,1,64,2063.3,307.44,True
149,2026-11-11,5,79,1,64,2063.3,315.92,True
149,2026-11-11,5,81,1,64,2063.3,309.07,True
149,2026-11-11,5,80,1,64,2063.3,318.89,True
149,2026-11-11,5,82,1,64,2063.3,313.71,True
149,2026-11-11,5,83,1,64,2063.3,318.89,True
149,2026-11-11,5,85,1,64,2063.3,315.92,True
149,2026-11-11,5,84,1,64,2094.9,306.41,True
149,2026-11-11,5,87,1,64,2063.3,317.36,True
149,2026-11-11,5,91,1,64,2063.3,313.79,True
149,2026-11-11,5,90,1,64,2063.3,306.06,True
149,2026-11-11,5,89,1,64,2063.3,307.03,True
149,2026-11-11,5,88,1,64,2063.3,317.36,True
149,2026-11-11,5,86,1,64,2063.3,313.71,True
149,2026-11-11,5,92,1,64,2063.3,318.59,True
149,2026-11-11,5,93,1,64,2063.3,317.36,True
149,2026-11-11,5,95,1,64,2063.3,315.67,True
149,2026-11-11,5,94,1,64,2063.3,313.71,True
149,2026-11-11,5,96,1,64,2063.3,312.82,True
149,2026-11-11,5,98,1,64,2063.3,309.57,True
149,2026-11-11,5,99,1,64,2063.3,307.44,True
149,2026-11-11,5,97,1,64,2063.3,318.59,True
149,2026-11-11,5,100,1,64,2063.3,313.71,True
149,2026-11-11,5,102,1,64,2063.3,318.89,True
149,2026-11-11,5,101,1,64,2063.3,307.44,True
149,2026-11-11,5,103,1,64,2063.3,307.44,True
149,2026-11-11,5,104,1,64,2063.3,312.82,True
149,2026-11-11,5,105,1,64,2063.3,317.36,True
149,2026-11-11,5,106,1,64,2063.3,317.36,True
149,2026-11-11,5,110,1,64,2063.3,305.56,True
149,2026-11-11,5,107,1,64,2063.3,301.66,True
149,2026-11-11,5,109,1,64,2063.3,314.98,True
149,2026-11-11,5,108,1,64,2063.3,313.79,True
149,2026-11-11,5,111,1,64,2063.3,317.36,True
149,2026-11-11,5,112,1,64,2063.3,318.59,True
149,2026-11-11,5,114,1,64,2063.3,313.71,True
149,2026-11-11,5,116,1,64,2063.3,313.71,True
149,2026-11-11,5,113,1,64,2063.3,314.98,True
149,2026-11-11,5,119,1,64,2063.3,315.92,True
149,2026-11-11,5,117,1,64,2063.3,318.89,True
149,2026-11-11,5,115,1,64,2094.9,306.41,True
149,2026-11-11,5,118,1,64,2063.3,307.44,True
149,2026-11-11,5,120,1,64,2063.3,313.79,True
149,2026-11-11,5,123,1,64,2063.3,315.92,True
149,2026-11-11,5,122,1,64,2063.3,317.36,True
149,2026-11-11,5,124,1,64,2063.3,307.03,True
149,2026-11-11,5,125,1,64,2063.3,301.66,True
149,2026-11-11,5,121,1,64,2063.3,315.67,True
149,2026-11-11,5,127,1,64,2094.9,306.41,True
149,2026-11-11,5,129,1,64,2063.3,301.66,True
149,2026-11-11,5,126,1,64,2063.3,306.06,True
149,2026-11-11,5,128,1,64,2063.3,306.06,True
149,2026-11-11,5,130,1,64,2063.3,305.56,True
149,2026-11-11,5,132,1,64,2063.3,318.59,True
149,2026-11-11,5,131,1,64,2063.3,309.45,True
149,2026-11-11,5,137,1,64,2063.3,307.44,True
149,2026-11-11,5,136,1,64,2063.3,315.67,True
149,2026-11-11,5,135,1,64,2063.3,312.82,True
149,2026-11-11,5,133,1,64,2063.3,309.45,True
149,2026-11-11,5,134,1,64,2094.9,306.41,True
149,2026-11-11,5,138,1,64,2063.3,312.82,True
149,2026-11-11,5,139,1,64,2063.3,318.59,True
149,2026-11-11,5,141,1,64,2063.3,307.44,True
149,2026-11-11,5,140,1,64,2063.3,305.56,True
149,2026-11-11,5,143,1,64,2063.3,313.71,True
149,2026-11-11,5,142,1,64,2063.3,315.92,True
149,2026-11-11,5,144,1,64,2063.3,312.82,True
149,2026-11-11,5,146,1,64,2063.3,306.06,True
149,2026-11-11,5,145,1,64,2063.3,315.67,True
149,2026-11-11,5,147,1,64,2063.3,307.03,True
149,2026-11-11,5,148,1,64,2063.3,309.45,True
149,2026-11-11,5,149,1,64,2063.3,309.07,True
149,2026-11-11,5,150,1,64,2063.3,315.67,True
149,2026-11-11,5,151,1,64,2063.3,309.45,True
149,2026-11-11,5,152,1,64,2063.3,307.44,True
149,2026-11-11,5,153,1,64,2063.3,307.03,True
149,2026-11-11,5,154,1,64,2063.3,309.45,True
149,2026-11-11,5,155,1,64,2063.3,314.98,True
149,2026-11-11,5,156,1,64,2063.3,307.44,True
149,2026-11-11,5,157,1,64,2063.3,313.71,True
149,2026-11-11,5,160,1,64,2063.3,309.45,True
149,2026-11-11,5,158,1,64,2063.3,312.82,True
149,2026-11-11,5,161,1,64,2063.3,309.07,True
149,2026-11-11,5,159,1,64,2063.3,314.98,True
149,2026-11-11,5,162,1,64,2063.3,315.67,True
149,2026-11-11,5,163,1,64,2063.3,309.45,True
149,2026-11-11,5,164,1,64,2063.3,313.71,True
149,2026-11-11,5,165,1,64,2063.3,307.03,True
149,2026-11-11,5,166,1,64,2094.9,306.41,True
149,2026-11-11,5,167,1,64,2063.3,307.03,True
149,2026-11-11,5,168,1,64,2063.3,318.59,True
149,2026-11-11,5,169,1,64,2063.3,315.92,True
149,2026-11-11,5,171,1,64,2063.3,317.36,True
149,2026-11-11,5,170,1,64,2063.3,301.66,True
149,2026-11-11,5,172,1,64,2063.3,318.89,True
149,2026-11-11,5,173,1,64,2063.3,301.66,True
149,2026-11-11,5,175,1,64,2063.3,314.98,True
149,2026-11-11,5,176,1,64,2063.3,307.44,True
149,2026-11-11,5,174,1,64,2063.3,318.89,True
149,2026-11-11,5,178,1,64,2063.3,313.79,True
149,2026-11-11,5,177,1,64,2063.3,315.67,True
149,2026-11-11,5,179,1,64,2063.3,305.56,True
149,2026-11-11,5,181,1,64,2063.3,312.82,True
149,2026-11-11,5,183,1,64,2063.3,306.06,True
149,2026-11-11,5,182,1,64,2063.3,309.07,True
149,2026-11-11,5,180,1,64,2063.3,309.57,True
149,2026-11-11,5,184,1,64,2063.3,313.79,True
149,2026-11-11,5,185,1,64,2063.3,309.45,True
149,2026-11-11,5,186,1,64,2063.3,317.36,True
149,2026-11-11,5,188,1,64,2063.3,307.03,True
149,2026-11-11,5,187,1,64,2063.3,307.44,True
149,2026-11-11,5,190,1,64,2063.3,318.89,True
149,2026-11-11,5,189,1,64,2063.3,317.36,True
149,2026-11-11,5,193,1,64,2063.3,307.44,True
149,2026-11-11,5,191,1,64,2063.3,313.71,True
149,2026-11-11,5,192,1,64,2063.3,318.59,True
149,2026-11-11,5,194,1,64,2063.3,306.06,True
149,2026-11-11,5,195,1,64,2063.3,313.71,True
149,2026-11-11,5,196,1,64,2063.3,318.59,True
149,2026-11-11,5,200,1,64,2063.3,318.59,True
149,2026-11-11,5,198,1,64,2063.3,317.36,True
149,2026-11-11,5,197,1,64,2063.3,318.89,True
149,2026-11-11,5,202,1,64,2063.3,315.92,True
149,2026-11-11,5,201,1,64,2063.3,309.45,True
149,2026-11-11,5,199,1,64,2063.3,318.59,True
149,2026-11-11,5,203,1,64,2063.3,309.07,True
149,2026-11-11,5,205,1,64,2063.3,307.03,True
149,2026-11-11,5,206,1,64,2063.3,313.79,True
149,2026-11-11,5,204,1,64,2063.3,314.98,True
149,2026-11-11,5,207,1,64,2063.3,314.98,True
149,2026-11-11,5,209,1,64,2063.3,312.82,True
149,2026-11-11,5,208,1,64,2063.3,309.45,True
149,2026-11-11,5,210,1,64,2063.3,318.89,True
149,2026-11-11,5,211,1,64,2063.3,309.45,True
149,2026-11-11,5,214,1,64,2063.3,313.71,True
149,2026-11-11,5,212,1,64,2094.9,306.41,True
149,2026-11-11,5,215,1,64,2063.3,306.06,True
149,2026-11-11,5,216,1,64,2063.3,307.03,True
149,2026-11-11,5,213,1,64,2063.3,309.57,True
149,2026-11-11,5,217,1,64,2063.3,306.06,True
149,2026-11-11,5,218,1,64,2063.3,313.79,True
149,2026-11-11,5,220,1,64,2063.3,312.82,True
149,2026-11-11,5,219,1,64,2063.3,318.59,True
149,2026-11-11,5,221,1,64,2063.3,315.67,True
149,2026-11-11,5,222,1,64,2063.3,318.59,True
149,2026-11-11,5,227,1,64,2063.3,307.44,True
149,2026-11-11,5,224,1,64,2063.3,306.06,True
149,2026-11-11,5,223,1,64,2063.3,307.44,True
149,2026-11-11,5,226,1,64,2094.9,306.41,True
149,2026-11-11,5,228,1,64,2094.9,306.41,True
149,2026-11-11,5,225,1,64,2063.3,313.79,True
149,2026-11-11,5,229,1,64,2063.3,307.44,True
149,2026-11-11,5,230,1,64,2063.3,313.79,True
149,2026-11-11,5,231,1,64,2063.3,314.98,True
149,2026-11-11,5,233,1,64,2063.3,301.66,True
149,2026-11-11,5,232,1,64,2063.3,309.57,True
149,2026-11-11,5,234,1,64,2063.3,313.71,True
149,2026-11-11,5,236,1,64,2063.3,317.36,True
149,2026-11-11,5,237,1,64,2063.3,309.57,True
149,2026-11-11,5,238,1,64,2063.3,318.59,True
149,2026-11-11,5,235,1,64,2063.3,306.06,True
149,2026-11-11,5,239,1,64,2094.9,306.41,True
149,2026-11-11,5,241,1,64,2063.3,309.45,True
149,2026-11-11,5,242,1,64,2094.9,306.41,True
149,2026-11-11,5,240,1,64,2063.3,301.66,True
149,2026-11-11,5,244,1,64,2063.3,309.45,True
149,2026-11-11,5,245,1,64,2063.3,306.06,True
149,2026-11-11,5,246,1,64,2063.3,315.67,True
149,2026-11-11,5,243,1,64,2063.3,314.98,True
149,2026-11-11,5,248,1,64,2063.3,314.98,True
149,2026-11-11,5,249,1,64,2063.3,313.71,True
149,2026-11-11,5,247,1,64,2063.3,313.79,True
149,2026-11-11,5,250,1,64,2063.3,314.98,True
149,2026-11-11,5,252,1,64,2063.3,305.56,True
149,2026-11-11,5,251,1,64,2063.3,309.07,True
149,2026-11-11,5,254,1,64,2063.3,313.71,True
149,2026-11-11,5,253,1,64,2063.3,306.06,True
149,2026-11-11,5,255,1,64,2063.3,315.92,True
149,2026-11-11,5,256,1,64,2063.3,301.66,True
149,2026-11-11,5,257,1,64,2063.3,312.82,True
149,2026-11-11,5,259,1,64,2063.3,315.67,True
149,2026-11-11,5,260,1,64,2063.3,314.98,True
149,2026-11-11,5,258,1,64,2063.3,307.03,True
149,2026-11-11,5,261,1,64,2063.3,313.71,True
149,2026-11-11,5,263,1,64,2063.3,309.45,True
149,2026-11-11,5,262,1,64,2063.3,317.36,True
149,2026-11-11,5,265,1,64,2063.3,301.66,True
149,2026-11-11,5,266,1,64,2063.3,318.89,True
149,2026-11-11,5,267,1,64,2063.3,309.07,True
149,2026-11-11,5,264,1,64,2063.3,317.36,True
149,2026-11-11,5,269,1,64,2063.3,305.56,True
149,2026-11-11,5,268,1,64,2063.3,307.03,True
149,2026-11-11,5,270,1,64,2063.3,312.82,True
149,2026-11-11,5,274,1,64,2063.3,309.57,True
149,2026-11-11,5,273,1,64,2063.3,318.89,True
149,2026-11-11,5,272,1,64,2063.3,318.89,True
149,2026-11-11,5,271,1,64,2063.3,315.67,True
149,2026-11-11,5,275,1,64,2063.3,307.44,True
149,2026-11-11,5,276,1,64,2063.3,318.59,True
149,2026-11-11,5,278,1,64,2063.3,307.44,True
149,2026-11-11,5,277,1,64,2063.3,317.36,True
149,2026-11-11,5,280,1,64,2063.3,305.56,True
149,2026-11-11,5,279,1,64,2063.3,301.66,True
149,2026-11-11,5,281,1,64,2063.3,307.03,True
149,2026-11-11,5,282,1,64,2063.3,313.79,True
149,2026-11-11,5,283,1,64,2063.3,307.44,True
149,2026-11-11,5,285,1,64,2063.3,309.07,True
149,2026-11-11,5,284,1,64,2063.3,313.79,True
149,2026-11-11,5,288,1,64,2063.3,314.98,True
149,2026-11-11,5,286,1,64,2063.3,309.07,True
149,2026-11-11,5,287,1,64,2063.3,312.82,True
149,2026-11-11,5,289,1,64,2063.3,318.89,True
149,2026-11-11,5,290,1,64,2063.3,309.07,True
149,2026-11-11,5,291,1,64,2063.3,309.07,True
149,2026-11-11,5,292,1,64,2063.3,307.44,True
149,2026-11-11,5,294,1,64,2063.3,309.07,True
149,2026-11-11,5,293,1,64,2063.3,314.98,True
149,2026-11-11,5,295,1,64,2063.3,301.66,True
149,2026-11-11,5,296,1,64,2063.3,301.66,True
149,2026-11-11,5,297,1,64,2063.3,315.92,True
149,2026-11-11,5,299,1,64,2063.3,312.82,True
149,2026-11-11,5,298,1,64,2063.3,307.03,True
149,2026-11-11,5,300,1,64,2063.3,306.06,True
149,2026-11-11,5,304,1,64,2063.3,309.57,True
149,2026-11-11,5,302,1,64,2063.3,317.36,True
149,2026-11-11,5,301,1,64,2063.3,309.45,True
149,2026-11-11,5,303,1,64,2063.3,301.66,True
149,2026-11-11,5,306,1,64,2063.3,313.79,True
149,2026-11-11,5,307,1,64,2063.3,309.57,True
149,2026-11-11,5,305,1,64,2063.3,309.57,True
149,2026-11-11,5,309,1,64,2063.3,315.67,True
149,2026-11-11,5,308,1,64,2063.3,301.66,True
149,2026-11-11,5,310,1,64,2063.3,301.66,True
149,2026-11-11,5,311,1,64,2063.3,309.07,True
149,2026-11-11,5,312,1,64,2063.3,305.56,True
149,2026-11-11,5,313,1,64,2063.3,305.56,True
149,2026-11-11,5,315,1,64,2063.3,305.56,True
149,2026-11-11,5,314,1,64,2063.3,312.82,True
149,2026-11-11,5,316,1,64,2063.3,317.36,True
149,2026-11-11,5,319,1,64,2063.3,305.56,True
149,2026-11-11,5,317,1,64,2063.3,309.07,True
149,2026-11-11,5,320,1,64,2063.3,314.98,True
149,2026-11-11,5,318,1,64,2063.3,305.56,True
149,2026-11-11,5,321,1,64,2063.3,306.06,True
149,2026-11-11,5,322,1,64,2063.3,318.89,True
149,2026-11-11,5,323,1,64,2063.3,307.03,True
149,2026-11-11,5,326,1,64,2063.3,313.71,True
149,2026-11-11,5,324,1,64,2063.3,301.66,True
149,2026-11-11,5,327,1,64,2063.3,318.59,True
149,2026-11-11,5,328,1,64,2063.3,318.59,True
149,2026-11-11,5,325,1,64,2063.3,318.59,True
149,2026-11-11,5,330,1,64,2094.9,306.41,True
149,2026-11-11,5,329,1,64,2063.3,317.36,True
149,2026-11-11,5,331,1,64,2063.3,307.44,True
149,2026-11-11,5,332,1,64,2063.3,309.07,True
149,2026-11-11,5,336,1,64,2063.3,309.57,True
149,2026-11-11,5,334,1,64,2063.3,314.98,True
149,2026-11-11,5,333,1,64,2063.3,315.67,True
149,2026-11-11,5,338,1,64,2063.3,315.92,True
149,2026-11-11,5,339,1,64,2063.3,306.06,True
149,2026-11-11,5,335,1,64,2063.3,309.57,True
149,2026-11-11,5,337,1,64,2063.3,318.89,True
149,2026-11-11,5,340,1,64,2063.3,307.44,True
149,2026-11-11,5,341,1,64,2063.3,307.44,True
149,2026-11-11,5,344,1,64,2063.3,307.44,True
149,2026-11-11,5,342,1,64,2063.3,309.07,True
149,2026-11-11,5,343,1,64,2063.3,315.92,True
149,2026-11-11,5,348,1,64,2063.3,312.82,True
149,2026-11-11,5,347,1,64,2063.3,313.71,True
149,2026-11-11,5,345,1,64,2063.3,318.59,True
149,2026-11-11,5,346,1,64,2063.3,305.56,True
149,2026-11-11,5,349,1,64,2063.3,306.06,True
149,2026-11-11,5,350,1,64,2094.9,306.41,True
149,2026-11-11,5,351,1,64,2063.3,314.98,True
149,2026-11-11,5,353,1,64,2063.3,305.56,True
149,2026-11-11,5,354,1,64,2063.3,315.67,True
149,2026-11-11,5,352,1,64,2063.3,307.03,True
149,2026-11-11,5,357,1,64,2063.3,313.71,True
149,2026-11-11,5,358,1,64,2063.3,318.89,True
149,2026-11-11,5,355,1,64,2063.3,307.44,True
149,2026-11-11,5,360,1,64,2063.3,315.67,True
149,2026-11-11,5,356,1,64,2063.3,318.59,True
149,2026-11-11,5,359,1,64,2094.9,306.41,True
149,2026-11-11,5,361,1,64,2063.3,307.44,True
149,2026-11-11,5,363,1,64,2063.3,306.06,True
149,2026-11-11,5,364,1,64,2094.9,306.41,True
149,2026-11-11,5,365,1,64,2063.3,305.56,True
149,2026-11-11,5,362,1,64,2063.3,314.98,True
149,2026-11-11,5,367,1,64,2063.3,312.82,True
149,2026-11-11,5,369,1,64,2063.3,309.07,True
149,2026-11-11,5,366,1,64,2063.3,313.79,True
149,2026-11-11,5,368,1,64,2063.3,314.98,True
149,2026-11-11,5,370,1,64,2063.3,315.67,True
149,2026-11-11,5,371,1,64,2063.3,313.71,True
149,2026-11-11,5,372,1,64,2063.3,315.67,True
149,2026-11-11,5,373,1,64,2063.3,313.71,True
149,2026-11-11,5,374,1,64,2063.3,309.57,True
149,2026-11-11,5,376,1,64,2063.3,318.89,True
149,2026-11-11,5,375,1,64,2063.3,318.89,True
149,2026-11-11,5,377,1,64,2063.3,309.07,True
149,2026-11-11,5,378,1,64,2063.3,318.59,True
149,2026-11-11,5,380,1,64,2063.3,313.79,True
149,2026-11-11,5,379,1,64,2094.9,306.41,True
149,2026-11-11,5,382,1,64,2063.3,306.06,True
149,2026-11-11,5,384,1,64,2063.3,315.92,True
149,2026-11-11,5,385,1,64,2063.3,314.98,True
149,2026-11-11,5,386,1,64,2063.3,306.06,True
149,2026-11-11,5,381,1,64,2063.3,307.44,True
149,2026-11-11,5,383,1,64,2063.3,318.59,True
149,2026-11-11,5,387,1,64,2063.3,309.57,True
149,2026-11-11,5,388,1,64,2094.9,306.41,True
149,2026-11-11,5,391,1,64,2063.3,318.59,True
149,2026-11-11,5,389,1,64,2063.3,312.82,True
149,2026-11-11,5,390,1,64,2063.3,315.67,True
149,2026-11-11,5,392,1,64,2063.3,309.07,True
149,2026-11-11,5,393,1,64,2063.3,309.07,True
149,2026-11-11,5,394,1,64,2063.3,315.92,True
149,2026-11-11,5,395,1,64,2063.3,305.56,True
149,2026-11-11,5,396,1,64,2063.3,307.03,True
149,2026-11-11,5,398,1,64,2063.3,318.89,True
149,2026-11-11,5,397,1,64,2063.3,307.03,True
149,2026-11-11,5,399,1,64,2094.9,306.41,True
149,2026-11-11,5,400,1,64,2063.3,313.79,True
149,2026-11-11,7,6,2,66,2063.3,305.19,True
149,2026-11-11,7,2,2,66,2063.3,317.91,True
149,2026-11-11,7,1,2,66,2063.3,313.74,True
149,2026-11-11,7,8,2,66,2063.3,310.12,True
149,2026-11-11,7,4,2,66,2063.3,313.21,True
149,2026-11-11,7,5,2,66,2063.3,311.24,True
149,2026-11-11,7,3,2,66,2063.3,311.41,True
149,2026-11-11,7,9,2,66,2063.3,312.77,True
149,2026-11-11,7,7,2,66,2063.3,313.74,True
149,2026-11-11,7,11,2,66,2063.3,326.31,True
149,2026-11-11,7,13,2,66,2063.3,309.06,True
149,2026-11-11,7,10,2,66,2063.3,324.24,True
149,2026-11-11,7,12,2,66,2063.3,311.16,True
149,2026-11-11,7,14,2,66,2100.1,328.67,True
149,2026-11-11,7,17,2,66,2063.3,307.37,True
149,2026-11-11,7,18,2,66,2063.3,311.06,True
149,2026-11-11,7,16,2,66,2063.3,319.59,True
149,2026-11-11,7,15,2,66,2063.3,312.11,True
149,2026-11-11,7,20,2,66,2063.3,315.28,True
149,2026-11-11,7,19,2,66,2063.3,318.0,True
149,2026-11-11,7,22,2,66,2063.3,312.36,True
149,2026-11-11,7,21,2,66,2063.3,319.6,True
149,2026-11-11,7,23,2,66,2063.3,312.36,True
149,2026-11-11,7,24,2,66,2063.3,313.21,True
149,2026-11-11,7,25,2,66,2063.3,318.33,True
149,2026-11-11,7,26,2,66,2063.3,307.37,True
149,2026-11-11,7,27,2,66,2063.3,318.84,True
149,2026-11-11,7,31,2,66,2063.3,317.91,True
149,2026-11-11,7,28,2,66,2063.3,315.28,True
149,2026-11-11,7,30,2,66,2063.3,312.36,True
149,2026-11-11,7,29,2,66,2063.3,315.51,True
149,2026-11-11,7,33,2,66,2063.3,329.38,True
149,2026-11-11,7,32,2,66,2063.3,315.68,True
149,2026-11-11,7,34,2,66,2063.3,322.44,True
149,2026-11-11,7,35,2,66,2063.3,308.66,True
149,2026-11-11,7,36,2,66,2063.3,321.95,True
149,2026-11-11,7,38,2,66,2063.3,314.84,True
149,2026-11-11,7,39,2,66,2063.3,312.1,True
149,2026-11-11,7,37,2,66,2063.3,312.1,True
149,2026-11-11,7,40,2,66,2063.3,316.95,True
149,2026-11-11,7,42,2,66,2063.3,310.86,True
149,2026-11-11,7,45,2,66,2063.3,305.89,True
149,2026-11-11,7,41,2,66,2063.3,309.93,True
149,2026-11-11,7,43,2,66,2063.3,329.38,True
149,2026-11-11,7,44,2,66,2063.3,312.96,True
149,2026-11-11,7,46,2,66,2063.3,312.72,True
149,2026-11-11,7,48,2,66,2063.3,320.51,True
149,2026-11-11,7,47,2,66,2063.3,309.86,True
149,2026-11-11,7,52,2,66,2063.3,308.24,True
149,2026-11-11,7,49,2,66,2063.3,315.93,True
149,2026-11-11,7,50,2,66,2063.3,319.1,True
149,2026-11-11,7,53,2,66,2063.3,316.7,True
149,2026-11-11,7,51,2,66,2100.1,324.95,True
149,2026-11-11,7,54,2,66,2063.3,320.39,True
149,2026-11-11,7,55,2,66,2063.3,310.73,True
149,2026-11-11,7,56,2,66,2063.3,310.32,True
149,2026-11-11,7,57,2,66,2063.3,312.92,True
149,2026-11-11,7,58,2,66,2063.3,319.59,True
149,2026-11-11,7,59,2,66,2063.3,320.42,True
149,2026-11-11,7,60,2,66,2063.3,312.72,True
149,2026-11-11,7,61,2,66,2063.3,312.7,True
149,2026-11-11,7,62,2,66,2063.3,310.32,True
149,2026-11-11,7,63,2,66,2063.3,315.68,True
149,2026-11-11,7,64,2,66,2063.3,315.26,True
149,2026-11-11,7,65,2,66,2063.3,326.98,True
149,2026-11-11,7,66,2,66,2063.3,319.15,True
149,2026-11-11,7,68,2,66,2063.3,320.39,True
149,2026-11-11,7,67,2,66,2063.3,307.37,True
149,2026-11-11,7,70,2,66,2063.3,312.72,True
149,2026-11-11,7,71,2,66,2063.3,310.32,True
149,2026-11-11,7,72,2,66,2063.3,312.72,True
149,2026-11-11,7,69,2,66,2100.1,322.45,True
149,2026-11-11,7,73,2,66,2063.3,322.61,True
149,2026-11-11,7,75,2,66,2063.3,314.88,True
149,2026-11-11,7,74,2,66,2100.1,327.85,True
149,2026-11-11,7,77,2,66,2063.3,315.61,True
149,2026-11-11,7,78,2,66,2063.3,312.72,True
149,2026-11-11,7,76,2,66,2063.3,311.89,True
149,2026-11-11,7,79,2,66,2063.3,316.79,True
149,2026-11-11,7,81,2,66,2063.3,317.2,True
149,2026-11-11,7,80,2,66,2063.3,321.28,True
149,2026-11-11,7,82,2,66,2063.3,310.09,True
149,2026-11-11,7,85,2,66,2063.3,320.04,True
149,2026-11-11,7,83,2,66,2063.3,307.37,True
149,2026-11-11,7,84,2,66,2063.3,318.27,True
149,2026-11-11,7,86,2,66,2063.3,319.53,True
149,2026-11-11,7,87,2,66,2063.3,314.05,True
149,2026-11-11,7,88,2,66,2063.3,308.38,True
149,2026-11-11,7,90,2,66,2063.3,311.53,True
149,2026-11-11,7,89,2,66,2100.1,330.59,True
149,2026-11-11,7,91,2,66,2063.3,309.87,True
149,2026-11-11,7,92,2,66,2063.3,322.61,True
149,2026-11-11,7,93,2,66,2063.3,309.06,True
149,2026-11-11,7,95,2,66,2063.3,327.14,True
149,2026-11-11,7,94,2,66,2063.3,319.17,True
149,2026-11-11,7,97,2,66,2063.3,309.04,True
149,2026-11-11,7,96,2,66,2063.3,315.7,True
149,2026-11-11,7,98,2,66,2063.3,319.1,True
149,2026-11-11,7,99,2,66,2063.3,317.08,True
149,2026-11-11,7,101,2,66,2063.3,315.7,True
149,2026-11-11,7,100,2,66,2063.3,311.16,True
149,2026-11-11,7,102,2,66,2063.3,310.04,True
149,2026-11-11,7,103,2,66,2063.3,309.93,True
149,2026-11-11,7,106,2,66,2063.3,306.74,True
149,2026-11-11,7,108,2,66,2063.3,310.04,True
149,2026-11-11,7,104,2,66,2063.3,313.18,True
149,2026-11-11,7,105,2,66,2063.3,311.04,True
149,2026-11-11,7,107,2,66,2063.3,308.66,True
149,2026-11-11,7,110,2,66,2100.1,325.2,True
149,2026-11-11,7,111,2,66,2063.3,312.11,True
149,2026-11-11,7,109,2,66,2063.3,314.46,True
149,2026-11-11,7,114,2,66,2063.3,305.52,True
149,2026-11-11,7,112,2,66,2063.3,316.26,True
149,2026-11-11,7,113,2,66,2063.3,316.56,True
149,2026-11-11,7,116,2,66,2063.3,313.79,True
149,2026-11-11,7,117,2,66,2100.1,318.57,True
149,2026-11-11,7,115,2,66,2063.3,319.53,True
149,2026-11-11,7,118,2,66,2063.3,308.19,True
149,2026-11-11,7,119,2,66,2063.3,312.62,True
149,2026-11-11,7,120,2,66,2063.3,314.85,True
149,2026-11-11,7,121,2,66,2063.3,305.99,True
149,2026-11-11,7,123,2,66,2063.3,309.23,True
149,2026-11-11,7,122,2,66,2063.3,324.68,True
149,2026-11-11,7,126,2,66,2063.3,318.02,True
149,2026-11-11,7,125,2,66,2063.3,324.24,True
149,2026-11-11,7,124,2,66,2063.3,320.39,True
149,2026-11-11,7,128,2,66,2063.3,311.75,True
149,2026-11-11,7,127,2,66,2063.3,329.38,True
149,2026-11-11,7,129,2,66,2063.3,312.99,True
149,2026-11-11,7,131,2,66,2063.3,318.0,True
149,2026-11-11,7,130,2,66,2063.3,312.84,True
149,2026-11-11,7,132,2,66,2063.3,320.63,True
149,2026-11-11,7,133,2,66,2063.3,317.33,True
149,2026-11-11,7,134,2,66,2063.3,308.24,True
149,2026-11-11,7,135,2,66,2063.3,311.06,True
149,2026-11-11,7,136,2,66,2063.3,311.43,True
149,2026-11-11,7,137,2,66,2063.3,312.77,True
149,2026-11-11,7,138,2,66,2063.3,321.4,True
149,2026-11-11,7,140,2,66,2100.1,332.99,True
149,2026-11-11,7,141,2,66,2063.3,309.86,True
149,2026-11-11,7,139,2,66,2063.3,318.27,True
149,2026-11-11,7,143,2,66,2063.3,320.21,True
149,2026-11-11,7,142,2,66,2063.3,322.82,True
149,2026-11-11,7,144,2,66,2063.3,311.41,True
149,2026-11-11,7,145,2,66,2100.1,321.62,True
149,2026-11-11,7,147,2,66,2063.3,316.56,True
149,2026-11-11,7,146,2,66,2063.3,316.53,True
149,2026-11-11,7,149,2,66,2063.3,319.53,True
149,2026-11-11,7,148,2,66,2063.3,303.69,True
149,2026-11-11,7,150,2,66,2063.3,315.28,True
149,2026-11-11,7,151,2,66,2063.3,318.32,True
149,2026-11-11,7,152,2,66,2063.3,313.37,True
149,2026-11-11,7,153,2,66,2063.3,316.56,True
149,2026-11-11,7,154,2,66,2063.3,316.31,True
149,2026-11-11,7,155,2,66,2063.3,306.71,True
149,2026-11-11,7,156,2,66,2063.3,306.74,True
149,2026-11-11,7,157,2,66,2063.3,313.81,True
149,2026-11-11,7,159,2,66,2063.3,308.19,True
149,2026-11-11,7,158,2,66,2063.3,311.16,True
149,2026-11-11,7,160,2,66,2063.3,309.04,True
149,2026-11-11,7,161,2,66,2063.3,310.04,True
149,2026-11-11,7,162,2,66,2063.3,307.37,True
149,2026-11-11,7,163,2,66,2063.3,307.37,True
149,2026-11-11,7,165,2,66,2063.3,317.91,True
149,2026-11-11,7,164,2,66,2100.1,321.62,True
149,2026-11-11,7,168,2,66,2063.3,318.58,True
149,2026-11-11,7,166,2,66,2063.3,309.23,True
149,2026-11-11,7,167,2,66,2063.3,316.79,True
149,2026-11-11,7,169,2,66,2063.3,315.68,True
149,2026-11-11,7,170,2,66,2063.3,316.09,True
149,2026-11-11,7,171,2,66,2063.3,317.2,True
149,2026-11-11,7,174,2,66,2063.3,316.43,True
149,2026-11-11,7,172,2,66,2063.3,316.79,True
149,2026-11-11,7,173,2,66,2063.3,322.61,True
149,2026-11-11,7,176,2,66,2063.3,314.82,True
149,2026-11-11,7,177,2,66,2063.3,312.53,True
149,2026-11-11,7,175,2,66,2063.3,316.26,True
149,2026-11-11,7,178,2,66,2063.3,319.6,True
149,2026-11-11,7,179,2,66,2063.3,311.81,True
149,2026-11-11,7,180,2,66,2063.3,319.2,True
149,2026-11-11,7,181,2,66,2063.3,324.98,True
149,2026-11-11,7,183,2,66,2063.3,312.72,True
149,2026-11-11,7,182,2,66,2063.3,327.14,True
149,2026-11-11,7,184,2,66,2063.3,314.85,True
149,2026-11-11,7,185,2,66,2063.3,326.98,True
149,2026-11-11,7,186,2,66,2063.3,320.21,True
149,2026-11-11,7,187,2,66,2063.3,317.26,True
149,2026-11-11,7,188,2,66,2063.3,303.69,True
149,2026-11-11,7,190,2,66,2063.3,308.38,True
149,2026-11-11,7,189,2,66,2063.3,314.88,True
149,2026-11-11,7,191,2,66,2063.3,319.21,True
149,2026-11-11,7,192,2,66,2063.3,319.1,True
149,2026-11-11,7,194,2,66,2063.3,320.65,True
149,2026-11-11,7,193,2,66,2063.3,317.91,True
149,2026-11-11,7,195,2,66,2063.3,321.59,True
149,2026-11-11,7,196,2,66,2063.3,316.26,True
149,2026-11-11,7,197,2,66,2063.3,313.61,True
149,2026-11-11,7,198,2,66,2063.3,313.79,True
149,2026-11-11,7,200,2,66,2063.3,319.53,True
149,2026-11-11,7,199,2,66,2063.3,312.1,True
149,2026-11-11,7,202,2,66,2063.3,312.92,True
149,2026-11-11,7,203,2,66,2063.3,314.85,True
149,2026-11-11,7,201,2,66,2063.3,316.12,True
149,2026-11-11,7,204,2,66,2063.3,310.73,True
149,2026-11-11,7,205,2,66,2063.3,316.95,True
149,2026-11-11,7,206,2,66,2063.3,325.06,True
149,2026-11-11,7,207,2,66,2063.3,315.48,True
149,2026-11-11,7,209,2,66,2063.3,310.09,True
149,2026-11-11,7,208,2,66,2063.3,321.34,True
149,2026-11-11,7,212,2,66,2063.3,314.85,True
149,2026-11-11,7,210,2,66,2063.3,313.18,True
149,2026-11-11,7,211,2,66,2063.3,311.24,True
149,2026-11-11,7,213,2,66,2063.3,318.1,True
149,2026-11-11,7,214,2,66,2063.3,313.54,True
149,2026-11-11,7,215,2,66,2063.3,314.57,True
149,2026-11-11,7,216,2,66,2063.3,318.02,True
149,2026-11-11,7,218,2,66,2063.3,324.68,True
149,2026-11-11,7,217,2,66,2063.3,319.02,True
149,2026-11-11,7,219,2,66,2063.3,319.02,True
149,2026-11-11,7,220,2,66,2100.1,322.45,True
149,2026-11-11,7,221,2,66,2063.3,316.88,True
149,2026-11-11,7,222,2,66,2063.3,312.99,True
149,2026-11-11,7,223,2,66,2063.3,305.99,True
149,2026-11-11,7,224,2,66,2063.3,315.61,True
149,2026-11-11,7,225,2,66,2063.3,305.52,True
149,2026-11-11,7,226,2,66,2063.3,325.06,True
149,2026-11-11,7,227,2,66,2063.3,305.19,True
149,2026-11-11,7,228,2,66,2063.3,319.35,True
149,2026-11-11,7,229,2,66,2063.3,314.05,True
149,2026-11-11,7,230,2,66,2063.3,314.9,True
149,2026-11-11,7,231,2,66,2063.3,316.6,True
149,2026-11-11,7,233,2,66,2063.3,315.78,True
149,2026-11-11,7,232,2,66,2063.3,324.74,True
149,2026-11-11,7,234,2,66,2063.3,312.11,True
149,2026-11-11,7,235,2,66,2063.3,324.24,True
149,2026-11-11,7,236,2,66,2063.3,315.28,True
149,2026-11-11,7,237,2,66,2063.3,320.39,True
149,2026-11-11,7,238,2,66,2063.3,317.26,True
149,2026-11-11,7,239,2,66,2063.3,312.53,True
149,2026-11-11,7,240,2,66,2063.3,312.53,True
149,2026-11-11,7,241,2,66,2063.3,309.04,True
149,2026-11-11,7,242,2,66,2063.3,312.99,True
149,2026-11-11,7,243,2,66,2063.3,318.1,True
149,2026-11-11,7,244,2,66,2063.3,306.71,True
149,2026-11-11,7,245,2,66,2063.3,308.66,True
149,2026-11-11,7,246,2,66,2063.3,318.27,True
149,2026-11-11,7,248,2,66,2063.3,316.6,True
149,2026-11-11,7,247,2,66,2063.3,315.51,True
149,2026-11-11,7,249,2,66,2063.3,310.06,True
149,2026-11-11,7,250,2,66,2063.3,312.36,True
149,2026-11-11,7,251,2,66,2063.3,302.84,True
149,2026-11-11,7,252,2,66,2063.3,313.36,True
149,2026-11-11,7,253,2,66,2063.3,322.44,True
149,2026-11-11,7,254,2,66,2063.3,324.35,True
149,2026-11-11,7,255,2,66,2063.3,311.89,True
149,2026-11-11,7,257,2,66,2063.3,315.61,True
149,2026-11-11,7,256,2,66,2063.3,315.7,True
149,2026-11-11,7,258,2,66,2063.3,320.41,True
149,2026-11-11,7,259,2,66,2063.3,308.24,True
149,2026-11-11,7,260,2,66,2063.3,311.16,True
149,2026-11-11,7,261,2,66,2063.3,314.5,True
149,2026-11-11,7,262,2,66,2063.3,303.69,True
149,2026-11-11,7,263,2,66,2063.3,315.03,True
149,2026-11-11,7,264,2,66,2100.1,322.45,True
149,2026-11-11,7,265,2,66,2063.3,315.94,True
149,2026-11-11,7,266,2,66,2063.3,312.96,True
149,2026-11-11,7,267,2,66,2063.3,309.26,True
149,2026-11-11,7,269,2,66,2063.3,311.16,True
149,2026-11-11,7,268,2,66,2063.3,314.83,True
149,2026-11-11,7,270,2,66,2063.3,315.51,True
149,2026-11-11,7,271,2,66,2063.3,316.55,True
149,2026-11-11,7,272,2,66,2063.3,309.21,True
149,2026-11-11,7,273,2,66,2063.3,322.33,True
149,2026-11-11,7,275,2,66,2063.3,311.04,True
149,2026-11-11,7,274,2,66,2063.3,316.7,True
149,2026-11-11,7,277,2,66,2063.3,324.35,True
149,2026-11-11,7,276,2,66,2063.3,310.09,True
149,2026-11-11,7,278,2,66,2063.3,319.59,True
149,2026-11-11,7,279,2,66,2063.3,317.53,True
149,2026-11-11,7,280,2,66,2063.3,310.86,True
149,2026-11-11,7,281,2,66,2100.1,321.62,True
149,2026-11-11,7,283,2,66,2063.3,316.09,True
149,2026-11-11,7,284,2,66,2063.3,309.21,True
149,2026-11-11,7,282,2,66,2063.3,317.55,True
149,2026-11-11,7,285,2,66,2063.3,317.53,True
149,2026-11-11,7,286,2,66,2063.3,319.35,True
149,2026-11-11,7,287,2,66,2063.3,311.04,True
149,2026-11-11,7,289,2,66,2063.3,316.26,True
149,2026-11-11,7,288,2,66,2063.3,322.61,True
149,2026-11-11,7,290,2,66,2100.1,318.57,True
149,2026-11-11,7,292,2,66,2063.3,309.39,True
149,2026-11-11,7,293,2,66,2063.3,314.96,True
149,2026-11-11,7,291,2,66,2063.3,314.18,True
149,2026-11-11,7,294,2,66,2063.3,310.32,True
149,2026-11-11,7,295,2,66,2063.3,329.38,True
149,2026-11-11,7,296,2,66,2063.3,317.2,True
149,2026-11-11,7,298,2,66,2063.3,320.03,True
149,2026-11-11,7,297,2,66,2063.3,313.4,True
149,2026-11-11,7,299,2,66,2063.3,322.44,True
149,2026-11-11,7,300,2,66,2063.3,308.24,True
149,2026-11-11,7,301,2,66,2063.3,308.19,True
149,2026-11-11,7,302,2,66,2063.3,319.65,True
149,2026-11-11,7,303,2,66,2063.3,311.75,True
149,2026-11-11,7,304,2,66,2063.3,313.61,True
149,2026-11-11,7,305,2,66,2063.3,309.31,True
149,2026-11-11,7,306,2,66,2063.3,314.57,True
149,2026-11-11,7,307,2,66,2063.3,317.53,True
149,2026-11-11,7,309,2,66,2063.3,318.5,True
149,2026-11-11,7,308,2,66,2063.3,315.03,True
149,2026-11-11,7,310,2,66,2063.3,316.79,True
149,2026-11-11,7,311,2,66,2063.3,316.43,True
149,2026-11-11,7,312,2,66,2063.3,308.66,True
149,2026-11-11,7,314,2,66,2063.3,321.95,True
149,2026-11-11,7,313,2,66,2063.3,309.04,True
149,2026-11-11,7,315,2,66,2063.3,309.26,True
149,2026-11-11,7,316,2,66,2063.3,322.44,True
149,2026-11-11,7,317,2,66,2063.3,314.05,True
149,2026-11-11,7,318,2,66,2063.3,315.61,True
149,2026-11-11,7,319,2,66,2063.3,310.73,True
149,2026-11-11,7,320,2,66,2063.3,315.94,True
149,2026-11-11,7,321,2,66,2063.3,317.26,True
149,2026-11-11,7,323,2,66,2063.3,320.03,True
149,2026-11-11,7,322,2,66,2063.3,329.38,True
149,2026-11-11,7,324,2,66,2063.3,316.31,True
149,2026-11-11,7,326,2,66,2063.3,313.18,True
149,2026-11-11,7,325,2,66,2063.3,313.74,True
149,2026-11-11,7,327,2,66,2063.3,321.95,True
149,2026-11-11,7,328,2,66,2063.3,317.25,True
149,2026-11-11,7,331,2,66,2063.3,321.59,True
149,2026-11-11,7,330,2,66,2063.3,311.06,True
149,2026-11-11,7,332,2,66,2063.3,317.25,True
149,2026-11-11,7,329,2,66,2063.3,316.86,True
149,2026-11-11,7,333,2,66,2063.3,318.32,True
149,2026-11-11,7,335,2,66,2063.3,312.11,True
149,2026-11-11,7,334,2,66,2063.3,313.54,True
149,2026-11-11,7,337,2,66,2063.3,321.59,True
149,2026-11-11,7,336,2,66,2063.3,315.68,True
149,2026-11-11,7,338,2,66,2063.3,306.99,True
149,2026-11-11,7,339,2,66,2063.3,316.7,True
149,2026-11-11,7,340,2,66,2063.3,312.36,True
149,2026-11-11,7,343,2,66,2063.3,326.31,True
149,2026-11-11,7,342,2,66,2063.3,315.51,True
149,2026-11-11,7,341,2,66,2063.3,321.34,True
149,2026-11-11,7,344,2,66,2063.3,316.55,True
149,2026-11-11,7,346,2,66,2063.3,309.26,True
149,2026-11-11,7,345,2,66,2063.3,322.61,True
149,2026-11-11,7,348,2,66,2063.3,319.65,True
149,2026-11-11,7,349,2,66,2063.3,315.03,True
149,2026-11-11,7,350,2,66,2063.3,316.26,True
149,2026-11-11,7,351,2,66,2063.3,313.37,True
149,2026-11-11,7,352,2,66,2063.3,310.73,True
149,2026-11-11,7,347,2,66,2063.3,311.16,True
149,2026-11-11,7,353,2,66,2063.3,321.32,True
149,2026-11-11,7,354,2,66,2063.3,310.32,True
149,2026-11-11,7,355,2,66,2063.3,318.58,True
149,2026-11-11,7,358,2,66,2063.3,314.96,True
149,2026-11-11,7,356,2,66,2100.1,327.85,True
149,2026-11-11,7,357,2,66,2063.3,312.55,True
149,2026-11-11,7,360,2,66,2063.3,314.57,True
149,2026-11-11,7,359,2,66,2063.3,315.68,True
149,2026-11-11,7,361,2,66,2063.3,310.86,True
149,2026-11-11,7,362,2,66,2063.3,315.51,True
149,2026-11-11,7,363,2,66,2063.3,327.14,True
149,2026-11-11,7,364,2,66,2063.3,309.04,True
149,2026-11-11,7,365,2,66,2063.3,310.32,True
149,2026-11-11,7,366,2,66,2100.1,328.29,True
149,2026-11-11,7,369,2,66,2063.3,314.85,True
149,2026-11-11,7,367,2,66,2063.3,318.02,True
149,2026-11-11,7,368,2,66,2063.3,311.75,True
149,2026-11-11,7,370,2,66,2063.3,321.28,True
149,2026-11-11,7,371,2,66,2063.3,317.91,True
149,2026-11-11,7,372,2,66,2063.3,316.88,True
149,2026-11-11,7,373,2,66,2063.3,310.21,True
149,2026-11-11,7,374,2,66,2063.3,319.35,True
149,2026-11-11,7,377,2,66,2063.3,321.34,True
149,2026-11-11,7,375,2,66,2063.3,322.33,True
149,2026-11-11,7,376,2,66,2063.3,309.21,True
149,2026-11-11,7,378,2,66,2063.3,309.21,True
149,2026-11-11,7,379,2,66,2063.3,312.11,True
149,2026-11-11,7,380,2,66,2063.3,310.12,True
149,2026-11-11,7,381,2,66,2063.3,311.04,True
149,2026-11-11,7,382,2,66,2063.3,318.58,True
149,2026-11-11,7,384,2,66,2063.3,312.77,True
149,2026-11-11,7,385,2,66,2063.3,314.46,True
149,2026-11-11,7,383,2,66,2063.3,315.7,True
149,2026-11-11,7,387,2,66,2063.3,320.51,True
149,2026-11-11,7,386,2,66,2063.3,312.7,True
149,2026-11-11,7,388,2,66,2063.3,318.84,True
149,2026-11-11,7,389,2,66,2063.3,312.53,True
149,2026-11-11,7,390,2,66,2063.3,319.93,True
149,2026-11-11,7,391,2,66,2063.3,310.32,True
149,2026-11-11,7,393,2,66,2063.3,310.06,True
149,2026-11-11,7,395,2,66,2063.3,309.06,True
149,2026-11-11,7,392,2,66,2063.3,319.15,True
149,2026-11-11,7,394,2,66,2063.3,308.57,True
149,2026-11-11,7,396,2,66,2063.3,312.55,True
149,2026-11-11,7,397,2,66,2063.3,318.58,True
149,2026-11-11,7,398,2,66,2063.3,321.4,True
149,2026-11-11,7,399,2,66,2100.1,321.62,True
149,2026-11-11,7,400,2,66,2063.3,322.33,True
149,2026-11-11,9,8,3,69,2063.3,317.74,True
149,2026-11-11,9,1,3,69,2063.3,336.59,True
149,2026-11-11,9,2,3,69,2081.9,359.19,True
149,2026-11-11,9,7,3,69,2063.3,342.93,True
149,2026-11-11,9,6,3,69,2063.3,333.15,True
149,2026-11-11,9,4,3,69,2072.6,341.62,True
149,2026-11-11,9,5,3,69,2063.3,347.01,True
149,2026-11-11,9,3,3,69,2063.3,326.72,True
149,2026-11-11,9,9,3,69,2063.3,328.24,True
149,2026-11-11,9,10,3,69,2063.3,351.94,True
149,2026-11-11,9,11,3,69,2063.3,360.96,True
149,2026-11-11,9,13,3,69,2063.3,351.94,True
149,2026-11-11,9,12,3,69,2063.3,341.89,True
149,2026-11-11,9,16,3,69,2063.3,343.63,True
149,2026-11-11,9,18,3,69,2063.3,318.63,True
149,2026-11-11,9,15,3,69,2063.3,345.02,True
149,2026-11-11,9,14,3,69,2063.3,346.26,True
149,2026-11-11,9,17,3,69,2063.3,340.41,True
149,2026-11-11,9,19,3,69,2063.3,337.39,True
149,2026-11-11,9,20,3,69,2063.3,316.89,True
149,2026-11-11,9,21,3,69,2081.9,356.01,True
149,2026-11-11,9,22,3,69,2072.6,347.56,True
149,2026-11-11,9,24,3,69,2063.3,365.14,True
149,2026-11-11,9,26,3,69,2063.3,329.85,True
149,2026-11-11,9,23,3,69,2063.3,359.3,True
149,2026-11-11,9,25,3,69,2072.6,328.67,True
149,2026-11-11,9,27,3,69,2063.3,347.8,True
149,2026-11-11,9,29,3,69,2063.3,348.57,True
149,2026-11-11,9,31,3,69,2063.3,340.08,True
149,2026-11-11,9,30,3,69,2063.3,336.03,True
149,2026-11-11,9,33,3,69,2063.3,351.99,True
149,2026-11-11,9,28,3,69,2089.7,356.81,True
149,2026-11-11,9,35,3,69,2063.3,321.8,True
149,2026-11-11,9,34,3,69,2063.3,329.35,True
149,2026-11-11,9,36,3,69,2063.3,331.61,True
149,2026-11-11,9,32,3,69,2063.3,332.47,True
149,2026-11-11,9,37,3,69,2063.3,344.56,True
149,2026-11-11,9,42,3,69,2063.3,333.57,True
149,2026-11-11,9,38,3,69,2063.3,323.0,True
149,2026-11-11,9,40,3,69,2081.9,343.87,True
149,2026-11-11,9,44,3,69,2063.3,340.61,True
149,2026-11-11,9,43,3,69,2063.3,331.0,True
149,2026-11-11,9,39,3,69,2063.3,324.69,True
149,2026-11-11,9,45,3,69,2063.3,335.51,True
149,2026-11-11,9,41,3,69,2063.3,315.82,True
149,2026-11-11,9,46,3,69,2089.7,353.26,True
149,2026-11-11,9,47,3,69,2063.3,324.96,True
149,2026-11-11,9,52,3,69,2081.9,364.93,True
149,2026-11-11,9,51,3,69,2063.3,349.19,True
149,2026-11-11,9,48,3,69,2063.3,349.48,True
149,2026-11-11,9,50,3,69,2063.3,349.85,True
149,2026-11-11,9,49,3,69,2063.3,333.81,True
149,2026-11-11,9,54,3,69,2063.3,341.29,True
149,2026-11-11,9,53,3,69,2063.3,343.86,True
149,2026-11-11,9,55,3,69,2063.3,331.73,True
149,2026-11-11,9,58,3,69,2063.3,343.8,True
149,2026-11-11,9,59,3,69,2063.3,352.7,True
149,2026-11-11,9,61,3,69,2081.9,351.29,True
149,2026-11-11,9,57,3,69,2081.9,353.02,True
149,2026-11-11,9,62,3,69,2063.3,343.95,True
149,2026-11-11,9,56,3,69,2063.3,335.88,True
149,2026-11-11,9,63,3,69,2063.3,349.04,True
149,2026-11-11,9,60,3,69,2072.6,316.61,True
149,2026-11-11,9,64,3,69,2063.3,339.56,True
149,2026-11-11,9,65,3,69,2063.3,333.61,True
149,2026-11-11,9,66,3,69,2063.3,339.19,True
149,2026-11-11,9,69,3,69,2063.3,347.68,True
149,2026-11-11,9,70,3,69,2063.3,329.85,True
149,2026-11-11,9,71,3,69,2063.3,341.27,True
149,2026-11-11,9,68,3,69,2063.3,321.54,True
149,2026-11-11,9,67,3,69,2063.3,353.96,True
149,2026-11-11,9,72,3,69,2063.3,348.82,True
149,2026-11-11,9,73,3,69,2063.3,366.93,True
149,2026-11-11,9,74,3,69,2063.3,331.93,True
149,2026-11-11,9,76,3,69,2081.9,350.54,True
149,2026-11-11,9,78,3,69,2063.3,323.5,True
149,2026-11-11,9,75,3,69,2063.3,328.73,True
149,2026-11-11,9,79,3,69,2063.3,332.74,True
149,2026-11-11,9,77,3,69,2063.3,374.11,True
149,2026-11-11,9,80,3,69,2063.3,336.53,True
149,2026-11-11,9,81,3,69,2063.3,352.46,True
149,2026-11-11,9,82,3,69,2063.3,332.08,True
149,2026-11-11,9,83,3,69,2081.9,359.23,True
149,2026-11-11,9,86,3,69,2063.3,331.12,True
149,2026-11-11,9,84,3,69,2063.3,329.99,True
149,2026-11-11,9,89,3,69,2063.3,332.47,True
149,2026-11-11,9,85,3,69,2063.3,338.11,True
149,2026-11-11,9,90,3,69,2063.3,345.64,True
149,2026-11-11,9,87,3,69,2063.3,348.41,True
149,2026-11-11,9,88,3,69,2072.6,342.41,True
149,2026-11-11,9,91,3,69,2063.3,328.53,True
149,2026-11-11,9,93,3,69,2063.3,345.77,True
149,2026-11-11,9,94,3,69,2063.3,349.31,True
149,2026-11-11,9,95,3,69,2063.3,340.21,True
149,2026-11-11,9,92,3,69,2063.3,345.12,True
149,2026-11-11,9,97,3,69,2063.3,316.64,True
149,2026-11-11,9,99,3,69,2063.3,320.64,True
149,2026-11-11,9,98,3,69,2063.3,353.79,True
149,2026-11-11,9,96,3,69,2063.3,327.61,True
149,2026-11-11,9,100,3,69,2071.1,351.72,True
149,2026-11-11,9,103,3,69,2081.9,373.47,True
149,2026-11-11,9,101,3,69,2063.3,343.81,True
149,2026-11-11,9,102,3,69,2063.3,323.0,True
149,2026-11-11,9,104,3,69,2063.3,346.28,True
149,2026-11-11,9,106,3,69,2072.6,328.88,True
149,2026-11-11,9,105,3,69,2063.3,341.57,True
149,2026-11-11,9,107,3,69,2063.3,339.1,True
149,2026-11-11,9,108,3,69,2063.3,328.64,True
149,2026-11-11,9,109,3,69,2063.3,355.81,True
149,2026-11-11,9,110,3,69,2063.3,332.75,True
149,2026-11-11,9,111,3,69,2063.3,336.41,True
149,2026-11-11,9,112,3,69,2063.3,336.42,True
149,2026-11-11,9,113,3,69,2063.3,322.96,True
149,2026-11-11,9,116,3,69,2063.3,345.54,True
149,2026-11-11,9,114,3,69,2063.3,346.52,True
149,2026-11-11,9,115,3,69,2063.3,328.42,True
149,2026-11-11,9,117,3,69,2063.3,332.49,True
149,2026-11-11,9,118,3,69,2063.3,329.2,True
149,2026-11-11,9,119,3,69,2063.3,321.95,True
149,2026-11-11,9,121,3,69,2063.3,321.18,True
149,2026-11-11,9,120,3,69,2063.3,339.17,True
149,2026-11-11,9,124,3,69,2063.3,343.78,True
149,2026-11-11,9,122,3,69,2063.3,335.45,True
149,2026-11-11,9,125,3,69,2081.9,356.86,True
149,2026-11-11,9,123,3,69,2063.3,345.38,True
149,2026-11-11,9,126,3,69,2063.3,339.17,True
149,2026-11-11,9,127,3,69,2063.3,350.8,True
149,2026-11-11,9,128,3,69,2063.3,333.41,True
149,2026-11-11,9,130,3,69,2063.3,322.8,True
149,2026-11-11,9,129,3,69,2063.3,346.66,True
149,2026-11-11,9,131,3,69,2063.3,346.77,True
149,2026-11-11,9,132,3,69,2063.3,349.12,True
149,2026-11-11,9,134,3,69,2089.7,349.79,True
149,2026-11-11,9,133,3,69,2072.6,333.01,True
149,2026-11-11,9,135,3,69,2063.3,358.63,True
149,2026-11-11,9,136,3,69,2063.3,342.12,True
149,2026-11-11,9,137,3,69,2063.3,340.67,True
149,2026-11-11,9,138,3,69,2081.9,370.31,True
149,2026-11-11,9,140,3,69,2063.3,348.95,True
149,2026-11-11,9,139,3,69,2063.3,337.73,True
149,2026-11-11,9,141,3,69,2063.3,344.58,True
149,2026-11-11,9,142,3,69,2089.7,347.1,True
149,2026-11-11,9,143,3,69,2063.3,342.07,True
149,2026-11-11,9,144,3,69,2063.3,327.17,True
149,2026-11-11,9,145,3,69,2063.3,345.35,True
149,2026-11-11,9,146,3,69,2063.3,320.97,True
149,2026-11-11,9,147,3,69,2063.3,337.36,True
149,2026-11-11,9,148,3,69,2063.3,349.53,True
149,2026-11-11,9,150,3,69,2063.3,347.53,True
149,2026-11-11,9,152,3,69,2063.3,338.73,True
149,2026-11-11,9,149,3,69,2071.1,329.89,True
149,2026-11-11,9,151,3,69,2063.3,328.78,True
149,2026-11-11,9,153,3,69,2063.3,321.18,True
149,2026-11-11,9,154,3,69,2063.3,340.37,True
149,2026-11-11,9,155,3,69,2063.3,328.9,True
149,2026-11-11,9,156,3,69,2063.3,323.56,True
149,2026-11-11,9,157,3,69,2063.3,338.63,True
149,2026-11-11,9,160,3,69,2081.9,339.5,True
149,2026-11-11,9,159,3,69,2072.6,323.36,True
149,2026-11-11,9,161,3,69,2063.3,339.75,True
149,2026-11-11,9,162,3,69,2063.3,344.53,True
149,2026-11-11,9,158,3,69,2071.1,348.79,True
149,2026-11-11,9,163,3,69,2063.3,329.71,True
149,2026-11-11,9,164,3,69,2063.3,337.62,True
149,2026-11-11,9,165,3,69,2063.3,329.34,True
149,2026-11-11,9,167,3,69,2071.1,357.61,True
149,2026-11-11,9,166,3,69,2063.3,323.31,True
149,2026-11-11,9,168,3,69,2063.3,338.76,True
149,2026-11-11,9,171,3,69,2063.3,336.05,True
149,2026-11-11,9,169,3,69,2063.3,336.54,True
149,2026-11-11,9,170,3,69,2063.3,336.41,True
149,2026-11-11,9,172,3,69,2063.3,351.23,True
149,2026-11-11,9,173,3,69,2063.3,348.32,True
149,2026-11-11,9,174,3,69,2063.3,361.58,True
149,2026-11-11,9,175,3,69,2063.3,322.97,True
149,2026-11-11,9,176,3,69,2063.3,328.38,True
149,2026-11-11,9,177,3,69,2063.3,332.74,True
149,2026-11-11,9,178,3,69,2063.3,341.94,True
149,2026-11-11,9,179,3,69,2063.3,344.27,True
149,2026-11-11,9,180,3,69,2063.3,342.49,True
149,2026-11-11,9,181,3,69,2071.1,353.15,True
149,2026-11-11,9,182,3,69,2063.3,344.48,True
149,2026-11-11,9,183,3,69,2063.3,337.41,True
149,2026-11-11,9,184,3,69,2063.3,326.05,True
149,2026-11-11,9,185,3,69,2063.3,340.52,True
149,2026-11-11,9,186,3,69,2063.3,339.73,True
149,2026-11-11,9,188,3,69,2081.9,339.07,True
149,2026-11-11,9,187,3,69,2063.3,340.93,True
149,2026-11-11,9,189,3,69,2063.3,321.18,True
149,2026-11-11,9,190,3,69,2081.9,352.66,True
149,2026-11-11,9,191,3,69,2063.3,347.13,True
149,2026-11-11,9,192,3,69,2063.3,334.41,True
149,2026-11-11,9,193,3,69,2072.6,344.75,True
149,2026-11-11,9,194,3,69,2081.9,354.59,True
149,2026-11-11,9,195,3,69,2063.3,335.45,True
149,2026-11-11,9,196,3,69,2063.3,331.66,True
149,2026-11-11,9,198,3,69,2063.3,333.24,True
149,2026-11-11,9,197,3,69,2063.3,356.32,True
149,2026-11-11,9,199,3,69,2063.3,331.81,True
149,2026-11-11,9,200,3,69,2063.3,342.84,True
149,2026-11-11,9,201,3,69,2063.3,339.75,True
149,2026-11-11,9,202,3,69,2063.3,351.72,True
149,2026-11-11,9,204,3,69,2063.3,330.94,True
149,2026-11-11,9,203,3,69,2081.9,360.04,True
149,2026-11-11,9,206,3,69,2063.3,329.98,True
149,2026-11-11,9,207,3,69,2063.3,351.53,True
149,2026-11-11,9,205,3,69,2063.3,327.6,True
149,2026-11-11,9,208,3,69,2063.3,351.61,True
149,2026-11-11,9,209,3,69,2063.3,335.51,True
149,2026-11-11,9,211,3,69,2063.3,338.02,True
149,2026-11-11,9,210,3,69,2063.3,330.62,True
149,2026-11-11,9,215,3,69,2063.3,329.0,True
149,2026-11-11,9,214,3,69,2081.9,357.88,True
149,2026-11-11,9,212,3,69,2063.3,332.02,True
149,2026-11-11,9,216,3,69,2063.3,334.67,True
149,2026-11-11,9,213,3,69,2063.3,340.91,True
149,2026-11-11,9,217,3,69,2072.6,320.19,True
149,2026-11-11,9,218,3,69,2063.3,323.74,True
149,2026-11-11,9,219,3,69,2063.3,338.82,True
149,2026-11-11,9,220,3,69,2063.3,329.53,True
149,2026-11-11,9,221,3,69,2063.3,340.73,True
149,2026-11-11,9,222,3,69,2063.3,339.62,True
149,2026-11-11,9,223,3,69,2063.3,325.9,True
149,2026-11-11,9,224,3,69,2063.3,325.01,True
149,2026-11-11,9,226,3,69,2063.3,342.89,True
149,2026-11-11,9,225,3,69,2063.3,344.09,True
149,2026-11-11,9,227,3,69,2063.3,331.96,True
149,2026-11-11,9,228,3,69,2063.3,324.92,True
149,2026-11-11,9,229,3,69,2063.3,338.73,True
149,2026-11-11,9,230,3,69,2063.3,326.07,True
149,2026-11-11,9,231,3,69,2063.3,332.17,True
149,2026-11-11,9,232,3,69,2063.3,353.24,True
149,2026-11-11,9,233,3,69,2072.6,318.29,True
149,2026-11-11,9,234,3,69,2072.6,351.22,True
149,2026-11-11,9,236,3,69,2063.3,334.84,True
149,2026-11-11,9,235,3,69,2063.3,352.26,True
149,2026-11-11,9,237,3,69,2063.3,344.93,True
149,2026-11-11,9,239,3,69,2063.3,329.89,True
149,2026-11-11,9,238,3,69,2063.3,327.14,True
149,2026-11-11,9,240,3,69,2081.9,362.42,True
149,2026-11-11,9,241,3,69,2063.3,337.89,True
149,2026-11-11,9,242,3,69,2063.3,330.04,True
149,2026-11-11,9,243,3,69,2063.3,333.89,True
149,2026-11-11,9,244,3,69,2063.3,322.2,True
149,2026-11-11,9,245,3,69,2063.3,344.44,True
149,2026-11-11,9,246,3,69,2063.3,345.92,True
149,2026-11-11,9,247,3,69,2081.9,368.11,True
149,2026-11-11,9,248,3,69,2063.3,348.62,True
149,2026-11-11,9,250,3,69,2063.3,331.99,True
149,2026-11-11,9,249,3,69,2063.3,340.78,True
149,2026-11-11,9,251,3,69,2063.3,329.47,True
149,2026-11-11,9,252,3,69,2063.3,344.44,True
149,2026-11-11,9,254,3,69,2063.3,326.04,True
149,2026-11-11,9,253,3,69,2063.3,336.74,True
149,2026-11-11,9,255,3,69,2063.3,336.86,True
149,2026-11-11,9,258,3,69,2063.3,353.99,True
149,2026-11-11,9,256,3,69,2063.3,348.43,True
149,2026-11-11,9,257,3,69,2071.1,353.63,True
149,2026-11-11,9,259,3,69,2063.3,315.73,True
149,2026-11-11,9,261,3,69,2063.3,339.01,True
149,2026-11-11,9,260,3,69,2063.3,350.2,True
149,2026-11-11,9,263,3,69,2063.3,347.88,True
149,2026-11-11,9,262,3,69,2063.3,326.08,True
149,2026-11-11,9,264,3,69,2063.3,343.92,True
149,2026-11-11,9,265,3,69,2063.3,334.22,True
149,2026-11-11,9,266,3,69,2081.9,350.45,True
149,2026-11-11,9,267,3,69,2063.3,319.23,True
149,2026-11-11,9,268,3,69,2081.9,361.07,True
149,2026-11-11,9,269,3,69,2063.3,340.62,True
149,2026-11-11,9,270,3,69,2063.3,333.27,True
149,2026-11-11,9,272,3,69,2072.6,332.07,True
149,2026-11-11,9,271,3,69,2063.3,332.86,True
149,2026-11-11,9,273,3,69,2063.3,342.35,True
149,2026-11-11,9,274,3,69,2063.3,341.55,True
149,2026-11-11,9,277,3,69,2081.9,347.33,True
149,2026-11-11,9,276,3,69,2063.3,325.51,True
149,2026-11-11,9,275,3,69,2063.3,343.86,True
149,2026-11-11,9,279,3,69,2063.3,328.79,True
149,2026-11-11,9,278,3,69,2063.3,328.0,True
149,2026-11-11,9,280,3,69,2063.3,328.0,True
149,2026-11-11,9,281,3,69,2071.1,342.54,True
149,2026-11-11,9,283,3,69,2081.9,361.64,True
149,2026-11-11,9,282,3,69,2081.9,360.04,True
149,2026-11-11,9,284,3,69,2063.3,352.81,True
149,2026-11-11,9,285,3,69,2063.3,324.07,True
149,2026-11-11,9,286,3,69,2081.9,344.32,True
149,2026-11-11,9,287,3,69,2063.3,337.34,True
149,2026-11-11,9,288,3,69,2063.3,342.25,True
149,2026-11-11,9,289,3,69,2063.3,337.66,True
149,2026-11-11,9,290,3,69,2063.3,320.06,True
149,2026-11-11,9,291,3,69,2072.6,336.43,True
149,2026-11-11,9,292,3,69,2063.3,335.51,True
149,2026-11-11,9,293,3,69,2071.1,358.64,True
149,2026-11-11,9,294,3,69,2063.3,335.82,True
149,2026-11-11,9,295,3,69,2072.6,334.39,True
149,2026-11-11,9,296,3,69,2063.3,354.47,True
149,2026-11-11,9,297,3,69,2063.3,341.95,True
149,2026-11-11,9,298,3,69,2072.6,335.93,True
149,2026-11-11,9,299,3,69,2063.3,331.81,True
149,2026-11-11,9,300,3,69,2063.3,345.54,True
149,2026-11-11,9,301,3,69,2063.3,363.29,True
149,2026-11-11,9,303,3,69,2063.3,351.67,True
149,2026-11-11,9,304,3,69,2063.3,326.11,True
149,2026-11-11,9,302,3,69,2063.3,353.1,True
149,2026-11-11,9,305,3,69,2063.3,333.24,True
149,2026-11-11,9,306,3,69,2072.6,326.65,True
149,2026-11-11,9,307,3,69,2063.3,342.16,True
149,2026-11-11,9,308,3,69,2063.3,352.5,True
149,2026-11-11,9,309,3,69,2063.3,339.08,True
149,2026-11-11,9,310,3,69,2063.3,347.43,True
149,2026-11-11,9,312,3,69,2063.3,354.47,True
149,2026-11-11,9,313,3,69,2071.1,328.46,True
149,2026-11-11,9,311,3,69,2063.3,344.76,True
149,2026-11-11,9,314,3,69,2063.3,332.4,True
149,2026-11-11,9,315,3,69,2063.3,345.97,True
149,2026-11-11,9,316,3,69,2063.3,340.51,True
149,2026-11-11,9,317,3,69,2063.3,325.41,True
149,2026-11-11,9,318,3,69,2071.1,351.92,True
149,2026-11-11,9,321,3,69,2063.3,325.64,True
149,2026-11-11,9,319,3,69,2063.3,351.72,True
149,2026-11-11,9,320,3,69,2063.3,340.0,True
149,2026-11-11,9,323,3,69,2081.9,361.73,True
149,2026-11-11,9,322,3,69,2063.3,348.66,True
149,2026-11-11,9,324,3,69,2063.3,333.66,True
149,2026-11-11,9,325,3,69,2063.3,323.02,True
149,2026-11-11,9,326,3,69,2063.3,335.55,True
149,2026-11-11,9,327,3,69,2071.1,351.77,True
149,2026-11-11,9,329,3,69,2063.3,345.81,True
149,2026-11-11,9,328,3,69,2063.3,327.46,True
149,2026-11-11,9,331,3,69,2063.3,335.4,True
149,2026-11-11,9,332,3,69,2063.3,337.79,True
149,2026-11-11,9,330,3,69,2063.3,333.27,True
149,2026-11-11,9,333,3,69,2063.3,334.22,True
149,2026-11-11,9,334,3,69,2063.3,340.52,True
149,2026-11-11,9,335,3,69,2063.3,345.04,True
149,2026-11-11,9,336,3,69,2071.1,347.03,True
149,2026-11-11,9,337,3,69,2063.3,350.38,True
149,2026-11-11,9,340,3,69,2063.3,324.55,True
149,2026-11-11,9,338,3,69,2063.3,341.38,True
149,2026-11-11,9,341,3,69,2063.3,333.47,True
149,2026-11-11,9,339,3,69,2063.3,346.61,True
149,2026-11-11,9,342,3,69,2081.9,364.72,True
149,2026-11-11,9,343,3,69,2063.3,348.71,True
149,2026-11-11,9,344,3,69,2063.3,324.71,True
149,2026-11-11,9,345,3,69,2063.3,356.28,True
149,2026-11-11,9,346,3,69,2063.3,325.64,True
149,2026-11-11,9,349,3,69,2063.3,333.24,True
149,2026-11-11,9,347,3,69,2063.3,322.87,True
149,2026-11-11,9,348,3,69,2063.3,322.85,True
149,2026-11-11,9,350,3,69,2063.3,348.32,True
149,2026-11-11,9,351,3,69,2063.3,327.96,True
149,2026-11-11,9,352,3,69,2063.3,347.23,True
149,2026-11-11,9,353,3,69,2063.3,334.22,True
149,2026-11-11,9,354,3,69,2063.3,326.71,True
149,2026-11-11,9,355,3,69,2063.3,353.99,True
149,2026-11-11,9,357,3,69,2071.1,344.94,True
149,2026-11-11,9,356,3,69,2063.3,336.25,True
149,2026-11-11,9,358,3,69,2063.3,328.14,True
149,2026-11-11,9,359,3,69,2063.3,345.4,True
149,2026-11-11,9,360,3,69,2063.3,339.37,True
149,2026-11-11,9,361,3,69,2081.9,345.76,True
149,2026-11-11,9,362,3,69,2063.3,335.97,True
149,2026-11-11,9,363,3,69,2063.3,320.73,True
149,2026-11-11,9,364,3,69,2063.3,341.29,True
149,2026-11-11,9,365,3,69,2063.3,329.29,True
149,2026-11-11,9,366,3,69,2063.3,332.54,True
149,2026-11-11,9,367,3,69,2063.3,340.91,True
149,2026-11-11,9,368,3,69,2071.1,327.69,True
149,2026-11-11,9,369,3,69,2063.3,335.91,True
149,2026-11-11,9,370,3,69,2063.3,341.87,True
149,2026-11-11,9,371,3,69,2063.3,351.48,True
149,2026-11-11,9,372,3,69,2072.6,313.44,True
149,2026-11-11,9,373,3,69,2063.3,328.99,True
149,2026-11-11,9,374,3,69,2063.3,352.59,True
149,2026-11-11,9,376,3,69,2072.6,320.47,True
149,2026-11-11,9,375,3,69,2063.3,354.98,True
149,2026-11-11,9,377,3,69,2063.3,330.69,True
149,2026-11-11,9,378,3,69,2063.3,349.66,True
149,2026-11-11,9,379,3,69,2063.3,348.43,True
149,2026-11-11,9,380,3,69,2063.3,352.66,True
149,2026-11-11,9,381,3,69,2063.3,336.38,True
149,2026-11-11,9,383,3,69,2063.3,334.71,True
149,2026-11-11,9,382,3,69,2063.3,347.01,True
149,2026-11-11,9,384,3,69,2063.3,345.79,True
149,2026-11-11,9,385,3,69,2063.3,331.27,True
149,2026-11-11,9,386,3,69,2063.3,323.96,True
149,2026-11-11,9,387,3,69,2063.3,315.34,True
149,2026-11-11,9,388,3,69,2063.3,316.32,True
149,2026-11-11,9,389,3,69,2072.6,337.62,True
149,2026-11-11,9,390,3,69,2063.3,354.3,True
149,2026-11-11,9,391,3,69,2063.3,334.65,True
149,2026-11-11,9,392,3,69,2063.3,326.43,True
149,2026-11-11,9,394,3,69,2063.3,339.77,True
149,2026-11-11,9,393,3,69,2063.3,333.66,True
149,2026-11-11,9,395,3,69,2063.3,342.51,True
149,2026-11-11,9,396,3,69,2063.3,341.57,True
149,2026-11-11,9,397,3,69,2063.3,332.27,True
149,2026-11-11,9,398,3,69,2063.3,323.1,True
149,2026-11-11,9,399,3,69,2063.3,351.67,True
149,2026-11-11,9,400,3,69,2063.3,339.1,True
149,2026-11-11,10,7,1,70,2076.9,318.97,True
149,2026-11-11,10,2,1,70,2076.9,317.36,True
149,2026-11-11,10,8,1,70,2076.9,318.97,True
149,2026-11-11,10,9,1,70,2076.9,333.21,True
149,2026-11-11,10,4,1,70,2076.9,323.74,True
149,2026-11-11,10,6,1,70,2076.9,323.74,True
149,2026-11-11,10,1,1,70,2076.9,323.74,True
149,2026-11-11,10,3,1,70,2106.0,332.62,True
149,2026-11-11,10,5,1,70,2076.9,320.1,True
149,2026-11-11,10,13,1,70,2076.9,323.3,True
149,2026-11-11,10,12,1,70,2076.9,324.68,True
149,2026-11-11,10,14,1,70,2076.9,321.85,True
149,2026-11-11,10,11,1,70,2076.9,324.68,True
149,2026-11-11,10,10,1,70,2076.9,320.1,True
149,2026-11-11,10,15,1,70,2106.0,332.62,True
149,2026-11-11,10,16,1,70,2076.9,318.57,True
149,2026-11-11,10,18,1,70,2076.9,317.24,True
149,2026-11-11,10,17,1,70,2106.0,332.62,True
149,2026-11-11,10,20,1,70,2076.9,319.53,True
149,2026-11-11,10,19,1,70,2076.9,323.3,True
149,2026-11-11,10,22,1,70,2076.9,323.3,True
149,2026-11-11,10,21,1,70,2076.9,320.1,True
149,2026-11-11,10,23,1,70,2076.9,318.57,True
149,2026-11-11,10,26,1,70,2076.9,318.57,True
149,2026-11-11,10,24,1,70,2076.9,317.36,True
149,2026-11-11,10,25,1,70,2076.9,324.68,True
149,2026-11-11,10,27,1,70,2106.0,332.62,True
149,2026-11-11,10,28,1,70,2076.9,316.39,True
149,2026-11-11,10,29,1,70,2076.9,318.57,True
149,2026-11-11,10,31,1,70,2076.9,317.36,True
149,2026-11-11,10,30,1,70,2076.9,318.41,True
149,2026-11-11,10,32,1,70,2076.9,333.21,True
149,2026-11-11,10,33,1,70,2076.9,318.97,True
149,2026-11-11,10,34,1,70,2076.9,323.74,True
149,2026-11-11,10,36,1,70,2076.9,324.68,True
149,2026-11-11,10,35,1,70,2076.9,318.57,True
149,2026-11-11,10,37,1,70,2076.9,320.25,True
149,2026-11-11,10,38,1,70,2076.9,321.85,True
149,2026-11-11,10,40,1,70,2076.9,317.24,True
149,2026-11-11,10,41,1,70,2076.9,318.41,True
149,2026-11-11,10,39,1,70,2076.9,321.85,True
149,2026-11-11,10,42,1,70,2076.9,321.85,True
149,2026-11-11,10,43,1,70,2076.9,319.53,True
149,2026-11-11,10,44,1,70,2076.9,323.3,True
149,2026-11-11,10,45,1,70,2076.9,323.3,True
149,2026-11-11,10,46,1,70,2076.9,317.36,True
149,2026-11-11,10,47,1,70,2076.9,319.53,True
149,2026-11-11,10,48,1,70,2076.9,318.57,True
149,2026-11-11,10,49,1,70,2106.0,332.62,True
149,2026-11-11,10,51,1,70,2076.9,317.24,True
149,2026-11-11,10,50,1,70,2076.9,321.85,True
149,2026-11-11,10,52,1,70,2076.9,323.74,True
149,2026-11-11,10,54,1,70,2076.9,320.25,True
149,2026-11-11,10,53,1,70,2076.9,317.36,True
149,2026-11-11,10,55,1,70,2076.9,318.97,True
149,2026-11-11,10,56,1,70,2076.9,316.39,True
149,2026-11-11,10,57,1,70,2076.9,333.21,True
149,2026-11-11,10,59,1,70,2076.9,318.57,True
149,2026-11-11,10,58,1,70,2076.9,318.57,True
149,2026-11-11,10,60,1,70,2076.9,316.39,True
149,2026-11-11,10,61,1,70,2076.9,316.39,True
149,2026-11-11,10,62,1,70,2076.9,323.3,True
149,2026-11-11,10,63,1,70,2076.9,333.21,True
149,2026-11-11,10,65,1,70,2076.9,323.74,True
149,2026-11-11,10,64,1,70,2076.9,323.74,True
149,2026-11-11,10,68,1,70,2076.9,319.53,True
149,2026-11-11,10,67,1,70,2076.9,317.24,True
149,2026-11-11,10,66,1,70,2076.9,318.57,True
149,2026-11-11,10,71,1,70,2076.9,320.25,True
149,2026-11-11,10,69,1,70,2076.9,321.85,True
149,2026-11-11,10,70,1,70,2076.9,320.1,True
149,2026-11-11,10,72,1,70,2106.0,332.62,True
149,2026-11-11,10,73,1,70,2076.9,318.57,True
149,2026-11-11,10,74,1,70,2076.9,324.68,True
149,2026-11-11,10,76,1,70,2076.9,319.53,True
149,2026-11-11,10,75,1,70,2076.9,317.36,True
149,2026-11-11,10,77,1,70,2106.0,332.62,True
149,2026-11-11,10,78,1,70,2076.9,321.85,True
149,2026-11-11,10,79,1,70,2076.9,324.68,True
149,2026-11-11,10,80,1,70,2076.9,319.53,True
149,2026-11-11,10,81,1,70,2076.9,318.41,True
149,2026-11-11,10,82,1,70,2106.0,332.62,True
149,2026-11-11,10,83,1,70,2076.9,320.25,True
149,2026-11-11,10,84,1,70,2076.9,324.68,True
149,2026-11-11,10,85,1,70,2076.9,323.74,True
149,2026-11-11,10,88,1,70,2076.9,318.57,True
149,2026-11-11,10,87,1,70,2076.9,321.85,True
149,2026-11-11,10,86,1,70,2076.9,323.3,True
149,2026-11-11,10,89,1,70,2076.9,318.57,True
149,2026-11-11,10,90,1,70,2076.9,316.39,True
149,2026-11-11,10,91,1,70,2076.9,318.57,True
149,2026-11-11,10,92,1,70,2076.9,320.25,True
149,2026-11-11,10,93,1,70,2076.9,333.21,True
149,2026-11-11,10,94,1,70,2076.9,317.24,True
149,2026-11-11,10,96,1,70,2106.0,332.62,True
149,2026-11-11,10,95,1,70,2076.9,318.41,True
149,2026-11-11,10,97,1,70,2076.9,319.53,True
149,2026-11-11,10,98,1,70,2076.9,318.97,True
149,2026-11-11,10,99,1,70,2076.9,317.24,True
149,2026-11-11,10,101,1,70,2076.9,320.1,True
149,2026-11-11,10,102,1,70,2076.9,318.97,True
149,2026-11-11,10,100,1,70,2076.9,318.97,True
149,2026-11-11,10,106,1,70,2076.9,323.3,True
149,2026-11-11,10,105,1,70,2076.9,319.53,True
149,2026-11-11,10,104,1,70,2076.9,321.85,True
149,2026-11-11,10,107,1,70,2076.9,321.85,True
149,2026-11-11,10,103,1,70,2076.9,318.97,True
149,2026-11-11,10,108,1,70,2076.9,316.39,True
149,2026-11-11,10,110,1,70,2076.9,318.97,True
149,2026-11-11,10,111,1,70,2076.9,323.74,True
149,2026-11-11,10,109,1,70,2076.9,318.41,True
149,2026-11-11,10,112,1,70,2076.9,333.21,True
149,2026-11-11,10,113,1,70,2076.9,318.97,True
149,2026-11-11,10,116,1,70,2076.9,321.85,True
149,2026-11-11,10,114,1,70,2076.9,323.3,True
149,2026-11-11,10,115,1,70,2076.9,318.41,True
149,2026-11-11,10,117,1,70,2076.9,324.68,True
149,2026-11-11,10,118,1,70,2076.9,320.25,True
149,2026-11-11,10,120,1,70,2076.9,323.3,True
149,2026-11-11,10,119,1,70,2076.9,318.41,True
149,2026-11-11,10,121,1,70,2076.9,318.41,True
149,2026-11-11,10,122,1,70,2106.0,332.62,True
149,2026-11-11,10,124,1,70,2076.9,319.53,True
149,2026-11-11,10,123,1,70,2076.9,316.39,True
149,2026-11-11,10,125,1,70,2076.9,318.41,True
149,2026-11-11,10,126,1,70,2076.9,323.74,True
149,2026-11-11,10,127,1,70,2076.9,318.41,True
149,2026-11-11,10,128,1,70,2076.9,316.39,True
149,2026-11-11,10,129,1,70,2076.9,321.85,True
149,2026-11-11,10,130,1,70,2076.9,323.74,True
149,2026-11-11,10,131,1,70,2076.9,319.53,True
149,2026-11-11,10,134,1,70,2076.9,318.41,True
149,2026-11-11,10,133,1,70,2076.9,316.39,True
149,2026-11-11,10,132,1,70,2076.9,323.3,True
149,2026-11-11,10,135,1,70,2076.9,324.68,True
149,2026-11-11,10,136,1,70,2076.9,318.41,True
149,2026-11-11,10,137,1,70,2076.9,320.25,True
149,2026-11-11,10,138,1,70,2076.9,319.53,True
149,2026-11-11,10,139,1,70,2076.9,316.39,True
149,2026-11-11,10,140,1,70,2076.9,324.68,True
149,2026-11-11,10,141,1,70,2076.9,323.74,True
149,2026-11-11,10,142,1,70,2076.9,333.21,True
149,2026-11-11,10,143,1,70,2076.9,317.24,True
149,2026-11-11,10,144,1,70,2076.9,318.57,True
149,2026-11-11,10,145,1,70,2076.9,321.85,True
149,2026-11-11,10,146,1,70,2076.9,318.57,True
149,2026-11-11,10,147,1,70,2076.9,318.41,True
149,2026-11-11,10,148,1,70,2106.0,332.62,True
149,2026-11-11,10,151,1,70,2076.9,318.57,True
149,2026-11-11,10,149,1,70,2076.9,319.53,True
149,2026-11-11,10,150,1,70,2076.9,323.74,True
149,2026-11-11,10,152,1,70,2076.9,319.53,True
149,2026-11-11,10,153,1,70,2076.9,320.1,True
149,2026-11-11,10,154,1,70,2076.9,318.97,True
149,2026-11-11,10,155,1,70,2076.9,323.74,True
149,2026-11-11,10,156,1,70,2076.9,316.39,True
149,2026-11-11,10,161,1,70,2076.9,320.1,True
149,2026-11-11,10,158,1,70,2076.9,319.53,True
149,2026-11-11,10,157,1,70,2076.9,320.1,True
149,2026-11-11,10,162,1,70,2076.9,317.24,True
149,2026-11-11,10,159,1,70,2076.9,323.3,True
149,2026-11-11,10,160,1,70,2076.9,323.3,True
149,2026-11-11,10,163,1,70,2076.9,320.1,True
149,2026-11-11,10,164,1,70,2076.9,317.36,True
149,2026-11-11,10,165,1,70,2076.9,320.25,True
149,2026-11-11,10,166,1,70,2076.9,323.3,True
149,2026-11-11,10,167,1,70,2076.9,317.24,True
149,2026-11-11,10,168,1,70,2076.9,318.97,True
149,2026-11-11,10,169,1,70,2076.9,316.39,True
149,2026-11-11,10,170,1,70,2076.9,323.74,True
149,2026-11-11,10,171,1,70,2076.9,318.57,True
149,2026-11-11,10,172,1,70,2076.9,320.25,True
149,2026-11-11,10,173,1,70,2076.9,323.74,True
149,2026-11-11,10,174,1,70,2076.9,317.36,True
149,2026-11-11,10,175,1,70,2076.9,316.39,True
149,2026-11-11,10,176,1,70,2076.9,320.1,True
149,2026-11-11,10,177,1,70,2076.9,318.41,True
149,2026-11-11,10,178,1,70,2076.9,317.36,True
149,2026-11-11,10,180,1,70,2076.9,320.25,True
149,2026-11-11,10,179,1,70,2076.9,317.36,True
149,2026-11-11,10,181,1,70,2076.9,318.41,True
149,2026-11-11,10,182,1,70,2076.9,317.24,True
149,2026-11-11,10,183,1,70,2076.9,317.24,True
149,2026-11-11,10,184,1,70,2076.9,321.85,True
149,2026-11-11,10,186,1,70,2076.9,317.36,True
149,2026-11-11,10,185,1,70,2076.9,320.25,True
149,2026-11-11,10,187,1,70,2076.9,320.1,True
149,2026-11-11,10,188,1,70,2076.9,317.36,True
149,2026-11-11,10,189,1,70,2076.9,320.25,True
149,2026-11-11,10,190,1,70,2076.9,320.25,True
149,2026-11-11,10,191,1,70,2076.9,320.1,True
149,2026-11-11,10,193,1,70,2076.9,318.97,True
149,2026-11-11,10,192,1,70,2076.9,320.1,True
149,2026-11-11,10,194,1,70,2076.9,323.3,True
149,2026-11-11,10,195,1,70,2076.9,317.36,True
149,2026-11-11,10,196,1,70,2076.9,317.24,True
149,2026-11-11,10,197,1,70,2076.9,323.3,True
149,2026-11-11,10,198,1,70,2076.9,333.21,True
149,2026-11-11,10,199,1,70,2076.9,318.41,True
149,2026-11-11,10,200,1,70,2076.9,321.85,True
149,2026-11-11,10,201,1,70,2076.9,321.85,True
149,2026-11-11,10,202,1,70,2076.9,318.57,True
149,2026-11-11,10,203,1,70,2076.9,317.24,True
149,2026-11-11,10,204,1,70,2076.9,320.25,True
149,2026-11-11,10,205,1,70,2076.9,317.36,True
149,2026-11-11,10,206,1,70,2076.9,318.97,True
149,2026-11-11,10,207,1,70,2076.9,333.21,True
149,2026-11-11,10,208,1,70,2106.0,332.62,True
149,2026-11-11,10,209,1,70,2076.9,320.25,True
149,2026-11-11,10,210,1,70,2076.9,316.39,True
149,2026-11-11,10,211,1,70,2076.9,320.25,True
149,2026-11-11,10,212,1,70,2076.9,318.41,True
149,2026-11-11,10,214,1,70,2076.9,318.97,True
149,2026-11-11,10,213,1,70,2076.9,319.53,True
149,2026-11-11,10,215,1,70,2106.0,332.62,True
149,2026-11-11,10,217,1,70,2106.0,332.62,True
149,2026-11-11,10,216,1,70,2076.9,324.68,True
149,2026-11-11,10,218,1,70,2076.9,324.68,True
149,2026-11-11,10,219,1,70,2076.9,320.1,True
149,2026-11-11,10,220,1,70,2076.9,321.85,True
149,2026-11-11,10,221,1,70,2076.9,323.74,True
149,2026-11-11,10,223,1,70,2076.9,317.24,True
149,2026-11-11,10,222,1,70,2076.9,320.25,True
149,2026-11-11,10,224,1,70,2076.9,333.21,True
149,2026-11-11,10,225,1,70,2076.9,316.39,True
149,2026-11-11,10,226,1,70,2076.9,324.68,True
149,2026-11-11,10,227,1,70,2076.9,320.1,True
149,2026-11-11,10,230,1,70,2076.9,333.21,True
149,2026-11-11,10,229,1,70,2076.9,323.3,True
149,2026-11-11,10,232,1,70,2076.9,319.53,True
149,2026-11-11,10,228,1,70,2076.9,317.36,True
149,2026-11-11,10,231,1,70,2106.0,332.62,True
149,2026-11-11,10,233,1,70,2076.9,318.57,True
149,2026-11-11,10,234,1,70,2076.9,321.85,True
149,2026-11-11,10,235,1,70,2076.9,333.21,True
149,2026-11-11,10,237,1,70,2076.9,323.3,True
149,2026-11-11,10,238,1,70,2076.9,317.24,True
149,2026-11-11,10,236,1,70,2106.0,332.62,True
149,2026-11-11,10,239,1,70,2076.9,321.85,True
149,2026-11-11,10,240,1,70,2076.9,317.36,True
149,2026-11-11,10,242,1,70,2076.9,323.74,True
149,2026-11-11,10,241,1,70,2076.9,333.21,True
149,2026-11-11,10,243,1,70,2076.9,318.97,True
149,2026-11-11,10,245,1,70,2076.9,320.25,True
149,2026-11-11,10,244,1,70,2076.9,319.53,True
149,2026-11-11,10,247,1,70,2076.9,318.97,True
149,2026-11-11,10,246,1,70,2076.9,319.53,True
149,2026-11-11,10,248,1,70,2076.9,317.36,True
149,2026-11-11,10,250,1,70,2076.9,317.36,True
149,2026-11-11,10,249,1,70,2076.9,316.39,True
149,2026-11-11,10,251,1,70,2076.9,323.3,True
149,2026-11-11,10,253,1,70,2076.9,319.53,True
149,2026-11-11,10,252,1,70,2076.9,324.68,True
149,2026-11-11,10,254,1,70,2076.9,324.68,True
149,2026-11-11,10,256,1,70,2076.9,320.25,True
149,2026-11-11,10,255,1,70,2076.9,319.53,True
149,2026-11-11,10,258,1,70,2076.9,320.1,True
149,2026-11-11,10,257,1,70,2076.9,316.39,True
149,2026-11-11,10,260,1,70,2076.9,323.74,True
149,2026-11-11,10,259,1,70,2076.9,320.25,True
149,2026-11-11,10,262,1,70,2106.0,332.62,True
149,2026-11-11,10,261,1,70,2106.0,332.62,True
149,2026-11-11,10,263,1,70,2076.9,321.85,True
149,2026-11-11,10,265,1,70,2076.9,321.85,True
149,2026-11-11,10,264,1,70,2076.9,316.39,True
149,2026-11-11,10,266,1,70,2076.9,316.39,True
149,2026-11-11,10,267,1,70,2076.9,319.53,True
149,2026-11-11,10,269,1,70,2076.9,320.25,True
149,2026-11-11,10,268,1,70,2076.9,320.1,True
149,2026-11-11,10,270,1,70,2076.9,318.41,True
149,2026-11-11,10,271,1,70,2076.9,320.25,True
149,2026-11-11,10,272,1,70,2076.9,317.36,True
149,2026-11-11,10,274,1,70,2106.0,332.62,True
149,2026-11-11,10,275,1,70,2076.9,317.36,True
149,2026-11-11,10,276,1,70,2076.9,319.53,True
149,2026-11-11,10,273,1,70,2076.9,317.36,True
149,2026-11-11,10,277,1,70,2076.9,320.1,True
149,2026-11-11,10,278,1,70,2076.9,321.85,True
149,2026-11-11,10,279,1,70,2076.9,320.25,True
149,2026-11-11,10,280,1,70,2076.9,319.53,True
149,2026-11-11,10,281,1,70,2076.9,318.97,True
149,2026-11-11,10,282,1,70,2076.9,318.97,True
149,2026-11-11,10,284,1,70,2076.9,318.57,True
149,2026-11-11,10,285,1,70,2076.9,320.25,True
149,2026-11-11,10,283,1,70,2076.9,333.21,True
149,2026-11-11,10,286,1,70,2076.9,318.41,True
149,2026-11-11,10,287,1,70,2076.9,318.57,True
149,2026-11-11,10,288,1,70,2076.9,320.1,True
149,2026-11-11,10,289,1,70,2076.9,321.85,True
149,2026-11-11,10,290,1,70,2076.9,316.39,True
149,2026-11-11,10,291,1,70,2076.9,333.21,True
149,2026-11-11,10,292,1,70,2076.9,333.21,True
149,2026-11-11,10,296,1,70,2076.9,320.25,True
149,2026-11-11,10,294,1,70,2076.9,320.25,True
149,2026-11-11,10,293,1,70,2076.9,319.53,True
149,2026-11-11,10,295,1,70,2076.9,316.39,True
149,2026-11-11,10,297,1,70,2076.9,333.21,True
149,2026-11-11,10,298,1,70,2076.9,317.36,True
149,2026-11-11,10,299,1,70,2076.9,318.57,True
149,2026-11-11,10,301,1,70,2076.9,320.25,True
149,2026-11-11,10,300,1,70,2076.9,323.74,True
149,2026-11-11,10,302,1,70,2076.9,320.1,True
149,2026-11-11,10,304,1,70,2106.0,332.62,True
149,2026-11-11,10,303,1,70,2076.9,316.39,True
149,2026-11-11,10,305,1,70,2076.9,318.97,True
149,2026-11-11,10,306,1,70,2076.9,318.57,True
149,2026-11-11,10,307,1,70,2076.9,321.85,True
149,2026-11-11,10,309,1,70,2076.9,316.39,True
149,2026-11-11,10,308,1,70,2076.9,318.57,True
149,2026-11-11,10,310,1,70,2076.9,318.41,True
149,2026-11-11,10,312,1,70,2076.9,324.68,True
149,2026-11-11,10,313,1,70,2076.9,317.24,True
149,2026-11-11,10,314,1,70,2076.9,321.85,True
149,2026-11-11,10,311,1,70,2076.9,318.41,True
149,2026-11-11,10,315,1,70,2076.9,324.68,True
149,2026-11-11,10,316,1,70,2076.9,316.39,True
149,2026-11-11,10,317,1,70,2076.9,318.57,True
149,2026-11-11,10,318,1,70,2076.9,317.36,True
149,2026-11-11,10,319,1,70,2076.9,318.57,True
149,2026-11-11,10,320,1,70,2076.9,316.39,True
149,2026-11-11,10,321,1,70,2076.9,318.41,True
149,2026-11-11,10,322,1,70,2076.9,320.1,True
149,2026-11-11,10,323,1,70,2106.0,332.62,True
149,2026-11-11,10,324,1,70,2076.9,323.3,True
149,2026-11-11,10,325,1,70,2076.9,333.21,True
149,2026-11-11,10,326,1,70,2076.9,318.97,True
149,2026-11-11,10,327,1,70,2076.9,318.57,True
149,2026-11-11,10,328,1,70,2076.9,323.3,True
149,2026-11-11,10,329,1,70,2076.9,318.41,True
149,2026-11-11,10,330,1,70,2076.9,323.3,True
149,2026-11-11,10,331,1,70,2076.9,317.24,True
149,2026-11-11,10,332,1,70,2076.9,333.21,True
149,2026-11-11,10,333,1,70,2076.9,333.21,True
149,2026-11-11,10,334,1,70,2076.9,318.97,True
149,2026-11-11,10,335,1,70,2076.9,324.68,True
149,2026-11-11,10,336,1,70,2076.9,333.21,True
149,2026-11-11,10,337,1,70,2076.9,333.21,True
149,2026-11-11,10,338,1,70,2076.9,324.68,True
149,2026-11-11,10,339,1,70,2076.9,320.25,True
149,2026-11-11,10,340,1,70,2076.9,321.85,True
149,2026-11-11,10,341,1,70,2106.0,332.62,True
149,2026-11-11,10,342,1,70,2076.9,319.53,True
149,2026-11-11,10,343,1,70,2076.9,320.1,True
149,2026-11-11,10,344,1,70,2076.9,318.57,True
149,2026-11-11,10,345,1,70,2076.9,324.68,True
149,2026-11-11,10,346,1,70,2076.9,317.36,True
149,2026-11-11,10,348,1,70,2076.9,320.1,True
149,2026-11-11,10,347,1,70,2076.9,333.21,True
149,2026-11-11,10,349,1,70,2076.9,320.25,True
149,2026-11-11,10,350,1,70,2076.9,323.74,True
149,2026-11-11,10,351,1,70,2076.9,317.36,True
149,2026-11-11,10,353,1,70,2076.9,321.85,True
149,2026-11-11,10,352,1,70,2076.9,319.53,True
149,2026-11-11,10,356,1,70,2076.9,317.36,True
149,2026-11-11,10,355,1,70,2106.0,332.62,True
149,2026-11-11,10,357,1,70,2076.9,317.36,True
149,2026-11-11,10,354,1,70,2076.9,323.74,True
149,2026-11-11,10,358,1,70,2076.9,324.68,True
149,2026-11-11,10,359,1,70,2076.9,318.41,True
149,2026-11-11,10,360,1,70,2076.9,324.68,True
149,2026-11-11,10,361,1,70,2076.9,323.74,True
149,2026-11-11,10,363,1,70,2076.9,316.39,True
149,2026-11-11,10,362,1,70,2076.9,318.57,True
149,2026-11-11,10,366,1,70,2076.9,318.97,True
149,2026-11-11,10,364,1,70,2076.9,320.25,True
149,2026-11-11,10,365,1,70,2106.0,332.62,True
149,2026-11-11,10,367,1,70,2076.9,333.21,True
149,2026-11-11,10,368,1,70,2076.9,324.68,True
149,2026-11-11,10,369,1,70,2076.9,324.68,True
149,2026-11-11,10,371,1,70,2076.9,319.53,True
149,2026-11-11,10,370,1,70,2076.9,320.1,True
149,2026-11-11,10,372,1,70,2076.9,321.85,True
149,2026-11-11,10,374,1,70,2076.9,323.3,True
149,2026-11-11,10,373,1,70,2076.9,320.25,True
149,2026-11-11,10,376,1,70,2076.9,320.25,True
149,2026-11-11,10,375,1,70,2076.9,323.74,True
149,2026-11-11,10,377,1,70,2076.9,323.74,True
149,2026-11-11,10,378,1,70,2106.0,332.62,True
149,2026-11-11,10,379,1,70,2076.9,333.21,True
149,2026-11-11,10,380,1,70,2076.9,318.41,True
149,2026-11-11,10,382,1,70,2076.9,317.24,True
149,2026-11-11,10,381,1,70,2076.9,319.53,True
149,2026-11-11,10,384,1,70,2076.9,318.97,True
149,2026-11-11,10,383,1,70,2076.9,317.36,True
149,2026-11-11,10,385,1,70,2076.9,324.68,True
149,2026-11-11,10,387,1,70,2076.9,320.1,True
149,2026-11-11,10,386,1,70,2076.9,319.53,True
149,2026-11-11,10,388,1,70,2076.9,317.24,True
149,2026-11-11,10,389,1,70,2076.9,318.41,True
149,2026-11-11,10,391,1,70,2076.9,318.57,True
149,2026-11-11,10,390,1,70,2076.9,324.68,True
149,2026-11-11,10,392,1,70,2076.9,320.1,True
149,2026-11-11,10,393,1,70,2076.9,320.25,True
149,2026-11-11,10,394,1,70,2076.9,318.97,True
149,2026-11-11,10,395,1,70,2076.9,320.25,True
149,2026-11-11,10,396,1,70,2076.9,323.3,True
149,2026-11-11,10,397,1,70,2076.9,321.85,True
149,2026-11-11,10,398,1,70,2076.9,320.1,True
149,2026-11-11,10,399,1,70,2076.9,318.41,True
149,2026-11-11,10,400,1,70,2076.9,318.41,True
149,2026-11-11,14,1,1,71,2076.9,320.29,True
149,2026-11-11,14,7,1,71,2083.1,332.1,True
149,2026-11-11,14,3,1,71,2076.9,320.8,True
149,2026-11-11,14,8,1,71,2076.9,333.63,True
149,2026-11-11,14,4,1,71,2114.0,331.29,True
149,2026-11-11,14,5,1,71,2076.9,324.18,True
149,2026-11-11,14,2,1,71,2098.7,328.22,True
149,2026-11-11,14,6,1,71,2076.9,320.29,True
149,2026-11-11,14,9,1,71,2083.1,332.1,True
149,2026-11-11,14,11,1,71,2076.9,333.33,True
149,2026-11-11,14,12,1,71,2076.9,324.18,True
149,2026-11-11,14,10,1,71,2114.0,331.29,True
149,2026-11-11,14,14,1,71,2076.9,333.33,True
149,2026-11-11,14,18,1,71,2076.9,329.05,True
149,2026-11-11,14,13,1,71,2076.9,320.8,True
149,2026-11-11,14,15,1,71,2076.9,324.18,True
149,2026-11-11,14,17,1,71,2076.9,320.8,True
149,2026-11-11,14,16,1,71,2076.9,328.52,True
149,2026-11-11,14,19,1,71,2076.9,329.05,True
149,2026-11-11,14,20,1,71,2083.1,332.1,True
149,2026-11-11,14,22,1,71,2076.9,329.72,True
149,2026-11-11,14,21,1,71,2076.9,327.56,True
149,2026-11-11,14,23,1,71,2076.9,324.18,True
149,2026-11-11,14,25,1,71,2076.9,320.8,True
149,2026-11-11,14,26,1,71,2076.9,330.66,True
149,2026-11-11,14,24,1,71,2076.9,320.29,True
149,2026-11-11,14,27,1,71,2076.9,329.72,True
149,2026-11-11,14,28,1,71,2076.9,333.63,True
149,2026-11-11,14,29,1,71,2076.9,333.63,True
149,2026-11-11,14,30,1,71,2114.0,331.29,True
149,2026-11-11,14,32,1,71,2076.9,329.05,True
149,2026-11-11,14,31,1,71,2076.9,329.72,True
149,2026-11-11,14,34,1,71,2076.9,333.63,True
149,2026-11-11,14,36,1,71,2076.9,333.63,True
149,2026-11-11,14,33,1,71,2076.9,333.63,True
149,2026-11-11,14,35,1,71,2076.9,329.05,True
149,2026-11-11,14,38,1,71,2076.9,330.66,True
149,2026-11-11,14,40,1,71,2076.9,322.18,True
149,2026-11-11,14,41,1,71,2076.9,328.52,True
149,2026-11-11,14,37,1,71,2076.9,330.41,True
149,2026-11-11,14,39,1,71,2076.9,333.33,True
149,2026-11-11,14,42,1,71,2076.9,327.56,True
149,2026-11-11,14,43,1,71,2076.9,320.29,True
149,2026-11-11,14,44,1,71,2114.0,331.29,True
149,2026-11-11,14,45,1,71,2076.9,324.18,True
149,2026-11-11,14,46,1,71,2076.9,324.18,True
149,2026-11-11,14,47,1,71,2076.9,333.63,True
149,2026-11-11,14,49,1,71,2076.9,333.33,True
149,2026-11-11,14,50,1,71,2076.9,329.72,True
149,2026-11-11,14,51,1,71,2076.9,333.63,True
149,2026-11-11,14,48,1,71,2076.9,333.63,True
149,2026-11-11,14,53,1,71,2083.1,332.1,True
149,2026-11-11,14,52,1,71,2076.9,327.56,True
149,2026-11-11,14,54,1,71,2076.9,320.8,True
149,2026-11-11,14,55,1,71,2076.9,329.05,True
149,2026-11-11,14,57,1,71,2076.9,320.8,True
149,2026-11-11,14,56,1,71,2076.9,324.18,True
149,2026-11-11,14,58,1,71,2076.9,329.72,True
149,2026-11-11,14,60,1,71,2076.9,333.63,True
149,2026-11-11,14,59,1,71,2076.9,333.63,True
149,2026-11-11,14,61,1,71,2076.9,333.33,True
149,2026-11-11,14,63,1,71,2076.9,320.8,True
149,2026-11-11,14,62,1,71,2076.9,324.18,True
149,2026-11-11,14,64,1,71,2076.9,329.72,True
149,2026-11-11,14,66,1,71,2098.7,328.22,True
149,2026-11-11,14,65,1,71,2076.9,328.52,True
149,2026-11-11,14,67,1,71,2076.9,333.63,True
149,2026-11-11,14,69,1,71,2076.9,333.33,True
149,2026-11-11,14,68,1,71,2083.1,332.1,True
149,2026-11-11,14,70,1,71,2076.9,324.18,True
149,2026-11-11,14,71,1,71,2076.9,324.18,True
149,2026-11-11,14,72,1,71,2076.9,333.33,True
149,2026-11-11,14,73,1,71,2076.9,330.66,True
149,2026-11-11,14,75,1,71,2076.9,328.52,True
149,2026-11-11,14,74,1,71,2076.9,328.52,True
149,2026-11-11,14,76,1,71,2076.9,330.66,True
149,2026-11-11,14,78,1,71,2076.9,320.29,True
149,2026-11-11,14,77,1,71,2076.9,329.05,True
149,2026-11-11,14,79,1,71,2114.0,331.29,True
149,2026-11-11,14,80,1,71,2114.0,331.29,True
149,2026-11-11,14,81,1,71,2076.9,329.72,True
149,2026-11-11,14,82,1,71,2076.9,329.72,True
149,2026-11-11,14,83,1,71,2083.1,332.1,True
149,2026-11-11,14,84,1,71,2076.9,327.56,True
149,2026-11-11,14,85,1,71,2076.9,329.72,True
149,2026-11-11,14,86,1,71,2076.9,333.63,True
149,2026-11-11,14,87,1,71,2076.9,329.05,True
149,2026-11-11,14,88,1,71,2083.1,332.1,True
149,2026-11-11,14,89,1,71,2076.9,322.18,True
149,2026-11-11,14,91,1,71,2076.9,322.18,True
149,2026-11-11,14,90,1,71,2076.9,328.52,True
149,2026-11-11,14,92,1,71,2076.9,333.63,True
149,2026-11-11,14,93,1,71,2076.9,333.33,True
149,2026-11-11,14,94,1,71,2076.9,324.18,True
149,2026-11-11,14,95,1,71,2076.9,327.56,True
149,2026-11-11,14,96,1,71,2076.9,330.66,True
149,2026-11-11,14,98,1,71,2098.7,328.22,True
149,2026-11-11,14,97,1,71,2114.0,331.29,True
149,2026-11-11,14,99,1,71,2076.9,333.33,True
149,2026-11-11,14,100,1,71,2076.9,333.63,True
149,2026-11-11,14,101,1,71,2076.9,328.52,True
149,2026-11-11,14,103,1,71,2076.9,320.29,True
149,2026-11-11,14,102,1,71,2076.9,320.29,True
149,2026-11-11,14,104,1,71,2076.9,333.63,True
149,2026-11-11,14,105,1,71,2076.9,320.29,True
149,2026-11-11,14,106,1,71,2076.9,328.52,True
149,2026-11-11,14,107,1,71,2076.9,333.63,True
149,2026-11-11,14,109,1,71,2083.1,332.1,True
149,2026-11-11,14,110,1,71,2076.9,329.05,True
149,2026-11-11,14,108,1,71,2076.9,324.18,True
149,2026-11-11,14,111,1,71,2076.9,333.63,True
149,2026-11-11,14,112,1,71,2076.9,320.8,True
149,2026-11-11,14,113,1,71,2076.9,329.72,True
149,2026-11-11,14,114,1,71,2076.9,330.66,True
149,2026-11-11,14,115,1,71,2076.9,322.18,True
149,2026-11-11,14,116,1,71,2076.9,327.56,True
149,2026-11-11,14,121,1,71,2076.9,330.66,True
149,2026-11-11,14,117,1,71,2076.9,329.05,True
149,2026-11-11,14,120,1,71,2076.9,324.18,True
149,2026-11-11,14,118,1,71,2076.9,322.18,True
149,2026-11-11,14,119,1,71,2076.9,320.8,True
149,2026-11-11,14,122,1,71,2076.9,320.29,True
149,2026-11-11,14,124,1,71,2076.9,322.18,True
149,2026-11-11,14,123,1,71,2098.7,328.22,True
149,2026-11-11,14,125,1,71,2076.9,330.66,True
149,2026-11-11,14,127,1,71,2076.9,329.05,True
149,2026-11-11,14,131,1,71,2076.9,322.18,True
149,2026-11-11,14,128,1,71,2076.9,333.63,True
149,2026-11-11,14,129,1,71,2076.9,320.29,True
149,2026-11-11,14,130,1,71,2083.1,332.1,True
149,2026-11-11,14,126,1,71,2083.1,332.1,True
149,2026-11-11,14,132,1,71,2076.9,328.52,True
149,2026-11-11,14,133,1,71,2076.9,329.72,True
149,2026-11-11,14,134,1,71,2098.7,328.22,True
149,2026-11-11,14,135,1,71,2114.0,331.29,True
149,2026-11-11,14,137,1,71,2076.9,322.18,True
149,2026-11-11,14,140,1,71,2076.9,330.41,True
149,2026-11-11,14,136,1,71,2076.9,328.52,True
149,2026-11-11,14,138,1,71,2076.9,327.56,True
149,2026-11-11,14,139,1,71,2114.0,331.29,True
149,2026-11-11,14,141,1,71,2076.9,328.52,True
149,2026-11-11,14,143,1,71,2098.7,328.22,True
149,2026-11-11,14,142,1,71,2098.7,328.22,True
149,2026-11-11,14,145,1,71,2076.9,324.18,True
149,2026-11-11,14,147,1,71,2076.9,320.29,True
149,2026-11-11,14,148,1,71,2076.9,320.29,True
149,2026-11-11,14,144,1,71,2083.1,332.1,True
149,2026-11-11,14,149,1,71,2076.9,327.56,True
149,2026-11-11,14,146,1,71,2083.1,332.1,True
149,2026-11-11,14,150,1,71,2076.9,320.29,True
149,2026-11-11,14,151,1,71,2076.9,333.63,True
149,2026-11-11,14,152,1,71,2076.9,328.52,True
149,2026-11-11,14,154,1,71,2076.9,327.56,True
149,2026-11-11,14,153,1,71,2076.9,329.72,True
149,2026-11-11,14,155,1,71,2076.9,327.56,True
149,2026-11-11,14,156,1,71,2076.9,329.05,True
149,2026-11-11,14,158,1,71,2076.9,328.52,True
149,2026-11-11,14,157,1,71,2076.9,328.52,True
149,2026-11-11,14,159,1,71,2098.7,328.22,True
149,2026-11-11,14,160,1,71,2076.9,333.63,True
149,2026-11-11,14,161,1,71,2098.7,328.22,True
149,2026-11-11,14,162,1,71,2076.9,330.66,True
149,2026-11-11,14,163,1,71,2076.9,328.52,True
149,2026-11-11,14,164,1,71,2076.9,327.56,True
149,2026-11-11,14,166,1,71,2114.0,331.29,True
149,2026-11-11,14,168,1,71,2083.1,332.1,True
149,2026-11-11,14,165,1,71,2114.0,331.29,True
149,2026-11-11,14,167,1,71,2076.9,328.52,True
149,2026-11-11,14,169,1,71,2076.9,324.18,True
149,2026-11-11,14,170,1,71,2076.9,329.05,True
149,2026-11-11,14,172,1,71,2076.9,324.18,True
149,2026-11-11,14,171,1,71,2076.9,320.8,True
149,2026-11-11,14,173,1,71,2076.9,330.66,True
149,2026-11-11,14,176,1,71,2114.0,331.29,True
149,2026-11-11,14,175,1,71,2076.9,329.05,True
149,2026-11-11,14,174,1,71,2076.9,330.66,True
149,2026-11-11,14,177,1,71,2076.9,333.63,True
149,2026-11-11,14,178,1,71,2083.1,332.1,True
149,2026-11-11,14,180,1,71,2076.9,320.29,True
149,2026-11-11,14,179,1,71,2076.9,322.18,True
149,2026-11-11,14,182,1,71,2076.9,327.56,True
149,2026-11-11,14,183,1,71,2083.1,332.1,True
149,2026-11-11,14,184,1,71,2076.9,327.56,True
149,2026-11-11,14,181,1,71,2076.9,329.05,True
149,2026-11-11,14,185,1,71,2076.9,333.63,True
149,2026-11-11,14,186,1,71,2076.9,320.29,True
149,2026-11-11,14,187,1,71,2076.9,333.63,True
149,2026-11-11,14,190,1,71,2076.9,333.63,True
149,2026-11-11,14,188,1,71,2076.9,333.33,True
149,2026-11-11,14,191,1,71,2076.9,320.8,True
149,2026-11-11,14,192,1,71,2076.9,322.18,True
149,2026-11-11,14,189,1,71,2076.9,322.18,True
149,2026-11-11,14,193,1,71,2083.1,332.1,True
149,2026-11-11,14,194,1,71,2076.9,320.8,True
149,2026-11-11,14,195,1,71,2076.9,333.63,True
149,2026-11-11,14,198,1,71,2076.9,324.18,True
149,2026-11-11,14,196,1,71,2083.1,332.1,True
149,2026-11-11,14,197,1,71,2076.9,320.8,True
149,2026-11-11,14,200,1,71,2076.9,329.05,True
149,2026-11-11,14,201,1,71,2076.9,333.63,True
149,2026-11-11,14,199,1,71,2076.9,328.52,True
149,2026-11-11,14,202,1,71,2076.9,330.66,True
149,2026-11-11,14,204,1,71,2076.9,330.66,True
149,2026-11-11,14,203,1,71,2083.1,332.1,True
149,2026-11-11,14,206,1,71,2076.9,324.18,True
149,2026-11-11,14,205,1,71,2076.9,320.8,True
149,2026-11-11,14,207,1,71,2076.9,333.33,True
149,2026-11-11,14,208,1,71,2076.9,330.66,True
149,2026-11-11,14,209,1,71,2076.9,324.18,True
149,2026-11-11,14,210,1,71,2076.9,329.72,True
149,2026-11-11,14,211,1,71,2076.9,320.29,True
149,2026-11-11,14,212,1,71,2114.0,331.29,True
149,2026-11-11,14,213,1,71,2083.1,332.1,True
149,2026-11-11,14,214,1,71,2076.9,333.63,True
149,2026-11-11,14,215,1,71,2076.9,320.29,True
149,2026-11-11,14,218,1,71,2076.9,324.18,True
149,2026-11-11,14,219,1,71,2076.9,328.52,True
149,2026-11-11,14,216,1,71,2076.9,329.05,True
149,2026-11-11,14,217,1,71,2076.9,330.66,True
149,2026-11-11,14,220,1,71,2076.9,327.56,True
149,2026-11-11,14,221,1,71,2076.9,324.18,True
149,2026-11-11,14,223,1,71,2076.9,320.29,True
149,2026-11-11,14,224,1,71,2076.9,330.66,True
149,2026-11-11,14,225,1,71,2098.7,328.22,True
149,2026-11-11,14,222,1,71,2076.9,329.05,True
149,2026-11-11,14,227,1,71,2076.9,333.33,True
149,2026-11-11,14,228,1,71,2076.9,327.56,True
149,2026-11-11,14,226,1,71,2076.9,330.66,True
149,2026-11-11,14,229,1,71,2076.9,329.05,True
149,2026-11-11,14,231,1,71,2076.9,322.18,True
149,2026-11-11,14,230,1,71,2076.9,330.41,True
149,2026-11-11,14,232,1,71,2076.9,320.8,True
149,2026-11-11,14,235,1,71,2076.9,329.05,True
149,2026-11-11,14,237,1,71,2076.9,329.05,True
149,2026-11-11,14,233,1,71,2076.9,327.56,True
149,2026-11-11,14,236,1,71,2076.9,328.52,True
149,2026-11-11,14,234,1,71,2076.9,333.33,True
149,2026-11-11,14,238,1,71,2076.9,320.29,True
149,2026-11-11,14,241,1,71,2083.1,332.1,True
149,2026-11-11,14,239,1,71,2098.7,328.22,True
149,2026-11-11,14,242,1,71,2076.9,333.63,True
149,2026-11-11,14,240,1,71,2098.7,328.22,True
149,2026-11-11,14,243,1,71,2098.7,328.22,True
149,2026-11-11,14,247,1,71,2076.9,328.52,True
149,2026-11-11,14,245,1,71,2076.9,320.29,True
149,2026-11-11,14,244,1,71,2076.9,322.18,True
149,2026-11-11,14,246,1,71,2076.9,329.05,True
149,2026-11-11,14,248,1,71,2076.9,320.29,True
149,2026-11-11,14,249,1,71,2076.9,324.18,True
149,2026-11-11,14,250,1,71,2076.9,322.18,True
149,2026-11-11,14,252,1,71,2083.1,332.1,True
149,2026-11-11,14,251,1,71,2076.9,333.33,True
149,2026-11-11,14,255,1,71,2076.9,330.66,True
149,2026-11-11,14,256,1,71,2076.9,330.66,True
149,2026-11-11,14,253,1,71,2076.9,333.63,True
149,2026-11-11,14,254,1,71,2076.9,320.8,True
149,2026-11-11,14,258,1,71,2076.9,327.56,True
149,2026-11-11,14,259,1,71,2076.9,322.18,True
149,2026-11-11,14,257,1,71,2076.9,330.41,True
149,2026-11-11,14,261,1,71,2076.9,328.52,True
149,2026-11-11,14,262,1,71,2076.9,324.18,True
149,2026-11-11,14,264,1,71,2076.9,328.52,True
149,2026-11-11,14,263,1,71,2076.9,322.18,True
149,2026-11-11,14,260,1,71,2076.9,320.8,True
149,2026-11-11,14,265,1,71,2114.0,331.29,True
149,2026-11-11,14,266,1,71,2083.1,332.1,True
149,2026-11-11,14,268,1,71,2076.9,320.29,True
149,2026-11-11,14,270,1,71,2076.9,322.18,True
149,2026-11-11,14,267,1,71,2114.0,331.29,True
149,2026-11-11,14,273,1,71,2076.9,329.72,True
149,2026-11-11,14,269,1,71,2076.9,330.41,True
149,2026-11-11,14,271,1,71,2076.9,322.18,True
149,2026-11-11,14,272,1,71,2076.9,320.29,True
149,2026-11-11,14,274,1,71,2076.9,329.72,True
149,2026-11-11,14,275,1,71,2076.9,320.29,True
149,2026-11-11,14,279,1,71,2076.9,329.72,True
149,2026-11-11,14,280,1,71,2076.9,333.33,True
149,2026-11-11,14,276,1,71,2114.0,331.29,True
149,2026-11-11,14,277,1,71,2076.9,320.8,True
149,2026-11-11,14,281,1,71,2076.9,329.72,True
149,2026-11-11,14,278,1,71,2076.9,328.52,True
149,2026-11-11,14,282,1,71,2076.9,330.66,True
149,2026-11-11,14,283,1,71,2076.9,327.56,True
149,2026-11-11,14,284,1,71,2076.9,329.05,True
149,2026-11-11,14,286,1,71,2076.9,320.29,True
149,2026-11-11,14,285,1,71,2076.9,330.66,True
149,2026-11-11,14,287,1,71,2114.0,331.29,True
149,2026-11-11,14,288,1,71,2076.9,324.18,True
149,2026-11-11,14,290,1,71,2098.7,328.22,True
149,2026-11-11,14,291,1,71,2076.9,330.41,True
149,2026-11-11,14,289,1,71,2076.9,324.18,True
149,2026-11-11,14,292,1,71,2076.9,327.56,True
149,2026-11-11,14,293,1,71,2076.9,328.52,True
149,2026-11-11,14,295,1,71,2076.9,329.72,True
149,2026-11-11,14,296,1,71,2076.9,324.18,True
149,2026-11-11,14,294,1,71,2076.9,333.63,True
149,2026-11-11,14,297,1,71,2076.9,320.8,True
149,2026-11-11,14,299,1,71,2114.0,331.29,True
149,2026-11-11,14,300,1,71,2076.9,330.66,True
149,2026-11-11,14,298,1,71,2076.9,329.05,True
149,2026-11-11,14,301,1,71,2076.9,329.05,True
149,2026-11-11,14,303,1,71,2076.9,333.63,True
149,2026-11-11,14,302,1,71,2076.9,328.52,True
149,2026-11-11,14,304,1,71,2098.7,328.22,True
149,2026-11-11,14,305,1,71,2076.9,330.41,True
149,2026-11-11,14,306,1,71,2076.9,329.05,True
149,2026-11-11,14,307,1,71,2076.9,330.41,True
149,2026-11-11,14,308,1,71,2076.9,324.18,True
149,2026-11-11,14,309,1,71,2076.9,320.8,True
149,2026-11-11,14,310,1,71,2076.9,333.63,True
149,2026-11-11,14,311,1,71,2076.9,330.41,True
149,2026-11-11,14,312,1,71,2076.9,333.63,True
149,2026-11-11,14,316,1,71,2076.9,322.18,True
149,2026-11-11,14,313,1,71,2076.9,329.72,True
149,2026-11-11,14,315,1,71,2076.9,327.56,True
149,2026-11-11,14,314,1,71,2076.9,327.56,True
149,2026-11-11,14,318,1,71,2076.9,328.52,True
149,2026-11-11,14,317,1,71,2076.9,333.33,True
149,2026-11-11,14,319,1,71,2076.9,320.8,True
149,2026-11-11,14,320,1,71,2076.9,322.18,True
149,2026-11-11,14,324,1,71,2076.9,320.8,True
149,2026-11-11,14,322,1,71,2076.9,324.18,True
149,2026-11-11,14,325,1,71,2076.9,333.63,True
149,2026-11-11,14,321,1,71,2114.0,331.29,True
149,2026-11-11,14,323,1,71,2114.0,331.29,True
149,2026-11-11,14,326,1,71,2076.9,322.18,True
149,2026-11-11,14,327,1,71,2076.9,330.41,True
149,2026-11-11,14,328,1,71,2076.9,329.72,True
149,2026-11-11,14,329,1,71,2076.9,324.18,True
149,2026-11-11,14,331,1,71,2076.9,322.18,True
149,2026-11-11,14,330,1,71,2076.9,329.72,True
149,2026-11-11,14,333,1,71,2076.9,330.41,True
149,2026-11-11,14,334,1,71,2076.9,333.33,True
149,2026-11-11,14,332,1,71,2076.9,333.63,True
149,2026-11-11,14,335,1,71,2076.9,329.05,True
149,2026-11-11,14,336,1,71,2076.9,330.66,True
149,2026-11-11,14,337,1,71,2083.1,332.1,True
149,2026-11-11,14,338,1,71,2076.9,329.72,True
149,2026-11-11,14,340,1,71,2076.9,329.72,True
149,2026-11-11,14,339,1,71,2076.9,328.52,True
149,2026-11-11,14,342,1,71,2076.9,333.63,True
149,2026-11-11,14,341,1,71,2076.9,333.63,True
149,2026-11-11,14,343,1,71,2076.9,320.8,True
149,2026-11-11,14,344,1,71,2076.9,327.56,True
149,2026-11-11,14,345,1,71,2076.9,324.18,True
149,2026-11-11,14,346,1,71,2076.9,328.52,True
149,2026-11-11,14,347,1,71,2076.9,330.41,True
149,2026-11-11,14,348,1,71,2076.9,333.63,True
149,2026-11-11,14,350,1,71,2076.9,329.72,True
149,2026-11-11,14,349,1,71,2076.9,330.41,True
149,2026-11-11,14,351,1,71,2076.9,333.33,True
149,2026-11-11,14,352,1,71,2076.9,329.72,True
149,2026-11-11,14,355,1,71,2076.9,329.05,True
149,2026-11-11,14,354,1,71,2076.9,322.18,True
149,2026-11-11,14,353,1,71,2076.9,322.18,True
149,2026-11-11,14,356,1,71,2076.9,320.29,True
149,2026-11-11,14,357,1,71,2114.0,331.29,True
149,2026-11-11,14,358,1,71,2076.9,330.66,True
149,2026-11-11,14,359,1,71,2076.9,329.05,True
149,2026-11-11,14,361,1,71,2076.9,333.33,True
149,2026-11-11,14,360,1,71,2076.9,329.05,True
149,2026-11-11,14,362,1,71,2076.9,330.41,True
149,2026-11-11,14,363,1,71,2076.9,324.18,True
149,2026-11-11,14,364,1,71,2076.9,330.41,True
149,2026-11-11,14,365,1,71,2076.9,327.56,True
149,2026-11-11,14,366,1,71,2076.9,330.41,True
149,2026-11-11,14,367,1,71,2076.9,322.18,True
149,2026-11-11,14,368,1,71,2076.9,328.52,True
149,2026-11-11,14,369,1,71,2076.9,330.41,True
149,2026-11-11,14,370,1,71,2076.9,322.18,True
149,2026-11-11,14,371,1,71,2076.9,322.18,True
149,2026-11-11,14,373,1,71,2076.9,327.56,True
149,2026-11-11,14,372,1,71,2076.9,327.56,True
149,2026-11-11,14,374,1,71,2076.9,324.18,True
149,2026-11-11,14,377,1,71,2098.7,328.22,True
149,2026-11-11,14,376,1,71,2076.9,329.05,True
149,2026-11-11,14,375,1,71,2083.1,332.1,True
149,2026-11-11,14,378,1,71,2076.9,330.41,True
149,2026-11-11,14,380,1,71,2076.9,330.41,True
149,2026-11-11,14,379,1,71,2076.9,329.72,True
149,2026-11-11,14,381,1,71,2076.9,320.8,True
149,2026-11-11,14,382,1,71,2076.9,324.18,True
149,2026-11-11,14,383,1,71,2076.9,330.66,True
149,2026-11-11,14,384,1,71,2076.9,329.05,True
149,2026-11-11,14,385,1,71,2076.9,333.33,True
149,2026-11-11,14,386,1,71,2076.9,329.72,True
149,2026-11-11,14,388,1,71,2076.9,333.33,True
149,2026-11-11,14,387,1,71,2076.9,333.63,True
149,2026-11-11,14,389,1,71,2076.9,320.29,True
149,2026-11-11,14,390,1,71,2076.9,333.63,True
149,2026-11-11,14,391,1,71,2076.9,330.66,True
149,2026-11-11,14,392,1,71,2076.9,322.18,True
149,2026-11-11,14,394,1,71,2083.1,332.1,True
149,2026-11-11,14,395,1,71,2076.9,320.29,True
149,2026-11-11,14,393,1,71,2076.9,327.56,True
149,2026-11-11,14,396,1,71,2076.9,330.41,True
149,2026-11-11,14,397,1,71,2076.9,327.56,True
149,2026-11-11,14,400,1,71,2076.9,329.05,True
149,2026-11-11,14,399,1,71,2076.9,322.18,True
149,2026-11-11,14,398,1,71,2114.0,331.29,True
1,2026-11-11,17,1,1,22,574.5,68.68,True
1,2026-11-11,17,2,1,22,553.0,75.21,True
1,2026-11-11,17,5,1,22,553.0,81.38,True
1,2026-11-11,17,8,1,22,553.0,74.2,True
1,2026-11-11,17,3,1,22,553.0,81.38,True
1,2026-11-11,17,6,1,22,557.2,60.02,True
1,2026-11-11,17,9,1,22,553.0,74.2,True
1,2026-11-11,17,4,1,22,574.5,68.68,True
1,2026-11-11,17,7,1,22,574.5,68.68,True
1,2026-11-11,17,11,1,22,557.2,60.02,True
1,2026-11-11,17,10,1,22,553.0,81.38,True
1,2026-11-11,17,12,1,22,553.0,81.38,True
1,2026-11-11,17,15,1,22,553.0,74.2,True
1,2026-11-11,17,14,1,22,557.2,60.02,True
1,2026-11-11,17,13,1,22,553.0,75.21,True
1,2026-11-11,17,18,1,22,557.2,60.02,True
1,2026-11-11,17,17,1,22,553.0,74.2,True
1,2026-11-11,17,16,1,22,557.2,60.02,True
1,2026-11-11,17,22,1,22,574.5,68.68,True
1,2026-11-11,17,19,1,22,553.0,63.41,True
1,2026-11-11,17,20,1,22,553.0,74.2,True
1,2026-11-11,17,25,1,22,553.0,75.21,True
1,2026-11-11,17,26,1,22,574.5,68.68,True
1,2026-11-11,17,27,1,22,553.0,75.21,True
1,2026-11-11,17,21,1,22,557.2,60.02,True
1,2026-11-11,17,23,1,22,557.2,60.02,True
1,2026-11-11,17,24,1,22,557.2,60.02,True
1,2026-11-11,17,30,1,22,553.0,63.41,True
1,2026-11-11,17,28,1,22,553.0,63.41,True
1,2026-11-11,17,31,1,22,553.0,74.2,True
1,2026-11-11,17,32,1,22,553.0,75.21,True
1,2026-11-11,17,33,1,22,553.0,81.38,True
1,2026-11-11,17,29,1,22,574.5,68.68,True
1,2026-11-11,17,35,1,22,553.0,74.2,True
1,2026-11-11,17,34,1,22,553.0,63.41,True
1,2026-11-11,17,37,1,22,553.0,63.41,True
1,2026-11-11,17,36,1,22,553.0,63.41,True
1,2026-11-11,17,41,1,22,557.2,60.02,True
1,2026-11-11,17,40,1,22,553.0,81.38,True
1,2026-11-11,17,38,1,22,574.5,68.68,True
1,2026-11-11,17,42,1,22,553.0,81.38,True
1,2026-11-11,17,43,1,22,557.2,60.02,True
1,2026-11-11,17,44,1,22,553.0,63.41,True
1,2026-11-11,17,39,1,22,553.0,74.2,True
1,2026-11-11,17,45,1,22,553.0,75.21,True
1,2026-11-11,17,47,1,22,553.0,74.2,True
1,2026-11-11,17,46,1,22,553.0,63.41,True
1,2026-11-11,17,48,1,22,553.0,63.41,True
1,2026-11-11,17,49,1,22,553.0,74.2,True
1,2026-11-11,17,52,1,22,557.2,60.02,True
1,2026-11-11,17,53,1,22,553.0,81.38,True
1,2026-11-11,17,50,1,22,553.0,81.38,True
1,2026-11-11,17,51,1,22,553.0,63.41,True
1,2026-11-11,17,54,1,22,553.0,63.41,True
1,2026-11-11,17,57,1,22,553.0,63.41,True
1,2026-11-11,17,56,1,22,553.0,63.41,True
1,2026-11-11,17,55,1,22,553.0,74.2,True
1,2026-11-11,17,58,1,22,574.5,68.68,True
1,2026-11-11,17,59,1,22,553.0,74.2,True
1,2026-11-11,17,61,1,22,553.0,81.38,True
1,2026-11-11,17,64,1,22,557.2,60.02,True
1,2026-11-11,17,65,1,22,574.5,68.68,True
1,2026-11-11,17,62,1,22,553.0,74.2,True
1,2026-11-11,17,60,1,22,553.0,74.2,True
1,2026-11-11,17,63,1,22,553.0,63.41,True
1,2026-11-11,17,67,1,22,574.5,68.68,True
1,2026-11-11,17,66,1,22,553.0,75.21,True
1,2026-11-11,17,68,1,22,553.0,81.38,True
1,2026-11-11,17,69,1,22,553.0,63.41,True
1,2026-11-11,17,71,1,22,553.0,63.41,True
1,2026-11-11,17,72,1,22,557.2,60.02,True
1,2026-11-11,17,73,1,22,553.0,74.2,True
1,2026-11-11,17,75,1,22,553.0,81.38,True
1,2026-11-11,17,70,1,22,553.0,74.2,True
1,2026-11-11,17,74,1,22,574.5,68.68,True
1,2026-11-11,17,76,1,22,553.0,63.41,True
1,2026-11-11,17,77,1,22,574.5,68.68,True
1,2026-11-11,17,79,1,22,574.5,68.68,True
1,2026-11-11,17,78,1,22,553.0,75.21,True
1,2026-11-11,17,80,1,22,553.0,81.38,True
1,2026-11-11,17,84,1,22,553.0,74.2,True
1,2026-11-11,17,81,1,22,574.5,68.68,True
1,2026-11-11,17,83,1,22,553.0,81.38,True
1,2026-11-11,17,82,1,22,574.5,68.68,True
1,2026-11-11,17,85,1,22,557.2,60.02,True
1,2026-11-11,17,87,1,22,557.2,60.02,True
1,2026-11-11,17,86,1,22,553.0,74.2,True
1,2026-11-11,17,88,1,22,574.5,68.68,True
1,2026-11-11,17,89,1,22,553.0,81.38,True
1,2026-11-11,17,90,1,22,553.0,81.38,True
1,2026-11-11,17,93,1,22,553.0,74.2,True
1,2026-11-11,17,91,1,22,553.0,75.21,True
1,2026-11-11,17,92,1,22,553.0,81.38,True
1,2026-11-11,17,94,1,22,553.0,75.21,True
1,2026-11-11,17,95,1,22,553.0,74.2,True
1,2026-11-11,17,98,1,22,553.0,63.41,True
1,2026-11-11,17,96,1,22,574.5,68.68,True
1,2026-11-11,17,97,1,22,553.0,81.38,True
1,2026-11-11,17,101,1,22,553.0,63.41,True
1,2026-11-11,17,99,1,22,553.0,63.41,True
1,2026-11-11,17,100,1,22,553.0,81.38,True
1,2026-11-11,17,102,1,22,553.0,81.38,True
1,2026-11-11,17,103,1,22,557.2,60.02,True
1,2026-11-11,17,104,1,22,553.0,81.38,True
1,2026-11-11,17,105,1,22,553.0,74.2,True
1,2026-11-11,17,108,1,22,574.5,68.68,True
1,2026-11-11,17,109,1,22,553.0,81.38,True
1,2026-11-11,17,111,1,22,553.0,75.21,True
1,2026-11-11,17,107,1,22,553.0,81.38,True
1,2026-11-11,17,106,1,22,553.0,63.41,True
1,2026-11-11,17,110,1,22,574.5,68.68,True
1,2026-11-11,17,113,1,22,553.0,74.2,True
1,2026-11-11,17,112,1,22,557.2,60.02,True
1,2026-11-11,17,114,1,22,557.2,60.02,True
1,2026-11-11,17,115,1,22,553.0,74.2,True
1,2026-11-11,17,117,1,22,553.0,74.2,True
1,2026-11-11,17,116,1,22,553.0,63.41,True
1,2026-11-11,17,118,1,22,557.2,60.02,True
1,2026-11-11,17,119,1,22,574.5,68.68,True
1,2026-11-11,17,120,1,22,553.0,74.2,True
1,2026-11-11,17,121,1,22,553.0,81.38,True
1,2026-11-11,17,122,1,22,557.2,60.02,True
1,2026-11-11,17,123,1,22,553.0,63.41,True
1,2026-11-11,17,124,1,22,557.2,60.02,True
1,2026-11-11,17,126,1,22,553.0,81.38,True
1,2026-11-11,17,127,1,22,553.0,74.2,True
1,2026-11-11,17,125,1,22,553.0,63.41,True
1,2026-11-11,17,128,1,22,557.2,60.02,True
1,2026-11-11,17,129,1,22,553.0,63.41,True
1,2026-11-11,17,130,1,22,553.0,63.41,True
1,2026-11-11,17,131,1,22,574.5,68.68,True
1,2026-11-11,17,132,1,22,553.0,74.2,True
1,2026-11-11,17,135,1,22,557.2,60.02,True
1,2026-11-11,17,134,1,22,557.2,60.02,True
1,2026-11-11,17,136,1,22,574.5,68.68,True
1,2026-11-11,17,139,1,22,553.0,75.21,True
1,2026-11-11,17,133,1,22,574.5,68.68,True
1,2026-11-11,17,137,1,22,553.0,63.41,True
1,2026-11-11,17,141,1,22,553.0,63.41,True
1,2026-11-11,17,138,1,22,574.5,68.68,True
1,2026-11-11,17,140,1,22,553.0,75.21,True
1,2026-11-11,17,142,1,22,553.0,74.2,True
1,2026-11-11,17,145,1,22,557.2,60.02,True
1,2026-11-11,17,144,1,22,553.0,75.21,True
1,2026-11-11,17,143,1,22,574.5,68.68,True
1,2026-11-11,17,148,1,22,553.0,81.38,True
1,2026-11-11,17,149,1,22,553.0,63.41,True
1,2026-11-11,17,147,1,22,574.5,68.68,True
1,2026-11-11,17,146,1,22,553.0,75.21,True
1,2026-11-11,17,150,1,22,574.5,68.68,True
1,2026-11-11,17,151,1,22,553.0,75.21,True
1,2026-11-11,17,152,1,22,553.0,75.21,True
1,2026-11-11,17,153,1,22,553.0,63.41,True
1,2026-11-11,17,154,1,22,557.2,60.02,True
1,2026-11-11,17,155,1,22,553.0,63.41,True
1,2026-11-11,17,156,1,22,553.0,81.38,True
1,2026-11-11,17,158,1,22,557.2,60.02,True
1,2026-11-11,17,157,1,22,553.0,81.38,True
1,2026-11-11,17,159,1,22,553.0,63.41,True
1,2026-11-11,17,160,1,22,553.0,75.21,True
1,2026-11-11,17,162,1,22,553.0,81.38,True
1,2026-11-11,17,161,1,22,557.2,60.02,True
1,2026-11-11,17,164,1,22,553.0,63.41,True
1,2026-11-11,17,165,1,22,553.0,75.21,True
1,2026-11-11,17,163,1,22,553.0,81.38,True
1,2026-11-11,17,166,1,22,553.0,63.41,True
1,2026-11-11,17,167,1,22,553.0,74.2,True
1,2026-11-11,17,169,1,22,553.0,81.38,True
1,2026-11-11,17,171,1,22,553.0,74.2,True
1,2026-11-11,17,168,1,22,557.2,60.02,True
1,2026-11-11,17,170,1,22,553.0,75.21,True
1,2026-11-11,17,173,1,22,553.0,74.2,True
1,2026-11-11,17,174,1,22,553.0,75.21,True
1,2026-11-11,17,176,1,22,557.2,60.02,True
1,2026-11-11,17,172,1,22,553.0,81.38,True
1,2026-11-11,17,175,1,22,553.0,75.21,True
1,2026-11-11,17,177,1,22,553.0,81.38,True
1,2026-11-11,17,178,1,22,553.0,81.38,True
1,2026-11-11,17,180,1,22,553.0,81.38,True
1,2026-11-11,17,179,1,22,553.0,74.2,True
1,2026-11-11,17,181,1,22,553.0,74.2,True
1,2026-11-11,17,185,1,22,553.0,74.2,True
1,2026-11-11,17,183,1,22,553.0,81.38,True
1,2026-11-11,17,184,1,22,553.0,63.41,True
1,2026-11-11,17,182,1,22,553.0,74.2,True
1,2026-11-11,17,188,1,22,553.0,81.38,True
1,2026-11-11,17,187,1,22,553.0,74.2,True
1,2026-11-11,17,186,1,22,574.5,68.68,True
1,2026-11-11,17,189,1,22,557.2,60.02,True
1,2026-11-11,17,190,1,22,553.0,81.38,True
1,2026-11-11,17,191,1,22,553.0,63.41,True
1,2026-11-11,17,195,1,22,553.0,74.2,True
1,2026-11-11,17,192,1,22,553.0,75.21,True
1,2026-11-11,17,193,1,22,553.0,75.21,True
1,2026-11-11,17,197,1,22,557.2,60.02,True
1,2026-11-11,17,198,1,22,553.0,81.38,True
1,2026-11-11,17,194,1,22,553.0,63.41,True
1,2026-11-11,17,196,1,22,553.0,81.38,True
1,2026-11-11,17,199,1,22,553.0,81.38,True
1,2026-11-11,17,200,1,22,553.0,63.41,True
844,2026-11-11,5,1,1,2,19.5,5.08,True
844,2026-11-11,5,2,1,2,19.5,5.08,True
844,2026-11-11,5,10,1,2,19.5,5.08,True
844,2026-11-11,5,3,1,2,19.5,5.08,True
844,2026-11-11,5,11,1,2,19.5,5.08,True
844,2026-11-11,5,13,1,2,19.5,5.08,True
844,2026-11-11,5,12,1,2,19.5,5.08,True
844,2026-11-11,5,6,1,2,19.5,5.08,True
844,2026-11-11,5,5,1,2,19.5,5.08,True
844,2026-11-11,5,4,1,2,19.5,5.08,True
844,2026-11-11,5,8,1,2,19.5,5.08,True
844,2026-11-11,5,7,1,2,19.5,5.08,True
844,2026-11-11,5,14,1,2,19.5,5.08,True
844,2026-11-11,5,9,1,2,19.5,5.08,True
844,2026-11-11,5,15,1,2,19.5,5.08,True
844,2026-11-11,5,16,1,2,19.5,5.08,True
844,2026-11-11,5,17,1,2,19.5,5.08,True
844,2026-11-11,5,19,1,2,19.5,5.08,True
844,2026-11-11,5,21,1,2,19.5,5.08,True
844,2026-11-11,5,18,1,2,19.5,5.08,True
844,2026-11-11,5,22,1,2,19.5,5.08,True
844,2026-11-11,5,20,1,2,19.5,5.08,True
844,2026-11-11,5,23,1,2,19.5,5.08,True
844,2026-11-11,5,25,1,2,19.5,5.08,True
844,2026-11-11,5,26,1,2,19.5,5.08,True
844,2026-11-11,5,27,1,2,19.5,5.08,True
844,2026-11-11,5,28,1,2,19.5,5.08,True
844,2026-11-11,5,24,1,2,19.5,5.08,True
844,2026-11-11,5,29,1,2,19.5,5.08,True
844,2026-11-11,5,30,1,2,19.5,5.08,True
