service_id,labor_id,labor_type,labor_name,labor_category,labor_price,labor_created_at,labor_start_date,labor_end_date,alfred,shop,created_at,schedule_date,client_type,paying_customer,state_service,start_address_id,start_address_point,end_address_id,end_address_point,city,address_id,address_point,address_name,labor_sequence,date
272081,369325,12.0,Alfred Initial Transport,VEHICLE_TRANSPORTATION,55663.0,2025-07-21 08:23:49.777000-05:00,2025-07-21 09:52:00-05:00,2025-07-21 11:16:00-05:00,2331,,2025-07-21 08:23:49.711000-05:00,2025-07-21 10:00:00-05:00,B2B,31423.0,COMPLETED,146044.0,POINT (-74.0420611 4.677793499999999),17793.0,POINT (-74.05576889999999 4.712595600000001),149,56572.0,POINT (-74.2240796 4.5898388),Casa,0,2025-07-21
272084,369329,12.0,Alfred Initial Transport,VEHICLE_TRANSPORTATION,57789.0,2025-07-21 08:27:17.463000-05:00,2025-07-21 09:21:00-05:00,2025-07-21 10:48:00-05:00,211,,2025-07-21 08:27:17.402000-05:00,2025-07-21 10:00:00-05:00,B2B,71684.0,COMPLETED,146036.0,POINT (-74.05512829999999 4.686091599999999),146037.0,POINT (-74.14489859999999 4.6720461),149,56465.0,POINT (-74.0877144 4.7271318),Casa,0,2025-07-21
272091,369337,12.0,Alfred Initial Transport,VEHICLE_TRANSPORTATION,82789.0,2025-07-21 08:33:55.818000-05:00,2025-07-21 10:00:00-05:00,2025-07-21 10:00:00-05:00,69861,,2025-07-21 08:33:55.759000-05:00,2025-07-21 12:00:00-05:00,B2B,61607.0,COMPLETED,146038.0,POINT (-73.948241 4.947403),135461.0,POINT (-74.1764369 4.6950584),149,125737.0,POINT (-74.18022189999999 4.624224),Apartamento,0,2025-07-21
272092,369338,12.0,Alfred Initial Transport,VEHICLE_TRANSPORTATION,55663.0,2025-07-21 08:34:17.432000-05:00,2025-07-21 11:48:00-05:00,2025-07-21 13:25:00-05:00,70424,,2025-07-21 08:34:17.367000-05:00,2025-07-21 12:30:00-05:00,B2B,25091.0,COMPLETED,146040.0,POINT (-75.5856515 6.183439799999999),146041.0,POINT (-75.5542662 6.335097999999999),1,126965.0,POINT (-75.560277 6.340593500000001),Casa,0,2025-07-21
272108,369356,12.0,Alfred Initial Transport,VEHICLE_TRANSPORTATION,52440.0,2025-07-21 08:56:43.145000-05:00,2025-07-21 10:29:00-05:00,2025-07-21 11:41:00-05:00,10451,,2025-07-21 08:56:43.108000-05:00,2025-07-21 10:30:00-05:00,B2B,41974.0,COMPLETED,145455.0,POINT (-74.0315454 4.6972458),146048.0,POINT (-74.04436489999999 4.7549386),149,16688.0,POINT (-74.0202608 4.6664181),casa,0,2025-07-21
272109,369357,2.0,Alfred Transport,VEHICLE_TRANSPORTATION,52440.0,2025-07-21 08:57:04.061000-05:00,2025-07-21 12:32:00-05:00,2025-07-21 13:34:00-05:00,10451,,2025-07-21 08:57:04.025000-05:00,2025-07-21 12:30:00-05:00,B2B,41974.0,COMPLETED,146048.0,POINT (-74.04436489999999 4.7549386),145455.0,POINT (-74.0315454 4.6972458),149,16688.0,POINT (-74.0202608 4.6664181),casa,0,2025-07-21
272111,369359,12.0,Alfred Initial Transport,VEHICLE_TRANSPORTATION,55663.0,2025-07-21 08:57:51.970000-05:00,2025-07-21 15:58:00-05:00,2025-07-21 17:12:00-05:00,10500,,2025-07-21 08:57:51.903000-05:00,2025-07-21 16:00:00-05:00,B2B,20290.0,COMPLETED,3325.0,POINT (-74.06386971473694 4.709362767211348),145900.0,POINT (-74.03560639999999 4.7293855),149,16797.0,POINT (-74.118284 4.7485876),casa,0,2025-07-21
272122,369370,12.0,Alfred Initial Transport,VEHICLE_TRANSPORTATION,74485.0,2025-07-21 09:06:46.700000-05:00,2025-07-21 14:14:00-05:00,2025-07-21 16:58:00-05:00,2331,,2025-07-21 09:06:46.547000-05:00,2025-07-21 14:30:00-05:00,B2B,72801.0,COMPLETED,31708.0,POINT (-74.04436799999999 4.682166),145557.0,POINT (-74.2388156 4.7038879),149,56572.0,POINT (-74.2240796 4.5898388),Casa,0,2025-07-21
272129,369378,12.0,Alfred Initial Transport,VEHICLE_TRANSPORTATION,52988.0,2025-07-21 09:24:41.533000-05:00,2025-07-21 12:01:00-05:00,2025-07-21 13:36:00-05:00,14671,,2025-07-21 09:24:41.467000-05:00,2025-07-21 13:00:00-05:00,B2B,21611.0,COMPLETED,1.0,POINT (-74.045085 4.777223),2.0,POINT (-74.028923 4.704466),149,23068.0,POINT (-74.1122312 4.7384985),Casa,0,2025-07-21
272132,369381,12.0,Alfred Initial Transport,VEHICLE_TRANSPORTATION,55663.0,2025-07-21 09:28:29.629000-05:00,2025-07-21 10:56:00-05:00,2025-07-21 12:27:00-05:00,68168,,2025-07-21 09:28:29.562000-05:00,2025-07-21 11:00:00-05:00,B2B,67165.0,COMPLETED,46087.0,POINT (-74.113237 4.6369972),28555.0,POINT (-74.0780903 4.6972938),149,120850.0,POINT (-74.0293686 4.7648946),Apartamento,0,2025-07-21
272165,369420,12.0,Alfred Initial Transport,VEHICLE_TRANSPORTATION,80663.0,2025-07-21 10:14:15.840000-05:00,2025-07-21 10:30:00-05:00,2025-07-21 13:26:00-05:00,72680,,2025-07-21 10:14:15.782000-05:00,2025-07-21 11:30:00-05:00,B2B,31482.0,COMPLETED,43815.0,POINT (-76.5062106 3.5024871),143020.0,POINT (-76.5383604 3.2710086),1004,132403.0,POINT (-76.4651154 3.4282175),Casa,0,2025-07-21
272166,369421,12.0,Alfred Initial Transport,VEHICLE_TRANSPORTATION,55663.0,2025-07-21 10:14:47.595000-05:00,2025-07-21 13:47:00-05:00,2025-07-21 15:20:00-05:00,719,,2025-07-21 10:14:47.484000-05:00,2025-07-21 14:00:00-05:00,B2B,69937.0,COMPLETED,674.0,POINT (-74.1145559 4.6716483),146071.0,POINT (-74.1148544 4.664091),149,9575.0,POINT (-74.1474839 4.6118768),Apartamento,0,2025-07-21
272184,369439,12.0,Alfred Initial Transport,VEHICLE_TRANSPORTATION,55663.0,2025-07-21 10:29:54.492000-05:00,2025-07-21 16:47:00-05:00,2025-07-21 18:03:00-05:00,69860,,2025-07-21 10:29:54.421000-05:00,2025-07-21 17:00:00-05:00,B2B,30027.0,COMPLETED,15.0,POINT (-74.065413 4.759951),143121.0,POINT (-74.02782909999999 4.6972939),149,125736.0,POINT (-74.0313506 4.7138433),Apartamento,0,2025-07-21
272190,369445,12.0,Alfred Initial Transport,VEHICLE_TRANSPORTATION,55663.0,2025-07-21 10:33:42.942000-05:00,2025-07-21 11:33:00-05:00,2025-07-21 15:59:00-05:00,11714,,2025-07-21 10:33:42.874000-05:00,2025-07-21 14:00:00-05:00,B2B,30027.0,COMPLETED,15.0,POINT (-74.065413 4.759951),112978.0,POINT (-74.1061616 4.656461999999999),149,18448.0,POINT (-74.2377623 4.564346899999999),casa,0,2025-07-21
272198,369453,12.0,Alfred Initial Transport,VEHICLE_TRANSPORTATION,49485.0,2025-07-21 10:47:11.515000-05:00,2025-07-21 14:00:00-05:00,2025-07-21 14:48:00-05:00,20111,,2025-07-21 10:47:11.438000-05:00,2025-07-21 15:00:00-05:00,B2B,69668.0,FAILED,146084.0,POINT (-75.5758147 6.215559700000001),123291.0,POINT (-75.5601715 6.325476999999998),1,25905.0,POINT (-75.594906 6.190818699999999),Apto,0,2025-07-21
272211,369466,12.0,Alfred Initial Transport,VEHICLE_TRANSPORTATION,55663.0,2025-07-21 11:01:22.577000-05:00,2025-07-21 16:02:00-05:00,2025-07-21 17:04:00-05:00,5832,,2025-07-21 11:01:22.509000-05:00,2025-07-21 16:00:00-05:00,B2B,26723.0,COMPLETED,25894.0,POINT (-74.0451975 4.747778600000001),146092.0,POINT (-74.05655949999999 4.7332271),149,98373.0,POINT (-74.0805306 4.755374499999999),casa,0,2025-07-21
272218,369473,12.0,Alfred Initial Transport,VEHICLE_TRANSPORTATION,55663.0,2025-07-21 11:12:13.063000-05:00,2025-07-21 12:59:00-05:00,,68168,,2025-07-21 11:12:13-05:00,2025-07-21 13:00:00-05:00,B2B,66600.0,FAILED,143773.0,POINT (-74.0664901 4.6872453),143772.0,POINT (-74.0344811 4.6930768),149,120850.0,POINT (-74.0293686 4.7648946),Apartamento,0,2025-07-21
272223,369478,12.0,Alfred Initial Transport,VEHICLE_TRANSPORTATION,55663.0,2025-07-21 11:16:01.964000-05:00,2025-07-21 13:18:00-05:00,2025-07-21 14:26:00-05:00,5366,,2025-07-21 11:16:01.834000-05:00,2025-07-21 13:00:00-05:00,B2B,70507.0,COMPLETED,128998.0,POINT (-74.1326955 4.6565173),128999.0,POINT (-74.075955 4.6912855),149,93651.0,POINT (-74.08878779999999 4.7315578),ALFRED,0,2025-07-21
272249,369509,12.0,Alfred Initial Transport,VEHICLE_TRANSPORTATION,80663.0,2025-07-21 11:57:14.618000-05:00,2025-07-21 15:00:00-05:00,2025-07-21 17:15:00-05:00,70934,,2025-07-21 11:57:14.552000-05:00,2025-07-21 15:00:00-05:00,B2B,66603.0,COMPLETED,146110.0,POINT (-74.1046702 4.654838),126007.0,POINT (-74.041381 4.8914399),149,128219.0,POINT (-74.19197489999999 4.6331451),Casa,0,2025-07-21
272258,369518,12.0,Alfred Initial Transport,VEHICLE_TRANSPORTATION,55663.0,2025-07-21 12:09:26.886000-05:00,2025-07-21 14:06:00-05:00,2025-07-21 16:25:43-05:00,14671,,2025-07-21 12:09:26.822000-05:00,2025-07-21 15:00:00-05:00,B2B,30260.0,FAILED,52065.0,POINT (-74.0771132 4.6547041),146116.0,POINT (-74.0297078 4.719208399999999),149,23068.0,POINT (-74.1122312 4.7384985),Casa,0,2025-07-21
272307,369574,12.0,Alfred Initial Transport,VEHICLE_TRANSPORTATION,55663.0,2025-07-21 13:33:52.309000-05:00,2025-07-21 14:33:00-05:00,2025-07-21 15:53:00-05:00,72680,,2025-07-21 13:33:52.233000-05:00,2025-07-21 15:00:00-05:00,B2B,34788.0,COMPLETED,8147.0,POINT (-76.53832489999999 3.3896682),145764.0,POINT (-76.63865 3.32834),1004,132403.0,POINT (-76.4651154 3.4282175),Casa,0,2025-07-21
272332,369599,12.0,Alfred Initial Transport,VEHICLE_TRANSPORTATION,52988.0,2025-07-21 14:20:39.634000-05:00,2025-07-21 15:49:00-05:00,2025-07-21 17:08:00-05:00,69861,,2025-07-21 14:20:39.560000-05:00,2025-07-21 16:30:00-05:00,B2B,35498.0,COMPLETED,1488.0,POINT (-74.10500789999999 4.6304576),146161.0,POINT (-74.06258199999999 4.6508967),149,125737.0,POINT (-74.18022189999999 4.624224),Apartamento,0,2025-07-21
272336,369603,12.0,Alfred Initial Transport,VEHICLE_TRANSPORTATION,49485.0,2025-07-21 14:26:28.243000-05:00,2025-07-21 16:02:00-05:00,2025-07-21 18:33:00-05:00,10449,,2025-07-21 14:26:28.112000-05:00,2025-07-21 16:30:00-05:00,B2B,57674.0,COMPLETED,1460.0,POINT (-74.1127455 4.6451826),146164.0,POINT (-74.086188 4.694707999999999),149,16682.0,POINT (-74.1691584 4.6514129),casa,0,2025-07-21
272371,369642,12.0,Alfred Initial Transport,VEHICLE_TRANSPORTATION,55663.0,2025-07-21 15:00:54.022000-05:00,2025-07-21 15:23:00-05:00,2025-07-21 17:08:00-05:00,12077,,2025-07-21 15:00:53.946000-05:00,2025-07-21 16:30:00-05:00,B2B,31482.0,COMPLETED,43815.0,POINT (-76.5062106 3.5024871),146179.0,POINT (-76.51729 3.52256),1004,19281.0,POINT (-76.5468388 3.4090961),Apartamento,0,2025-07-21
272383,369654,12.0,Alfred Initial Transport,VEHICLE_TRANSPORTATION,65004.0,2025-07-21 15:15:17.279000-05:00,2025-07-21 16:24:00-05:00,2025-07-21 17:08:00-05:00,69147,,2025-07-21 15:15:17.253000-05:00,2025-07-21 16:00:00-05:00,B2B,45184.0,COMPLETED,94075.0,POINT (-75.5308586 10.4214759),91510.0,POINT (-75.516454 10.446315),150,123522.0,POINT (-75.5051041 10.392139),Apartamento,0,2025-07-21
272468,369747,12.0,Alfred Initial Transport,VEHICLE_TRANSPORTATION,55663.0,2025-07-21 16:22:15.521000-05:00,2025-07-21 16:25:00-05:00,2025-07-21 17:47:00-05:00,14671,,2025-07-21 16:22:15.454000-05:00,2025-07-21 17:00:00-05:00,B2B,30260.0,COMPLETED,52065.0,POINT (-74.0771132 4.6547041),146212.0,POINT (-74.0297078 4.719208399999999),149,23068.0,POINT (-74.1122312 4.7384985),Casa,0,2025-07-21
272489,369768,12.0,Alfred Initial Transport,VEHICLE_TRANSPORTATION,49485.0,2025-07-21 17:20:37.964000-05:00,2025-07-21 17:21:00-05:00,2025-07-21 18:30:00-05:00,11714,,2025-07-21 17:20:37.926000-05:00,2025-07-21 17:30:00-05:00,B2B,57674.0,COMPLETED,1460.0,POINT (-74.1127455 4.6451826),146228.0,POINT (-74.1061023 4.6595331),149,18448.0,POINT (-74.2377623 4.564346899999999),casa,0,2025-07-21
272577,369864,12.0,Alfred Initial Transport,VEHICLE_TRANSPORTATION,55663.0,2025-07-22 07:57:23.326000-05:00,2025-07-22 08:09:00-05:00,2025-07-22 11:01:00-05:00,11988,,2025-07-22 07:57:23.253000-05:00,2025-07-22 10:00:00-05:00,B2B,30027.0,COMPLETED,146274.0,POINT (-74.0504986 4.673238599999999),15.0,POINT (-74.065413 4.759951),149,20721.0,POINT (-74.0286017 4.9203296),casa,0,2025-07-22
272582,369869,12.0,Alfred Initial Transport,VEHICLE_TRANSPORTATION,80663.0,2025-07-22 08:13:30.514000-05:00,2025-07-22 16:55:00-05:00,2025-07-22 19:36:00-05:00,10500,,2025-07-22 08:13:30.451000-05:00,2025-07-22 17:00:00-05:00,B2B,30027.0,COMPLETED,15.0,POINT (-74.065413 4.759951),54616.0,POINT (-74.0914844 4.8086034),149,16797.0,POINT (-74.118284 4.7485876),casa,0,2025-07-22
272594,369883,12.0,Alfred Initial Transport,VEHICLE_TRANSPORTATION,55663.0,2025-07-22 08:33:57.076000-05:00,2025-07-22 15:51:00-05:00,2025-07-22 17:01:00-05:00,2306,,2025-07-22 08:33:57.015000-05:00,2025-07-22 17:00:00-05:00,B2B,31482.0,COMPLETED,43815.0,POINT (-76.5062106 3.5024871),110924.0,POINT (-76.5517357 3.45853),1004,109102.0,POINT (-76.5710842 3.406073),Alfred,0,2025-07-22
272605,369894,12.0,Alfred Initial Transport,VEHICLE_TRANSPORTATION,55663.0,2025-07-22 08:58:27.399000-05:00,2025-07-22 16:30:00-05:00,2025-07-22 17:09:33-05:00,5832,,2025-07-22 08:58:27.335000-05:00,2025-07-22 16:30:00-05:00,B2B,30027.0,FAILED,15.0,POINT (-74.065413 4.759951),48183.0,POINT (-74.0348865 4.701065199999999),149,98373.0,POINT (-74.0805306 4.755374499999999),casa,0,2025-07-22
272631,369924,12.0,Alfred Initial Transport,VEHICLE_TRANSPORTATION,55663.0,2025-07-22 09:45:22.118000-05:00,2025-07-22 12:02:00-05:00,2025-07-22 13:13:00-05:00,5832,,2025-07-22 09:45:22.058000-05:00,2025-07-22 12:00:00-05:00,B2B,26116.0,COMPLETED,608.0,POINT (-74.0677331 4.6225234),145165.0,POINT (-74.0836183 4.6207695),149,98373.0,POINT (-74.0805306 4.755374499999999),casa,0,2025-07-22
272632,369925,12.0,Alfred Initial Transport,VEHICLE_TRANSPORTATION,55663.0,2025-07-22 09:45:26.997000-05:00,2025-07-22 10:00:00-05:00,2025-07-22 11:43:00-05:00,6229,,2025-07-22 09:45:26.864000-05:00,2025-07-22 11:00:00-05:00,B2B,31423.0,COMPLETED,146292.0,POINT (-74.0478515 4.6800131),17793.0,POINT (-74.05576889999999 4.712595600000001),149,11727.0,POINT (-74.0583698 4.6510839),Casa,0,2025-07-22
272636,369929,12.0,Alfred Initial Transport,VEHICLE_TRANSPORTATION,49485.0,2025-07-22 09:49:14.279000-05:00,2025-07-22 10:11:00-05:00,2025-07-22 10:40:00-05:00,2306,,2025-07-22 09:49:14.214000-05:00,2025-07-22 11:00:00-05:00,B2B,34226.0,COMPLETED,146078.0,POINT (-76.5365149 3.4475522),75827.0,POINT (-76.53965687916794 3.4516627253884913),1004,109102.0,POINT (-76.5710842 3.406073),Alfred,0,2025-07-22
272638,369931,12.0,Alfred Initial Transport,VEHICLE_TRANSPORTATION,55663.0,2025-07-22 09:51:59.214000-05:00,2025-07-22 13:54:00-05:00,2025-07-22 14:50:00-05:00,69860,,2025-07-22 09:51:59.148000-05:00,2025-07-22 14:00:00-05:00,B2B,31423.0,COMPLETED,17793.0,POINT (-74.05576889999999 4.712595600000001),146035.0,POINT (-74.0420611 4.677793499999999),149,125736.0,POINT (-74.0313506 4.7138433),Apartamento,0,2025-07-22
272676,369974,12.0,Alfred Initial Transport,VEHICLE_TRANSPORTATION,55663.0,2025-07-22 10:43:15.045000-05:00,2025-07-22 13:32:00-05:00,2025-07-22 14:36:00-05:00,69861,,2025-07-22 10:43:14.969000-05:00,2025-07-22 14:00:00-05:00,B2B,26723.0,COMPLETED,21923.0,POINT (-74.0678728 4.6711387),49156.0,POINT (-74.0265501 4.7185597),149,125737.0,POINT (-74.18022189999999 4.624224),Apartamento,0,2025-07-22
272686,369985,12.0,Alfred Initial Transport,VEHICLE_TRANSPORTATION,49485.0,2025-07-22 10:57:01.269000-05:00,2025-07-22 14:55:00-05:00,2025-07-22 16:26:00-05:00,68168,,2025-07-22 10:57:01.204000-05:00,2025-07-22 15:00:00-05:00,B2B,25166.0,COMPLETED,444.0,POINT (-74.064646 4.759983),146318.0,POINT (-74.0345774 4.6914083),149,120850.0,POINT (-74.0293686 4.7648946),Apartamento,0,2025-07-22
272696,369996,12.0,Alfred Initial Transport,VEHICLE_TRANSPORTATION,55663.0,2025-07-22 11:12:10.554000-05:00,2025-07-22 16:47:00-05:00,2025-07-22 17:20:27-05:00,6229,,2025-07-22 11:12:10.495000-05:00,2025-07-22 16:00:00-05:00,B2B,26116.0,FAILED,608.0,POINT (-74.0677331 4.6225234),146326.0,POINT (-74.0510324 4.6570075),149,11727.0,POINT (-74.0583698 4.6510839),Casa,0,2025-07-22
272698,369998,12.0,Alfred Initial Transport,VEHICLE_TRANSPORTATION,55663.0,2025-07-22 11:15:24.685000-05:00,2025-07-22 13:09:00-05:00,2025-07-22 14:28:00-05:00,10451,,2025-07-22 11:15:24.584000-05:00,2025-07-22 13:30:00-05:00,B2B,69937.0,COMPLETED,146328.0,POINT (-74.11450529999999 4.6717962),146329.0,POINT (-74.1270688 4.6655631),149,16688.0,POINT (-74.0202608 4.6664181),casa,0,2025-07-22
272705,370005,12.0,Alfred Initial Transport,VEHICLE_TRANSPORTATION,49485.0,2025-07-22 11:22:44.182000-05:00,2025-07-22 15:22:00-05:00,2025-07-22 16:56:00-05:00,2331,,2025-07-22 11:22:44.077000-05:00,2025-07-22 15:30:00-05:00,B2B,57674.0,COMPLETED,1460.0,POINT (-74.1127455 4.6451826),146332.0,POINT (-74.0714325 4.6600936),149,56572.0,POINT (-74.2240796 4.5898388),Casa,0,2025-07-22
272710,370010,12.0,Alfred Initial Transport,VEHICLE_TRANSPORTATION,80663.0,2025-07-22 11:30:54.902000-05:00,2025-07-22 16:38:00-05:00,2025-07-22 21:03:00-05:00,69860,,2025-07-22 11:30:54.832000-05:00,2025-07-22 17:00:00-05:00,B2B,55816.0,COMPLETED,10.0,POINT (-74.075015 4.69416),146335.0,POINT (-73.95518969999999 4.759028799999999),149,125736.0,POINT (-74.0313506 4.7138433),Apartamento,0,2025-07-22
272712,370012,12.0,Alfred Initial Transport,VEHICLE_TRANSPORTATION,52988.0,2025-07-22 11:33:37.232000-05:00,2025-07-22 12:20:00-05:00,2025-07-22 15:12:51-05:00,6229,,2025-07-22 11:33:37.085000-05:00,2025-07-22 14:00:00-05:00,B2B,21591.0,FAILED,2.0,POINT (-74.028923 4.704466),146337.0,POINT (-74.0502121 4.6600579),149,11727.0,POINT (-74.0583698 4.6510839),Casa,0,2025-07-22
272737,370039,12.0,Alfred Initial Transport,VEHICLE_TRANSPORTATION,55663.0,2025-07-22 12:03:33.626000-05:00,2025-07-22 14:24:00-05:00,2025-07-22 16:02:00-05:00,5832,,2025-07-22 12:03:33.560000-05:00,2025-07-22 14:30:00-05:00,B2B,55592.0,COMPLETED,144251.0,POINT (-74.11402149999999 4.6720214),144250.0,POINT (-74.08392529999999 4.729303700000001),149,98373.0,POINT (-74.0805306 4.755374499999999),casa,0,2025-07-22
272746,370048,12.0,Alfred Initial Transport,VEHICLE_TRANSPORTATION,55663.0,2025-07-22 12:21:55.912000-05:00,2025-07-22 12:27:00-05:00,2025-07-22 14:50:00-05:00,11988,,2025-07-22 12:21:55.778000-05:00,2025-07-22 14:00:00-05:00,B2B,31425.0,COMPLETED,17793.0,POINT (-74.05576889999999 4.712595600000001),146034.0,POINT (-74.03487779999999 4.692499),149,20721.0,POINT (-74.0286017 4.9203296),casa,0,2025-07-22
272751,370054,12.0,Alfred Initial Transport,VEHICLE_TRANSPORTATION,49485.0,2025-07-22 12:25:05.468000-05:00,2025-07-22 12:53:00-05:00,2025-07-22 14:35:00-05:00,9526,,2025-07-22 12:25:05.401000-05:00,2025-07-22 13:00:00-05:00,B2B,48388.0,COMPLETED,75827.0,POINT (-76.53965687916794 3.4516627253884913),146352.0,POINT (-76.5029496 3.5112117),1004,15087.0,POINT (-76.35007879999999 3.4079059),Casa,0,2025-07-22
272757,370062,12.0,Alfred Initial Transport,VEHICLE_TRANSPORTATION,49485.0,2025-07-22 12:33:31.942000-05:00,2025-07-22 13:00:00-05:00,2025-07-22 13:48:00-05:00,69860,,2025-07-22 12:33:31.911000-05:00,2025-07-22 13:15:00-05:00,B2B,68755.0,COMPLETED,41141.0,POINT (-74.0558993 4.685654200000001),14234.0,POINT (-74.0516357 4.713282500000001),149,125736.0,POINT (-74.0313506 4.7138433),Apartamento,0,2025-07-22
272767,370072,12.0,Alfred Initial Transport,VEHICLE_TRANSPORTATION,80663.0,2025-07-22 12:47:34.858000-05:00,2025-07-22 13:52:00-05:00,2025-07-22 15:09:00-05:00,20269,,2025-07-22 12:47:34.789000-05:00,2025-07-22 14:00:00-05:00,B2B,31481.0,COMPLETED,43816.0,POINT (-76.5389012 3.38733),129950.0,POINT (-76.5227228 3.2769045),1004,26088.0,POINT (-76.493671 3.414003),Casa,0,2025-07-22
272798,370107,12.0,Alfred Initial Transport,VEHICLE_TRANSPORTATION,55663.0,2025-07-22 13:51:52.877000-05:00,2025-07-22 14:59:00-05:00,2025-07-22 16:06:00-05:00,10500,,2025-07-22 13:51:52.812000-05:00,2025-07-22 15:00:00-05:00,B2B,31423.0,COMPLETED,17793.0,POINT (-74.05576889999999 4.712595600000001),145051.0,POINT (-74.04825939999999 4.713112999999999),149,16797.0,POINT (-74.118284 4.7485876),casa,0,2025-07-22
272810,370119,12.0,Alfred Initial Transport,VEHICLE_TRANSPORTATION,55663.0,2025-07-22 14:07:06.831000-05:00,2025-07-22 16:43:00-05:00,2025-07-22 20:17:00-05:00,10449,,2025-07-22 14:07:06.754000-05:00,2025-07-22 16:30:00-05:00,B2B,66599.0,COMPLETED,146168.0,POINT (-74.0457322 4.7525901),146167.0,POINT (-74.1425355 4.568133199999999),149,16682.0,POINT (-74.1691584 4.6514129),casa,0,2025-07-22
272827,370137,12.0,Alfred Initial Transport,VEHICLE_TRANSPORTATION,55663.0,2025-07-22 14:40:02.274000-05:00,2025-07-22 15:52:00-05:00,2025-07-22 18:46:00-05:00,69861,,2025-07-22 14:40:02.177000-05:00,2025-07-22 16:30:00-05:00,B2B,30027.0,COMPLETED,15.0,POINT (-74.065413 4.759951),146380.0,POINT (-74.0504986 4.673238599999999),149,125737.0,POINT (-74.18022189999999 4.624224),Apartamento,0,2025-07-22
272852,370167,12.0,Alfred Initial Transport,VEHICLE_TRANSPORTATION,55663.0,2025-07-22 15:39:54.351000-05:00,2025-07-22 15:46:00-05:00,2025-07-22 17:00:00-05:00,31857,,2025-07-22 15:39:54.289000-05:00,2025-07-22 16:02:00-05:00,B2B,25091.0,COMPLETED,146413.0,POINT (-75.5887989 6.210293099999999),126777.0,POINT (-75.5856104 6.183108199999999),1,44375.0,POINT (-75.58290559999999 6.155980599999999),Apto,0,2025-07-22
272999,370329,12.0,Alfred Initial Transport,VEHICLE_TRANSPORTATION,82789.0,2025-07-23 08:17:14.421000-05:00,2025-07-23 11:58:00-05:00,2025-07-23 14:24:00-05:00,5366,,2025-07-23 08:17:14.351000-05:00,2025-07-23 12:30:00-05:00,B2B,61607.0,COMPLETED,146487.0,POINT (-74.1292306 4.681090699999999),135461.0,POINT (-74.1764369 4.6950584),149,93651.0,POINT (-74.08878779999999 4.7315578),ALFRED,0,2025-07-23
273002,370332,12.0,Alfred Initial Transport,VEHICLE_TRANSPORTATION,55663.0,2025-07-23 08:18:55.547000-05:00,2025-07-23 13:14:00-05:00,2025-07-23 15:22:00-05:00,2036,,2025-07-23 08:18:55.485000-05:00,2025-07-23 14:00:00-05:00,B2B,72887.0,COMPLETED,4852.0,POINT (-75.56991479999999 6.2276503),98163.0,POINT (-75.5579475 6.2012924),1,55748.0,POINT (-75.55748439999999 6.252939599999999),Apartamento,0,2025-07-23
273003,370333,12.0,Alfred Initial Transport,VEHICLE_TRANSPORTATION,55663.0,2025-07-23 08:19:38.021000-05:00,2025-07-23 12:04:00-05:00,2025-07-23 13:46:00-05:00,2331,,2025-07-23 08:19:37.949000-05:00,2025-07-23 12:30:00-05:00,B2B,27319.0,COMPLETED,18702.0,POINT (-74.1103095 4.6459248),69445.0,POINT (-74.10234849999999 4.6208684),149,56572.0,POINT (-74.2240796 4.5898388),Casa,0,2025-07-23
273007,370337,12.0,Alfred Initial Transport,VEHICLE_TRANSPORTATION,55663.0,2025-07-23 08:31:57.437000-05:00,2025-07-23 15:41:00-05:00,2025-07-23 17:29:00-05:00,31857,,2025-07-23 08:31:57.375000-05:00,2025-07-23 16:30:00-05:00,B2B,72887.0,COMPLETED,4852.0,POINT (-75.56991479999999 6.2276503),146489.0,POINT (-75.59412189999999 6.2136936),1,44375.0,POINT (-75.58290559999999 6.155980599999999),Apto,0,2025-07-23
273010,370340,12.0,Alfred Initial Transport,VEHICLE_TRANSPORTATION,55663.0,2025-07-23 08:37:46.662000-05:00,2025-07-23 10:04:00-05:00,2025-07-23 11:36:00-05:00,5455,,2025-07-23 08:37:46.595000-05:00,2025-07-23 11:01:00-05:00,B2B,72887.0,COMPLETED,4852.0,POINT (-75.56991479999999 6.2276503),146491.0,POINT (-75.5801449 6.192974200000001),1,10331.0,POINT (-75.5568613 6.278588999999999),Casa,0,2025-07-23
273012,370345,12.0,Alfred Initial Transport,VEHICLE_TRANSPORTATION,80663.0,2025-07-23 08:41:47.336000-05:00,2025-07-23 12:25:00-05:00,2025-07-23 14:49:00-05:00,68168,,2025-07-23 08:41:47.274000-05:00,2025-07-23 12:30:00-05:00,B2B,26117.0,COMPLETED,143210.0,POINT (-74.21945199999999 4.7242735),608.0,POINT (-74.0677331 4.6225234),149,120850.0,POINT (-74.0293686 4.7648946),Apartamento,0,2025-07-23
273015,370348,12.0,Alfred Initial Transport,VEHICLE_TRANSPORTATION,55663.0,2025-07-23 08:43:16.494000-05:00,2025-07-23 14:32:00-05:00,2025-07-23 16:09:00-05:00,2331,,2025-07-23 08:43:16.366000-05:00,2025-07-23 14:30:00-05:00,B2B,27317.0,COMPLETED,18702.0,POINT (-74.1103095 4.6459248),57306.0,POINT (-74.102271 4.6208523),149,56572.0,POINT (-74.2240796 4.5898388),Casa,0,2025-07-23
273024,370360,12.0,Alfred Initial Transport,VEHICLE_TRANSPORTATION,55663.0,2025-07-23 08:59:47.202000-05:00,2025-07-23 10:17:00-05:00,2025-07-23 11:50:00-05:00,10500,,2025-07-23 08:59:47.135000-05:00,2025-07-23 10:30:00-05:00,B2B,79299.0,COMPLETED,608.0,POINT (-74.0677331 4.6225234),146499.0,POINT (-74.0510324 4.6570075),149,16797.0,POINT (-74.118284 4.7485876),casa,0,2025-07-23
273027,370363,12.0,Alfred Initial Transport,VEHICLE_TRANSPORTATION,55663.0,2025-07-23 09:04:10.758000-05:00,2025-07-23 09:24:00-05:00,2025-07-23 10:13:00-05:00,12077,,2025-07-23 09:04:10.664000-05:00,2025-07-23 10:00:00-05:00,B2B,31482.0,COMPLETED,118438.0,POINT (-76.534835 3.4550312),43815.0,POINT (-76.5062106 3.5024871),1004,19281.0,POINT (-76.5468388 3.4090961),Apartamento,0,2025-07-23
273029,370365,12.0,Alfred Initial Transport,VEHICLE_TRANSPORTATION,55663.0,2025-07-23 09:04:42.065000-05:00,2025-07-23 15:39:00-05:00,2025-07-23 16:46:00-05:00,12077,,2025-07-23 09:04:42.004000-05:00,2025-07-23 16:30:00-05:00,B2B,31482.0,COMPLETED,43815.0,POINT (-76.5062106 3.5024871),118438.0,POINT (-76.534835 3.4550312),1004,19281.0,POINT (-76.5468388 3.4090961),Apartamento,0,2025-07-23
273030,370366,12.0,Alfred Initial Transport,VEHICLE_TRANSPORTATION,55663.0,2025-07-23 09:06:21.738000-05:00,2025-07-23 09:08:00-05:00,2025-07-23 10:54:00-05:00,70424,,2025-07-23 09:06:21.672000-05:00,2025-07-23 10:30:00-05:00,B2B,72887.0,COMPLETED,146503.0,POINT (-75.5682321 6.1936709),4852.0,POINT (-75.56991479999999 6.2276503),1,126965.0,POINT (-75.560277 6.340593500000001),Casa,0,2025-07-23
273032,370368,12.0,Alfred Initial Transport,VEHICLE_TRANSPORTATION,55663.0,2025-07-23 09:06:52.398000-05:00,2025-07-23 15:27:00-05:00,2025-07-23 17:37:00-05:00,5455,,2025-07-23 09:06:52.335000-05:00,2025-07-23 16:30:00-05:00,B2B,72887.0,COMPLETED,4852.0,POINT (-75.56991479999999 6.2276503),146503.0,POINT (-75.5682321 6.1936709),1,10331.0,POINT (-75.5568613 6.278588999999999),Casa,0,2025-07-23
273037,370373,12.0,Alfred Initial Transport,VEHICLE_TRANSPORTATION,55663.0,2025-07-23 09:13:32.144000-05:00,2025-07-23 13:04:00-05:00,2025-07-23 14:10:00-05:00,211,,2025-07-23 09:13:32.074000-05:00,2025-07-23 13:00:00-05:00,B2B,76245.0,COMPLETED,3325.0,POINT (-74.06386971473694 4.709362767211348),145766.0,POINT (-74.049939 4.665674000000001),149,56465.0,POINT (-74.0877144 4.7271318),Casa,0,2025-07-23
273056,370392,12.0,Alfred Initial Transport,VEHICLE_TRANSPORTATION,55663.0,2025-07-23 09:43:52.127000-05:00,2025-07-23 09:51:00-05:00,2025-07-23 11:24:00-05:00,2306,,2025-07-23 09:43:52.063000-05:00,2025-07-23 10:00:00-05:00,B2B,65219.0,COMPLETED,87961.0,POINT (-76.54677579999999 3.3968853),130077.0,POINT (-76.5430469 3.451916499999999),1004,109102.0,POINT (-76.5710842 3.406073),Alfred,0,2025-07-23
273076,370412,12.0,Alfred Initial Transport,VEHICLE_TRANSPORTATION,55663.0,2025-07-23 10:34:42.548000-05:00,2025-07-23 15:01:00-05:00,2025-07-23 17:03:00-05:00,20111,,2025-07-23 10:34:42.477000-05:00,2025-07-23 16:00:00-05:00,B2B,57949.0,COMPLETED,7485.0,POINT (-75.55127643988114 6.2398819767722795),146520.0,POINT (-75.57792309999999 6.1880647),1,25905.0,POINT (-75.594906 6.190818699999999),Apto,0,2025-07-23
273078,370414,12.0,Alfred Initial Transport,VEHICLE_TRANSPORTATION,49485.0,2025-07-23 10:35:29.388000-05:00,2025-07-23 15:27:00-05:00,2025-07-23 17:51:00-05:00,2036,,2025-07-23 10:35:29.321000-05:00,2025-07-23 16:30:00-05:00,B2B,66033.0,COMPLETED,123209.0,POINT (-75.5992053 6.1666568),123208.0,POINT (-75.5870709 6.262440300000001),1,55748.0,POINT (-75.55748439999999 6.252939599999999),Apartamento,0,2025-07-23
273095,370432,2.0,Alfred Transport,VEHICLE_TRANSPORTATION,80663.0,2025-07-23 10:53:09.407000-05:00,2025-07-23 10:56:00-05:00,2025-07-23 12:13:00-05:00,31857,,2025-07-23 10:53:09.375000-05:00,2025-07-23 11:00:00-05:00,B2B,72887.0,COMPLETED,137062.0,POINT (-75.43770470000001 6.1771331),4870.0,POINT (-75.56977909999999 6.2277346),1,44375.0,POINT (-75.58290559999999 6.155980599999999),Apto,0,2025-07-23
273098,370435,12.0,Alfred Initial Transport,VEHICLE_TRANSPORTATION,55663.0,2025-07-23 10:56:18.050000-05:00,2025-07-23 13:05:00-05:00,2025-07-23 14:34:00-05:00,31857,,2025-07-23 10:56:17.904000-05:00,2025-07-23 14:00:00-05:00,B2B,37441.0,COMPLETED,4849.0,POINT (-75.5697983 6.227549600000001),35143.0,POINT (-75.5579078 6.182968499999999),1,44375.0,POINT (-75.58290559999999 6.155980599999999),Apto,0,2025-07-23
273112,370450,12.0,Alfred Initial Transport,VEHICLE_TRANSPORTATION,55663.0,2025-07-23 11:22:36.929000-05:00,2025-07-23 13:57:00-05:00,2025-07-23 14:40:00-05:00,69860,,2025-07-23 11:22:36.869000-05:00,2025-07-23 14:00:00-05:00,B2B,55818.0,COMPLETED,10.0,POINT (-74.075015 4.69416),146532.0,POINT (-74.0331042 4.694174299999999),149,125736.0,POINT (-74.0313506 4.7138433),Apartamento,0,2025-07-23
273114,370452,12.0,Alfred Initial Transport,VEHICLE_TRANSPORTATION,52988.0,2025-07-23 11:26:11.892000-05:00,2025-07-23 16:30:00-05:00,2025-07-23 18:27:00-05:00,2331,,2025-07-23 11:26:11.820000-05:00,2025-07-23 16:30:00-05:00,B2B,35498.0,COMPLETED,1488.0,POINT (-74.10500789999999 4.6304576),146533.0,POINT (-74.048563 4.6918472),149,56572.0,POINT (-74.2240796 4.5898388),Casa,0,2025-07-23
273126,370467,12.0,Alfred Initial Transport,VEHICLE_TRANSPORTATION,55663.0,2025-07-23 11:46:14.919000-05:00,2025-07-23 14:47:00-05:00,2025-07-23 16:21:00-05:00,72680,,2025-07-23 11:46:14.724000-05:00,2025-07-23 16:30:00-05:00,B2B,27339.0,COMPLETED,5538.0,POINT (-76.54655509999999 3.3958981937481387),55927.0,POINT (-76.5371165 3.454749599999999),1004,132403.0,POINT (-76.4651154 3.4282175),Casa,0,2025-07-23
273128,370470,12.0,Alfred Initial Transport,VEHICLE_TRANSPORTATION,65004.0,2025-07-23 11:54:30.385000-05:00,2025-07-23 14:21:00-05:00,2025-07-23 15:26:00-05:00,69861,,2025-07-23 11:54:30.327000-05:00,2025-07-23 14:30:00-05:00,B2B,65847.0,COMPLETED,113944.0,POINT (-74.07620949999999 4.6931322),129422.0,POINT (-74.0520835 4.7129026),149,125737.0,POINT (-74.18022189999999 4.624224),Apartamento,0,2025-07-23
273139,370481,12.0,Alfred Initial Transport,VEHICLE_TRANSPORTATION,52988.0,2025-07-23 12:07:47.634000-05:00,2025-07-23 15:28:00-05:00,2025-07-23 17:09:00-05:00,719,,2025-07-23 12:07:47.527000-05:00,2025-07-23 15:30:00-05:00,B2B,49196.0,COMPLETED,2.0,POINT (-74.028923 4.704466),146544.0,POINT (-74.078402 4.6937384),149,9575.0,POINT (-74.1474839 4.6118768),Apartamento,0,2025-07-23
273141,370483,12.0,Alfred Initial Transport,VEHICLE_TRANSPORTATION,49485.0,2025-07-23 12:15:47.012000-05:00,2025-07-23 13:47:00-05:00,2025-07-23 14:46:00-05:00,9526,,2025-07-23 12:15:46.912000-05:00,2025-07-23 14:00:00-05:00,B2B,48388.0,COMPLETED,75827.0,POINT (-76.53965687916794 3.4516627253884913),145922.0,POINT (-76.5485183 3.4483437),1004,15087.0,POINT (-76.35007879999999 3.4079059),Casa,0,2025-07-23
273149,370491,12.0,Alfred Initial Transport,VEHICLE_TRANSPORTATION,55663.0,2025-07-23 12:44:48.176000-05:00,2025-07-23 14:49:00-05:00,2025-07-23 16:29:00-05:00,68168,,2025-07-23 12:44:47.952000-05:00,2025-07-23 14:30:00-05:00,B2B,26117.0,COMPLETED,608.0,POINT (-74.0677331 4.6225234),83081.0,POINT (-74.07273339999999 4.731922999999999),149,120850.0,POINT (-74.0293686 4.7648946),Apartamento,0,2025-07-23
273151,370493,12.0,Alfred Initial Transport,VEHICLE_TRANSPORTATION,80663.0,2025-07-23 12:50:55.562000-05:00,2025-07-23 15:01:00-05:00,2025-07-23 16:23:00-05:00,70424,,2025-07-23 12:50:55.450000-05:00,2025-07-23 15:30:00-05:00,B2B,72887.0,COMPLETED,4870.0,POINT (-75.56977909999999 6.2277346),137062.0,POINT (-75.43770470000001 6.1771331),1,126965.0,POINT (-75.560277 6.340593500000001),Casa,0,2025-07-23
273156,370500,12.0,Alfred Initial Transport,VEHICLE_TRANSPORTATION,57789.0,2025-07-23 12:58:06.994000-05:00,2025-07-23 15:26:00-05:00,2025-07-23 17:00:00-05:00,10451,,2025-07-23 12:58:06.919000-05:00,2025-07-23 15:30:00-05:00,B2B,71683.0,COMPLETED,146289.0,POINT (-74.1114107 4.6443306),146288.0,POINT (-74.0384559 4.6880484),149,16688.0,POINT (-74.0202608 4.6664181),casa,0,2025-07-23
273190,370536,12.0,Alfred Initial Transport,VEHICLE_TRANSPORTATION,49485.0,2025-07-23 13:59:43.623000-05:00,2025-07-23 15:29:00-05:00,2025-07-23 18:29:00-05:00,211,,2025-07-23 13:59:43.557000-05:00,2025-07-23 16:30:00-05:00,B2B,64404.0,COMPLETED,124775.0,POINT (-74.1099777 4.6463301),146575.0,POINT (-74.0418664 4.7625944),149,56465.0,POINT (-74.0877144 4.7271318),Casa,0,2025-07-23
273203,370552,12.0,Alfred Initial Transport,VEHICLE_TRANSPORTATION,55663.0,2025-07-23 14:32:27.153000-05:00,2025-07-23 15:50:00-05:00,2025-07-23 18:19:00-05:00,10500,,2025-07-23 14:32:27.078000-05:00,2025-07-23 16:30:00-05:00,B2B,26169.0,COMPLETED,5.0,POINT (-74.051305 4.689304),146580.0,POINT (-74.05907119999999 4.7948441),149,16797.0,POINT (-74.118284 4.7485876),casa,0,2025-07-23
273246,370597,12.0,Alfred Initial Transport,VEHICLE_TRANSPORTATION,65004.0,2025-07-23 15:56:41.262000-05:00,2025-07-23 16:11:00-05:00,2025-07-23 17:58:00-05:00,69860,,2025-07-23 15:56:41.235000-05:00,2025-07-23 16:30:00-05:00,B2B,45184.0,COMPLETED,100770.0,POINT (-74.0266169 4.7225771),131221.0,POINT (-74.136066 4.6926739),149,125736.0,POINT (-74.0313506 4.7138433),Apartamento,0,2025-07-23
273261,370614,12.0,Alfred Initial Transport,VEHICLE_TRANSPORTATION,55663.0,2025-07-23 16:37:35.733000-05:00,2025-07-23 17:54:00-05:00,2025-07-23 19:27:00-05:00,68168,,2025-07-23 16:37:35.657000-05:00,2025-07-23 18:00:00-05:00,B2B,69937.0,COMPLETED,146618.0,POINT (-74.11450529999999 4.6717962),146619.0,POINT (-74.1153073 4.725164599999999),149,120850.0,POINT (-74.0293686 4.7648946),Apartamento,0,2025-07-23
273346,370701,12.0,Alfred Initial Transport,VEHICLE_TRANSPORTATION,55663.0,2025-07-24 07:37:31.450000-05:00,2025-07-24 13:14:00-05:00,2025-07-24 14:02:00-05:00,2306,,2025-07-24 07:37:31.381000-05:00,2025-07-24 13:30:00-05:00,B2B,31482.0,COMPLETED,146674.0,POINT (-76.5446055 3.455238),43815.0,POINT (-76.5062106 3.5024871),1004,109102.0,POINT (-76.5710842 3.406073),Alfred,0,2025-07-24
273347,370702,12.0,Alfred Initial Transport,VEHICLE_TRANSPORTATION,55663.0,2025-07-24 07:37:36.283000-05:00,2025-07-24 16:07:00-05:00,2025-07-24 17:05:00-05:00,2306,,2025-07-24 07:37:36.216000-05:00,2025-07-24 16:30:00-05:00,B2B,31482.0,COMPLETED,43815.0,POINT (-76.5062106 3.5024871),146675.0,POINT (-76.5446055 3.455238),1004,109102.0,POINT (-76.5710842 3.406073),Alfred,0,2025-07-24
273348,370703,12.0,Alfred Initial Transport,VEHICLE_TRANSPORTATION,80663.0,2025-07-24 07:41:09.647000-05:00,2025-07-24 10:35:00-05:00,2025-07-24 11:27:00-05:00,69861,,2025-07-24 07:41:09.575000-05:00,2025-07-24 12:00:00-05:00,B2B,30260.0,COMPLETED,146677.0,POINT (-74.0459602 4.7526023),128469.0,POINT (-74.0381205 4.8760822),149,125737.0,POINT (-74.18022189999999 4.624224),Apartamento,0,2025-07-24
273354,370709,12.0,Alfred Initial Transport,VEHICLE_TRANSPORTATION,55663.0,2025-07-24 07:56:29.296000-05:00,2025-07-24 11:26:00-05:00,2025-07-24 13:07:00-05:00,70424,,2025-07-24 07:56:29.220000-05:00,2025-07-24 12:30:00-05:00,B2B,56284.0,COMPLETED,146679.0,POINT (-75.5565657 6.2007861),28709.0,POINT (-75.5717425 6.2393756),1,126965.0,POINT (-75.560277 6.340593500000001),Casa,0,2025-07-24
273355,370710,12.0,Alfred Initial Transport,VEHICLE_TRANSPORTATION,55663.0,2025-07-24 08:00:26.283000-05:00,2025-07-24 15:39:00-05:00,2025-07-24 17:14:00-05:00,2036,,2025-07-24 08:00:26.207000-05:00,2025-07-24 17:00:00-05:00,B2B,56284.0,COMPLETED,28709.0,POINT (-75.5717425 6.2393756),146799.0,POINT (-75.5778575 6.189834699999999),1,55748.0,POINT (-75.55748439999999 6.252939599999999),Apartamento,0,2025-07-24
273366,370725,12.0,Alfred Initial Transport,VEHICLE_TRANSPORTATION,49485.0,2025-07-24 08:24:00.648000-05:00,2025-07-24 11:36:00-05:00,2025-07-24 13:46:00-05:00,211,,2025-07-24 08:24:00.584000-05:00,2025-07-24 13:00:00-05:00,B2B,57674.0,COMPLETED,1460.0,POINT (-74.1127455 4.6451826),146686.0,POINT (-74.0486265 4.6990979),149,56465.0,POINT (-74.0877144 4.7271318),Casa,0,2025-07-24
273369,370728,12.0,Alfred Initial Transport,VEHICLE_TRANSPORTATION,55663.0,2025-07-24 08:34:18.290000-05:00,2025-07-24 11:29:00-05:00,2025-07-24 12:52:00-05:00,10491,,2025-07-24 08:34:18.217000-05:00,2025-07-24 12:30:00-05:00,B2B,29476.0,COMPLETED,5038.0,POINT (-75.57009649999999 6.224776299999999),146688.0,POINT (-75.5592593 6.1926618),1,16770.0,POINT (-75.5948708 6.222133500000001),casa,0,2025-07-24
273374,370733,12.0,Alfred Initial Transport,VEHICLE_TRANSPORTATION,55663.0,2025-07-24 08:47:28.372000-05:00,2025-07-24 13:34:00-05:00,2025-07-24 15:51:00-05:00,31857,,2025-07-24 08:47:28.302000-05:00,2025-07-24 14:30:00-05:00,B2B,66477.0,COMPLETED,146693.0,POINT (-75.5859795 6.183369099999999),146694.0,POINT (-75.5746333 6.1987146),1,44375.0,POINT (-75.58290559999999 6.155980599999999),Apto,0,2025-07-24
273386,370747,12.0,Alfred Initial Transport,VEHICLE_TRANSPORTATION,55663.0,2025-07-24 09:01:34.391000-05:00,2025-07-24 11:00:00-05:00,2025-07-24 12:05:00-05:00,20269,,2025-07-24 09:01:34.311000-05:00,2025-07-24 11:00:00-05:00,B2B,31481.0,COMPLETED,43816.0,POINT (-76.5389012 3.38733),121707.0,POINT (-76.5343031 3.339496),1004,26088.0,POINT (-76.493671 3.414003),Casa,0,2025-07-24
273391,370754,12.0,Alfred Initial Transport,VEHICLE_TRANSPORTATION,55663.0,2025-07-24 09:09:02.090000-05:00,2025-07-24 12:00:00-05:00,2025-07-24 13:32:00-05:00,10451,,2025-07-24 09:09:02.027000-05:00,2025-07-24 12:00:00-05:00,B2B,55818.0,COMPLETED,10.0,POINT (-74.075015 4.69416),146218.0,POINT (-74.0418224 4.7084499),149,16688.0,POINT (-74.0202608 4.6664181),casa,0,2025-07-24
273407,370770,12.0,Alfred Initial Transport,VEHICLE_TRANSPORTATION,55663.0,2025-07-24 09:30:28.196000-05:00,2025-07-24 13:16:00-05:00,2025-07-24 15:13:00-05:00,11988,,2025-07-24 09:30:28.129000-05:00,2025-07-24 14:00:00-05:00,B2B,30265.0,COMPLETED,146711.0,POINT (-74.0664901 4.6872453),146712.0,POINT (-74.02733190000001 4.7447634),149,20721.0,POINT (-74.0286017 4.9203296),casa,0,2025-07-24
273431,370796,12.0,Alfred Initial Transport,VEHICLE_TRANSPORTATION,55663.0,2025-07-24 10:02:02.531000-05:00,2025-07-24 14:57:00-05:00,2025-07-24 18:45:00-05:00,211,,2025-07-24 10:02:02.471000-05:00,2025-07-24 16:30:00-05:00,B2B,30027.0,COMPLETED,15.0,POINT (-74.065413 4.759951),146372.0,POINT (-74.112476 4.663395400000001),149,56465.0,POINT (-74.0877144 4.7271318),Casa,0,2025-07-24
273440,370805,12.0,Alfred Initial Transport,VEHICLE_TRANSPORTATION,52440.0,2025-07-24 10:10:16.127000-05:00,2025-07-24 12:23:00-05:00,2025-07-24 13:33:00-05:00,5455,,2025-07-24 10:10:16.054000-05:00,2025-07-24 13:00:00-05:00,B2B,25806.0,COMPLETED,117291.0,POINT (-75.5700854 6.2310458),128406.0,POINT (-75.6248174 6.1496492),1,10331.0,POINT (-75.5568613 6.278588999999999),Casa,0,2025-07-24
273447,370812,12.0,Alfred Initial Transport,VEHICLE_TRANSPORTATION,55663.0,2025-07-24 10:20:23.773000-05:00,2025-07-24 16:28:00-05:00,2025-07-24 18:02:00-05:00,5832,,2025-07-24 10:20:23.713000-05:00,2025-07-24 16:30:00-05:00,B2B,30027.0,COMPLETED,15.0,POINT (-74.065413 4.759951),87409.0,POINT (-74.0389859 4.7560508),149,98373.0,POINT (-74.0805306 4.755374499999999),casa,0,2025-07-24
273448,370813,12.0,Alfred Initial Transport,VEHICLE_TRANSPORTATION,55663.0,2025-07-24 10:22:53.322000-05:00,2025-07-24 13:57:00-05:00,2025-07-24 15:09:00-05:00,5366,,2025-07-24 10:22:53.259000-05:00,2025-07-24 14:00:00-05:00,B2B,31423.0,COMPLETED,17793.0,POINT (-74.05576889999999 4.712595600000001),146726.0,POINT (-74.0533063 4.6943025),149,93651.0,POINT (-74.08878779999999 4.7315578),ALFRED,0,2025-07-24
273449,370814,12.0,Alfred Initial Transport,VEHICLE_TRANSPORTATION,57789.0,2025-07-24 10:28:05.255000-05:00,2025-07-24 13:01:00-05:00,2025-07-24 15:42:00-05:00,14946,,2025-07-24 10:28:05.146000-05:00,2025-07-24 14:00:00-05:00,B2B,70077.0,COMPLETED,146728.0,POINT (-74.7890159 11.0112036),146729.0,POINT (-74.7725664 10.9745815),126,56474.0,POINT (-74.79419462825471 10.906019892143393),Casa,0,2025-07-24
273450,370815,12.0,Alfred Initial Transport,VEHICLE_TRANSPORTATION,55663.0,2025-07-24 10:28:19.205000-05:00,2025-07-24 10:34:00-05:00,2025-07-24 11:32:00-05:00,12077,,2025-07-24 10:28:19.125000-05:00,2025-07-24 11:00:00-05:00,B2B,31482.0,COMPLETED,43815.0,POINT (-76.5062106 3.5024871),77842.0,POINT (-76.49631049999999 3.4822738),1004,19281.0,POINT (-76.5468388 3.4090961),Apartamento,0,2025-07-24
273451,370816,12.0,Alfred Initial Transport,VEHICLE_TRANSPORTATION,55663.0,2025-07-24 10:28:35.351000-05:00,2025-07-24 11:23:00-05:00,2025-07-24 13:16:00-05:00,11988,,2025-07-24 10:28:35.251000-05:00,2025-07-24 12:00:00-05:00,B2B,79198.0,COMPLETED,10.0,POINT (-74.075015 4.69416),146730.0,POINT (-74.0548955 4.6431802),149,20721.0,POINT (-74.0286017 4.9203296),casa,0,2025-07-24
273455,370820,12.0,Alfred Initial Transport,VEHICLE_TRANSPORTATION,52988.0,2025-07-24 10:31:36.974000-05:00,2025-07-24 14:33:00-05:00,2025-07-24 18:06:00-05:00,6229,,2025-07-24 10:31:36.863000-05:00,2025-07-24 16:30:00-05:00,B2B,35498.0,COMPLETED,1488.0,POINT (-74.10500789999999 4.6304576),145135.0,POINT (-74.1234181 4.662723),149,11727.0,POINT (-74.0583698 4.6510839),Casa,0,2025-07-24
273458,370823,12.0,Alfred Initial Transport,VEHICLE_TRANSPORTATION,55663.0,2025-07-24 10:36:16.859000-05:00,2025-07-24 13:25:00-05:00,2025-07-24 15:18:00-05:00,12077,,2025-07-24 10:36:16.796000-05:00,2025-07-24 15:00:00-05:00,B2B,31482.0,COMPLETED,43815.0,POINT (-76.5062106 3.5024871),81583.0,POINT (-76.5261297 3.4532275),1004,19281.0,POINT (-76.5468388 3.4090961),Apartamento,0,2025-07-24
273460,370825,12.0,Alfred Initial Transport,VEHICLE_TRANSPORTATION,55663.0,2025-07-24 10:37:09.854000-05:00,2025-07-24 15:34:00-05:00,2025-07-24 16:50:00-05:00,14671,,2025-07-24 10:37:09.796000-05:00,2025-07-24 16:30:00-05:00,B2B,31425.0,COMPLETED,17793.0,POINT (-74.05576889999999 4.712595600000001),145372.0,POINT (-74.0494533 4.6876904),149,23068.0,POINT (-74.1122312 4.7384985),Casa,0,2025-07-24
273467,370834,12.0,Alfred Initial Transport,VEHICLE_TRANSPORTATION,55663.0,2025-07-24 10:44:25.468000-05:00,2025-07-24 13:24:00-05:00,2025-07-24 14:07:00-05:00,6229,,2025-07-24 10:44:25.406000-05:00,2025-07-24 14:00:00-05:00,B2B,27319.0,COMPLETED,18702.0,POINT (-74.1103095 4.6459248),6814.0,POINT (-74.1098914 4.629117399999999),149,11727.0,POINT (-74.0583698 4.6510839),Casa,0,2025-07-24
273495,370865,12.0,Alfred Initial Transport,VEHICLE_TRANSPORTATION,55663.0,2025-07-24 11:26:02.374000-05:00,2025-07-24 13:42:00-05:00,2025-07-24 13:59:00-05:00,719,,2025-07-24 11:26:02.302000-05:00,2025-07-24 14:00:00-05:00,B2B,35434.0,FAILED,49283.0,POINT (-74.0301497 4.6980723),25894.0,POINT (-74.0451975 4.747778600000001),149,9575.0,POINT (-74.1474839 4.6118768),Apartamento,0,2025-07-24
273507,370879,12.0,Alfred Initial Transport,VEHICLE_TRANSPORTATION,57789.0,2025-07-24 11:49:41.286000-05:00,2025-07-24 15:57:00-05:00,,10451,,2025-07-24 11:49:41.205000-05:00,2025-07-24 16:30:00-05:00,B2B,67573.0,FAILED,146761.0,POINT (-74.058639 4.673098199999999),146762.0,POINT (-74.0766483 4.660067300000001),149,16688.0,POINT (-74.0202608 4.6664181),casa,0,2025-07-24
273518,370890,12.0,Alfred Initial Transport,VEHICLE_TRANSPORTATION,49485.0,2025-07-24 12:05:14.676000-05:00,2025-07-24 17:07:00-05:00,2025-07-24 18:49:00-05:00,10500,,2025-07-24 12:05:14.608000-05:00,2025-07-24 16:30:00-05:00,B2B,64404.0,COMPLETED,146190.0,POINT (-74.1099777 4.6463301),146189.0,POINT (-74.06653469999999 4.6594599),149,16797.0,POINT (-74.118284 4.7485876),casa,0,2025-07-24
273522,370894,12.0,Alfred Initial Transport,VEHICLE_TRANSPORTATION,49485.0,2025-07-24 12:07:54.888000-05:00,2025-07-24 17:45:00-05:00,2025-07-24 19:02:00-05:00,70934,,2025-07-24 12:07:54.756000-05:00,2025-07-24 17:00:00-05:00,B2B,64404.0,COMPLETED,146414.0,POINT (-74.1099777 4.6463301),85058.0,POINT (-74.1546876 4.655475899999999),149,128219.0,POINT (-74.19197489999999 4.6331451),Casa,0,2025-07-24
273542,370917,12.0,Alfred Initial Transport,VEHICLE_TRANSPORTATION,65004.0,2025-07-24 12:43:35.717000-05:00,2025-07-24 13:00:00-05:00,2025-07-24 14:40:00-05:00,68168,,2025-07-24 12:43:35.648000-05:00,2025-07-24 13:00:00-05:00,B2B,77112.0,COMPLETED,142056.0,POINT (-74.1226101 4.652943),145788.0,POINT (-74.0420354 4.7194993),149,120850.0,POINT (-74.0293686 4.7648946),Apartamento,0,2025-07-24
273547,370922,12.0,Alfred Initial Transport,VEHICLE_TRANSPORTATION,55663.0,2025-07-24 12:48:17.083000-05:00,2025-07-24 17:04:00-05:00,2025-07-24 18:01:00-05:00,69860,,2025-07-24 12:48:17.024000-05:00,2025-07-24 17:30:00-05:00,B2B,30027.0,COMPLETED,15.0,POINT (-74.065413 4.759951),113189.0,POINT (-74.0540475 4.6897413),149,125736.0,POINT (-74.0313506 4.7138433),Apartamento,0,2025-07-24
273562,370941,12.0,Alfred Initial Transport,VEHICLE_TRANSPORTATION,65004.0,2025-07-24 13:11:29.416000-05:00,2025-07-24 14:30:00-05:00,2025-07-24 16:23:00-05:00,10500,,2025-07-24 13:11:29.357000-05:00,2025-07-24 14:30:00-05:00,B2B,65847.0,COMPLETED,113944.0,POINT (-74.07620949999999 4.6931322),114416.0,POINT (-74.1025176 4.623611599999999),149,16797.0,POINT (-74.118284 4.7485876),casa,0,2025-07-24
273593,370972,12.0,Alfred Initial Transport,VEHICLE_TRANSPORTATION,55663.0,2025-07-24 14:12:14.282000-05:00,2025-07-24 15:46:00-05:00,2025-07-24 16:54:00-05:00,72680,,2025-07-24 14:12:14.149000-05:00,2025-07-24 17:00:00-05:00,B2B,31479.0,COMPLETED,43816.0,POINT (-76.5389012 3.38733),146516.0,POINT (-76.5541276 3.4108877),1004,132403.0,POINT (-76.4651154 3.4282175),Casa,0,2025-07-24
273625,371000,12.0,Alfred Initial Transport,VEHICLE_TRANSPORTATION,55663.0,2025-07-24 15:08:56.199000-05:00,2025-07-24 16:35:00-05:00,2025-07-24 17:40:00-05:00,6412,,2025-07-24 15:08:56.135000-05:00,2025-07-24 17:00:00-05:00,B2B,30027.0,COMPLETED,138729.0,POINT (-73.1388814 7.086310699999999),146809.0,POINT (-73.1133522 7.064908600000001),844,12312.0,POINT (-73.1037471 7.0910492),Apartamento,0,2025-07-24
273638,371015,12.0,Alfred Initial Transport,VEHICLE_TRANSPORTATION,52988.0,2025-07-24 15:39:37.790000-05:00,2025-07-24 17:53:00-05:00,2025-07-24 19:32:00-05:00,14671,,2025-07-24 15:39:37.724000-05:00,2025-07-24 18:30:00-05:00,B2B,21591.0,COMPLETED,2.0,POINT (-74.028923 4.704466),146337.0,POINT (-74.0502121 4.6600579),149,23068.0,POINT (-74.1122312 4.7384985),Casa,0,2025-07-24
273662,371039,12.0,Alfred Initial Transport,VEHICLE_TRANSPORTATION,55663.0,2025-07-24 16:22:54.110000-05:00,2025-07-24 18:00:00-05:00,2025-07-24 20:06:00-05:00,10449,,2025-07-24 16:22:54.036000-05:00,2025-07-24 18:30:00-05:00,B2B,69937.0,COMPLETED,146087.0,POINT (-74.11402149999999 4.6720214),146086.0,POINT (-74.03105649999999 4.6849537),149,16682.0,POINT (-74.1691584 4.6514129),casa,0,2025-07-24
273763,371148,12.0,Alfred Initial Transport,VEHICLE_TRANSPORTATION,52988.0,2025-07-25 07:19:16.149000-05:00,2025-07-25 11:03:00-05:00,2025-07-25 12:50:00-05:00,14671,,2025-07-25 07:19:16.074000-05:00,2025-07-25 11:30:00-05:00,B2B,49196.0,COMPLETED,2.0,POINT (-74.028923 4.704466),146886.0,POINT (-74.0684034 4.7575767),149,23068.0,POINT (-74.1122312 4.7384985),Casa,0,2025-07-25
273779,371166,12.0,Alfred Initial Transport,VEHICLE_TRANSPORTATION,55663.0,2025-07-25 08:05:11.525000-05:00,2025-07-25 11:24:00-05:00,2025-07-25 13:45:00-05:00,5832,,2025-07-25 08:05:11.448000-05:00,2025-07-25 11:30:00-05:00,B2B,79299.0,COMPLETED,608.0,POINT (-74.0677331 4.6225234),146854.0,POINT (-74.1389267 4.625952),149,98373.0,POINT (-74.0805306 4.755374499999999),casa,0,2025-07-25
273783,371172,12.0,Alfred Initial Transport,VEHICLE_TRANSPORTATION,49485.0,2025-07-25 08:13:14.947000-05:00,2025-07-25 08:37:00-05:00,2025-07-25 10:04:00-05:00,12077,,2025-07-25 08:13:14.878000-05:00,2025-07-25 10:00:00-05:00,B2B,67756.0,COMPLETED,119945.0,POINT (-76.5288255 3.4724274),75827.0,POINT (-76.53965687916794 3.4516627253884913),1004,19281.0,POINT (-76.5468388 3.4090961),Apartamento,0,2025-07-25
273796,371187,12.0,Alfred Initial Transport,VEHICLE_TRANSPORTATION,55663.0,2025-07-25 08:30:00.087000-05:00,2025-07-25 09:54:00-05:00,2025-07-25 10:39:00-05:00,10491,,2025-07-25 08:30:00.023000-05:00,2025-07-25 10:30:00-05:00,B2B,72887.0,COMPLETED,4870.0,POINT (-75.56977909999999 6.2277346),146605.0,POINT (-75.5840602 6.2395938),1,16770.0,POINT (-75.5948708 6.222133500000001),casa,0,2025-07-25
273797,371188,12.0,Alfred Initial Transport,VEHICLE_TRANSPORTATION,49485.0,2025-07-25 08:32:15.230000-05:00,2025-07-25 16:47:00-05:00,2025-07-25 21:52:00-05:00,719,,2025-07-25 08:32:15.069000-05:00,2025-07-25 16:30:00-05:00,B2B,64404.0,COMPLETED,33851.0,POINT (-74.06467649999999 4.7610987),146898.0,POINT (-74.13507539999999 4.6744508),149,9575.0,POINT (-74.1474839 4.6118768),Apartamento,0,2025-07-25
273802,371193,12.0,Alfred Initial Transport,VEHICLE_TRANSPORTATION,49485.0,2025-07-25 08:40:53.746000-05:00,2025-07-25 09:36:00-05:00,2025-07-25 11:58:00-05:00,72680,,2025-07-25 08:40:53.673000-05:00,2025-07-25 11:00:00-05:00,B2B,48388.0,COMPLETED,75827.0,POINT (-76.53965687916794 3.4516627253884913),106957.0,POINT (-76.5134345 3.412815),1004,132403.0,POINT (-76.4651154 3.4282175),Casa,0,2025-07-25
273817,371209,12.0,Alfred Initial Transport,VEHICLE_TRANSPORTATION,55663.0,2025-07-25 08:57:28.700000-05:00,2025-07-25 11:17:00-05:00,2025-07-25 13:14:00-05:00,10500,,2025-07-25 08:57:28.629000-05:00,2025-07-25 12:00:00-05:00,B2B,69937.0,COMPLETED,146911.0,POINT (-74.11450529999999 4.6717962),146912.0,POINT (-74.1523429 4.6125),149,16797.0,POINT (-74.118284 4.7485876),casa,0,2025-07-25
273820,371212,12.0,Alfred Initial Transport,VEHICLE_TRANSPORTATION,49485.0,2025-07-25 09:02:52.672000-05:00,2025-07-25 13:04:00-05:00,2025-07-25 14:09:00-05:00,20111,,2025-07-25 09:02:52.552000-05:00,2025-07-25 14:01:00-05:00,B2B,73716.0,FAILED,144839.0,POINT (-75.5992053 6.1666568),144838.0,POINT (-75.3771287 6.1519581),1,25905.0,POINT (-75.594906 6.190818699999999),Apto,0,2025-07-25
273831,371223,12.0,Alfred Initial Transport,VEHICLE_TRANSPORTATION,55663.0,2025-07-25 09:18:31.784000-05:00,2025-07-25 12:12:00-05:00,2025-07-25 13:17:00-05:00,10449,,2025-07-25 09:18:31.698000-05:00,2025-07-25 12:30:00-05:00,B2B,27319.0,COMPLETED,69445.0,POINT (-74.10234849999999 4.6208684),18702.0,POINT (-74.1103095 4.6459248),149,16682.0,POINT (-74.1691584 4.6514129),casa,0,2025-07-25
273843,371235,12.0,Alfred Initial Transport,VEHICLE_TRANSPORTATION,52988.0,2025-07-25 09:34:20.587000-05:00,2025-07-25 15:10:00-05:00,2025-07-25 17:00:00-05:00,20111,,2025-07-25 09:34:20.520000-05:00,2025-07-25 15:30:00-05:00,B2B,26430.0,COMPLETED,1606.0,POINT (-75.57438254356384 6.2283712162642235),145170.0,POINT (-75.5627047 6.199831100000001),1,25905.0,POINT (-75.594906 6.190818699999999),Apto,0,2025-07-25
273846,371238,12.0,Alfred Initial Transport,VEHICLE_TRANSPORTATION,55663.0,2025-07-25 09:41:02.027000-05:00,2025-07-25 13:46:00-05:00,2025-07-25 14:39:00-05:00,6412,,2025-07-25 09:41:01.953000-05:00,2025-07-25 14:30:00-05:00,B2B,30027.0,COMPLETED,138729.0,POINT (-73.1388814 7.086310699999999),43317.0,POINT (-73.1160807 7.116271499999999),844,12312.0,POINT (-73.1037471 7.0910492),Apartamento,0,2025-07-25
273873,371268,12.0,Alfred Initial Transport,VEHICLE_TRANSPORTATION,55663.0,2025-07-25 10:13:49.828000-05:00,2025-07-25 13:58:00-05:00,2025-07-25 15:22:00-05:00,71852,,2025-07-25 10:13:49.615000-05:00,2025-07-25 14:00:00-05:00,B2B,31282.0,COMPLETED,146933.0,POINT (-74.842252 11.0028609),146934.0,POINT (-74.8038483 11.0045897),126,130778.0,POINT (-74.7938234 10.9313923),Casa,0,2025-07-25
273880,371275,12.0,Alfred Initial Transport,VEHICLE_TRANSPORTATION,55663.0,2025-07-25 10:22:37.341000-05:00,2025-07-25 11:21:00-05:00,2025-07-25 14:41:00-05:00,6229,,2025-07-25 10:22:37.266000-05:00,2025-07-25 12:30:00-05:00,B2B,35790.0,COMPLETED,56670.0,POINT (-74.0759589 4.6943313),146937.0,POINT (-74.14046580000002 4.642122000000001),149,11727.0,POINT (-74.0583698 4.6510839),Casa,0,2025-07-25
273899,371294,12.0,Alfred Initial Transport,VEHICLE_TRANSPORTATION,55663.0,2025-07-25 10:40:09.522000-05:00,2025-07-25 11:13:00-05:00,2025-07-25 12:06:00-05:00,10491,,2025-07-25 10:40:09.446000-05:00,2025-07-25 13:30:00-05:00,B2B,72887.0,COMPLETED,4852.0,POINT (-75.56991479999999 6.2276503),146945.0,POINT (-75.5737961 6.2109645),1,16770.0,POINT (-75.5948708 6.222133500000001),casa,0,2025-07-25
273907,371303,12.0,Alfred Initial Transport,VEHICLE_TRANSPORTATION,55663.0,2025-07-25 10:56:27.966000-05:00,2025-07-25 14:25:00-05:00,2025-07-25 15:48:00-05:00,2331,,2025-07-25 10:56:27.902000-05:00,2025-07-25 15:30:00-05:00,B2B,55818.0,COMPLETED,10.0,POINT (-74.075015 4.69416),146552.0,POINT (-74.07522019999999 4.7264019),149,56572.0,POINT (-74.2240796 4.5898388),Casa,0,2025-07-25
273909,371305,12.0,Alfred Initial Transport,VEHICLE_TRANSPORTATION,55663.0,2025-07-25 10:58:54.459000-05:00,2025-07-25 15:19:00-05:00,2025-07-25 16:42:00-05:00,10491,,2025-07-25 10:58:54.387000-05:00,2025-07-25 16:00:00-05:00,B2B,72887.0,COMPLETED,4870.0,POINT (-75.56977909999999 6.2277346),146076.0,POINT (-75.58956529999999 6.2658249),1,16770.0,POINT (-75.5948708 6.222133500000001),casa,0,2025-07-25
273914,371310,12.0,Alfred Initial Transport,VEHICLE_TRANSPORTATION,55663.0,2025-07-25 11:05:57.136000-05:00,2025-07-25 14:58:00-05:00,2025-07-25 16:18:00-05:00,70934,,2025-07-25 11:05:57.047000-05:00,2025-07-25 15:00:00-05:00,B2B,78676.0,COMPLETED,146951.0,POINT (-74.064728 4.760103),146952.0,POINT (-74.0545204 4.656851699999999),149,128219.0,POINT (-74.19197489999999 4.6331451),Casa,0,2025-07-25
273916,371312,12.0,Alfred Initial Transport,VEHICLE_TRANSPORTATION,55663.0,2025-07-25 11:13:57-05:00,2025-07-25 13:15:00-05:00,2025-07-25 16:22:00-05:00,11714,,2025-07-25 11:13:56.924000-05:00,2025-07-25 15:00:00-05:00,B2B,30027.0,COMPLETED,15.0,POINT (-74.065413 4.759951),146955.0,POINT (-74.0512653 4.6771874),149,18448.0,POINT (-74.2377623 4.564346899999999),casa,0,2025-07-25
273919,371315,12.0,Alfred Initial Transport,VEHICLE_TRANSPORTATION,57789.0,2025-07-25 11:17:19.288000-05:00,2025-07-25 11:31:00-05:00,2025-07-25 12:51:00-05:00,26834,,2025-07-25 11:17:19.161000-05:00,2025-07-25 12:00:00-05:00,B2B,71684.0,COMPLETED,146315.0,POINT (-76.5465835 3.3958863),146314.0,POINT (-76.5648878 3.4081606),1004,71101.0,POINT (-76.4876642 3.455582),Casa,0,2025-07-25
273939,371338,12.0,Alfred Initial Transport,VEHICLE_TRANSPORTATION,55663.0,2025-07-25 11:42:59.503000-05:00,2025-07-25 14:59:00-05:00,2025-07-25 16:23:00-05:00,10500,,2025-07-25 11:42:59.356000-05:00,2025-07-25 15:00:00-05:00,B2B,68221.0,COMPLETED,10.0,POINT (-74.075015 4.69416),146083.0,POINT (-74.05423619999999 4.6643439),149,16797.0,POINT (-74.118284 4.7485876),casa,0,2025-07-25
273950,371494,12.0,Alfred Initial Transport,VEHICLE_TRANSPORTATION,57789.0,2025-07-25 15:08:37.561000-05:00,2025-07-25 15:57:52-05:00,2025-07-25 17:47:23-05:00,68168,,2025-07-25 11:59:38.174000-05:00,2025-07-25 12:00:00-05:00,B2B,70093.0,IN_PROGRESS,79774.0,POINT (-74.07671169999999 4.653301700000001),136504.0,POINT (-74.0333696 4.7260423),149,120850.0,POINT (-74.0293686 4.7648946),Apartamento,0,2025-07-25
273959,371359,12.0,Alfred Initial Transport,VEHICLE_TRANSPORTATION,55663.0,2025-07-25 12:10:28.246000-05:00,2025-07-25 16:23:00-05:00,2025-07-25 18:34:00-05:00,11714,,2025-07-25 12:10:28.178000-05:00,2025-07-25 17:00:00-05:00,B2B,34504.0,COMPLETED,10.0,POINT (-74.075015 4.69416),146964.0,POINT (-74.0846631 4.6521325),149,18448.0,POINT (-74.2377623 4.564346899999999),casa,0,2025-07-25
273976,371378,12.0,Alfred Initial Transport,VEHICLE_TRANSPORTATION,55663.0,2025-07-25 12:25:48.811000-05:00,2025-07-25 17:20:00-05:00,2025-07-25 19:15:00-05:00,70934,,2025-07-25 12:25:48.745000-05:00,2025-07-25 17:30:00-05:00,B2B,69937.0,COMPLETED,146967.0,POINT (-74.11450529999999 4.6717962),145666.0,POINT (-74.1552792 4.5835218),149,128219.0,POINT (-74.19197489999999 4.6331451),Casa,0,2025-07-25
273996,371397,12.0,Alfred Initial Transport,VEHICLE_TRANSPORTATION,55663.0,2025-07-25 13:00:34.749000-05:00,2025-07-25 15:55:00-05:00,2025-07-25 17:12:00-05:00,5832,,2025-07-25 13:00:34.685000-05:00,2025-07-25 16:00:00-05:00,B2B,31423.0,COMPLETED,17793.0,POINT (-74.05576889999999 4.712595600000001),146556.0,POINT (-74.08613989999999 4.701102),149,98373.0,POINT (-74.0805306 4.755374499999999),casa,0,2025-07-25
274007,371409,12.0,Alfred Initial Transport,VEHICLE_TRANSPORTATION,55663.0,2025-07-25 13:15:21.854000-05:00,2025-07-25 16:30:00-05:00,2025-07-25 18:33:00-05:00,10449,,2025-07-25 13:15:21.782000-05:00,2025-07-25 17:00:00-05:00,B2B,57985.0,COMPLETED,28798.0,POINT (-74.08720430000001 4.6760977),146984.0,POINT (-74.04265819999999 4.708773599999999),149,16682.0,POINT (-74.1691584 4.6514129),casa,0,2025-07-25
274014,371416,12.0,Alfred Initial Transport,VEHICLE_TRANSPORTATION,77988.0,2025-07-25 13:23:06.810000-05:00,2025-07-25 15:32:00-05:00,2025-07-25 17:19:00-05:00,6412,,2025-07-25 13:23:06.735000-05:00,2025-07-25 16:30:00-05:00,B2B,35163.0,COMPLETED,97708.0,POINT (-73.1134749 7.1084515),97709.0,POINT (-73.1246665 7.0325719),844,12312.0,POINT (-73.1037471 7.0910492),Apartamento,0,2025-07-25
274020,371422,12.0,Alfred Initial Transport,VEHICLE_TRANSPORTATION,49485.0,2025-07-25 13:26:53.717000-05:00,2025-07-25 14:29:00-05:00,2025-07-25 15:23:00-05:00,10449,,2025-07-25 13:26:53.645000-05:00,2025-07-25 15:00:00-05:00,B2B,66701.0,COMPLETED,1460.0,POINT (-74.1127455 4.6451826),146988.0,POINT (-74.1217802 4.6467769),149,16682.0,POINT (-74.1691584 4.6514129),casa,0,2025-07-25
274049,371451,12.0,Alfred Initial Transport,VEHICLE_TRANSPORTATION,55663.0,2025-07-25 14:13:14.240000-05:00,2025-07-25 15:53:00-05:00,2025-07-25 17:20:00-05:00,5366,,2025-07-25 14:13:14.178000-05:00,2025-07-25 16:00:00-05:00,B2B,66600.0,COMPLETED,146378.0,POINT (-74.0664901 4.6872453),146377.0,POINT (-74.0638178 4.739055899999999),149,93651.0,POINT (-74.08878779999999 4.7315578),ALFRED,0,2025-07-25
274066,371468,12.0,Alfred Initial Transport,VEHICLE_TRANSPORTATION,52988.0,2025-07-25 14:42:02.920000-05:00,2025-07-25 15:27:00-05:00,2025-07-25 17:37:00-05:00,14671,,2025-07-25 14:42:02.846000-05:00,2025-07-25 16:00:00-05:00,B2B,49196.0,COMPLETED,2.0,POINT (-74.028923 4.704466),146356.0,POINT (-74.06156179999999 4.6927176),149,23068.0,POINT (-74.1122312 4.7384985),Casa,0,2025-07-25
274082,371485,12.0,Alfred Initial Transport,VEHICLE_TRANSPORTATION,55663.0,2025-07-25 14:56:50.187000-05:00,2025-07-25 16:59:00-05:00,2025-07-25 17:43:00-05:00,10500,,2025-07-25 14:56:50.117000-05:00,2025-07-25 17:00:00-05:00,B2B,31226.0,FAILED,17793.0,POINT (-74.05576889999999 4.712595600000001),147010.0,POINT (-74.0533063 4.6943025),149,16797.0,POINT (-74.118284 4.7485876),casa,0,2025-07-25
274088,371493,12.0,Alfred Initial Transport,VEHICLE_TRANSPORTATION,55663.0,2025-07-25 15:07:45.675000-05:00,2025-07-25 16:59:00-05:00,2025-07-25 17:08:00-05:00,31857,,2025-07-25 15:07:45.605000-05:00,2025-07-25 17:30:00-05:00,B2B,20822.0,FAILED,4849.0,POINT (-75.5697983 6.227549600000001),136279.0,POINT (-75.55747480000001 6.1977006),1,44375.0,POINT (-75.58290559999999 6.155980599999999),Apto,0,2025-07-25
274100,371506,12.0,Alfred Initial Transport,VEHICLE_TRANSPORTATION,55663.0,2025-07-25 15:35:38.550000-05:00,2025-07-25 15:37:00-05:00,2025-07-25 16:25:00-05:00,72680,,2025-07-25 15:35:38.522000-05:00,2025-07-25 15:45:00-05:00,B2B,31481.0,COMPLETED,43816.0,POINT (-76.5389012 3.38733),146355.0,POINT (-76.5170315 3.3522954),1004,132403.0,POINT (-76.4651154 3.4282175),Casa,0,2025-07-25
274108,371514,12.0,Alfred Initial Transport,VEHICLE_TRANSPORTATION,55663.0,2025-07-25 15:51:27.112000-05:00,2025-07-25 16:03:00-05:00,2025-07-25 18:14:00-05:00,70424,,2025-07-25 15:51:27.047000-05:00,2025-07-25 16:15:00-05:00,B2B,20822.0,COMPLETED,4849.0,POINT (-75.5697983 6.227549600000001),107788.0,POINT (-75.5646711 6.3419671),1,126965.0,POINT (-75.560277 6.340593500000001),Casa,0,2025-07-25
274298,371712,12.0,Alfred Initial Transport,VEHICLE_TRANSPORTATION,49485.0,2025-07-26 08:45:19.013000-05:00,2025-07-26 10:33:00-05:00,2025-07-26 12:46:00-05:00,10449,,2025-07-26 08:45:18.940000-05:00,2025-07-26 11:00:00-05:00,B2B,64404.0,COMPLETED,33856.0,POINT (-74.043407 4.744333999999999),147108.0,POINT (-74.0693725 4.7053555),149,16682.0,POINT (-74.1691584 4.6514129),casa,0,2025-07-26
274312,371728,2.0,Alfred Transport,VEHICLE_TRANSPORTATION,49485.0,2025-07-26 09:04:49.681000-05:00,2025-07-26 09:31:00-05:00,2025-07-26 09:31:00-05:00,20269,,2025-07-26 09:04:49.646000-05:00,2025-07-26 09:30:00-05:00,B2B,48388.0,COMPLETED,75827.0,POINT (-76.53965687916794 3.4516627253884913),145691.0,POINT (-76.5477258 3.4233257),1004,26088.0,POINT (-76.493671 3.414003),Casa,0,2025-07-26
274325,371742,12.0,Alfred Initial Transport,VEHICLE_TRANSPORTATION,55663.0,2025-07-26 09:22:04.827000-05:00,2025-07-26 09:24:00-05:00,2025-07-26 09:57:00-05:00,70424,,2025-07-26 09:22:04.795000-05:00,2025-07-26 09:30:00-05:00,B2B,72887.0,COMPLETED,4852.0,POINT (-75.56991479999999 6.2276503),105701.0,POINT (-75.5761638 6.2062773),1,126965.0,POINT (-75.560277 6.340593500000001),Casa,0,2025-07-26
274328,371745,12.0,Alfred Initial Transport,VEHICLE_TRANSPORTATION,55663.0,2025-07-26 09:24:19.749000-05:00,2025-07-26 11:29:00-05:00,2025-07-26 15:34:00-05:00,6412,,2025-07-26 09:24:19.683000-05:00,2025-07-26 11:30:00-05:00,B2B,34654.0,COMPLETED,28578.0,POINT (-73.11345413684005 7.107574257887976),55047.0,POINT (-73.080383 7.057964999999999),844,12312.0,POINT (-73.1037471 7.0910492),Apartamento,0,2025-07-26
